id,transaction_id,name,item_type_category_id,amount,quantity,confidence
bd3fa598-4d76-5f77-90bd-fa66271cf56a,3ba43187-d312-5e8a-a11d-6177b5f0ead1,"Ryobi drill bit set, 20 piece",b37366c7-b51f-5b63-95f1-e4bd96f6ad3e,59.86,1,0.72
5a858bc3-79b5-552c-aeb9-7f926a4a7b79,3ba43187-d312-5e8a-a11d-6177b5f0ead1,"Behr Premium Plus interior paint, 1 gal",b37366c7-b51f-5b63-95f1-e4bd96f6ad3e,61.04,1,0.92
a760373c-ec9b-59a1-8d3e-08a62105be85,3ba43187-d312-5e8a-a11d-6177b5f0ead1,"Husky heavy-duty storage bin, 27 gal",b37366c7-b51f-5b63-95f1-e4bd96f6ad3e,60.83,1,0.9
b9ff3b5f-7c81-5c4d-af99-084e2b3cb194,3ba43187-d312-5e8a-a11d-6177b5f0ead1,"Husky heavy-duty storage bin, 27 gal",b37366c7-b51f-5b63-95f1-e4bd96f6ad3e,73.15,2,0.86
1ca3bf6b-4bd1-5dc6-af97-7c8c26c2173d,7fe2bd37-3860-5c13-9ba1-9d0585997283,Logitech MX Master 3S wireless mouse,dfc56eef-4ac9-50ce-b4c8-81cc669c4374,67.84,3,0.87
afccacb3-0689-5f8f-a05b-f84d87d07aa2,7fe2bd37-3860-5c13-9ba1-9d0585997283,Logitech MX Master 3S wireless mouse,dfc56eef-4ac9-50ce-b4c8-81cc669c4374,124.97,1,0.91
44547b64-bdc3-5dee-8aa6-294987954fda,7fe2bd37-3860-5c13-9ba1-9d0585997283,Logitech MX Master 3S wireless mouse,dfc56eef-4ac9-50ce-b4c8-81cc669c4374,189.72,1,0.72
abdef4fc-b53c-579c-874a-c9ed1f471f24,6f300bcd-0b65-5b98-8b06-e3e0868e8d87,Half dozen assorted donuts,9f0065b4-325d-5ecd-9328-d24b02759cfc,1.97,1,0.72
b4355a0e-f198-5ec2-a475-8618c98641a1,6f300bcd-0b65-5b98-8b06-e3e0868e8d87,Half dozen assorted donuts,9f0065b4-325d-5ecd-9328-d24b02759cfc,2.73,2,0.94
175d42ff-a0bc-5bb4-b67e-ee70a8d74f12,922e63ae-92fd-5b6d-887f-14b96364bb8a,Clinique moisture surge gel cream,875ccc19-66e7-5835-86a5-73be20384685,61.01,1,0.87
17274a0f-4ed8-5a5d-8ab6-420380ef3f6f,922e63ae-92fd-5b6d-887f-14b96364bb8a,Clinique moisture surge gel cream,875ccc19-66e7-5835-86a5-73be20384685,157.79,1,0.73
26ed8104-d53b-57c2-ba51-f0960bbfaecd,f1491c3d-a6ef-538b-a79a-9fbb2197be2a,"Ryobi drill bit set, 20 piece",b37366c7-b51f-5b63-95f1-e4bd96f6ad3e,39.50,2,0.88
961fc16f-b276-5274-8d22-a0aec05b19cb,f1491c3d-a6ef-538b-a79a-9fbb2197be2a,"Miracle-Gro potting mix, 25 qt",b37366c7-b51f-5b63-95f1-e4bd96f6ad3e,42.41,3,0.83
06de9d41-bb77-57a2-909b-da0adb32de44,f1491c3d-a6ef-538b-a79a-9fbb2197be2a,"Miracle-Gro potting mix, 25 qt",b37366c7-b51f-5b63-95f1-e4bd96f6ad3e,29.93,2,0.78
f75f7164-dcaa-5e45-9b0e-b4b0f3fbb235,f1491c3d-a6ef-538b-a79a-9fbb2197be2a,"Ryobi drill bit set, 20 piece",b37366c7-b51f-5b63-95f1-e4bd96f6ad3e,38.98,3,0.85
055612e0-088f-5e30-8501-8cf9a15512ae,f1491c3d-a6ef-538b-a79a-9fbb2197be2a,"Husky heavy-duty storage bin, 27 gal",b37366c7-b51f-5b63-95f1-e4bd96f6ad3e,86.03,2,0.83
be7bcf58-2180-51fb-b7c4-5a992ac83bd2,75ad450e-6911-575f-9d8d-e8d104ced42c,"Kroger purified water, 24 pack",1f008adf-0619-503a-a18b-d7efc791afea,6.59,2,0.97
7dce88c2-b1c4-5675-8c83-751869c973e1,75ad450e-6911-575f-9d8d-e8d104ced42c,Home Chef ready-to-cook salmon meal,9f0065b4-325d-5ecd-9328-d24b02759cfc,15.26,3,0.71
f1ad1434-6ec4-52ac-a7bd-fba178e5687e,23f197c9-8121-50cb-b1c3-6d50f24e577e,Neutrogena Ultra Sheer sunscreen SPF 55,875ccc19-66e7-5835-86a5-73be20384685,4.22,2,0.78
f473a860-fa24-51d1-892b-3b32a9bf8c53,23f197c9-8121-50cb-b1c3-6d50f24e577e,Neutrogena Ultra Sheer sunscreen SPF 55,875ccc19-66e7-5835-86a5-73be20384685,6.10,3,0.7
ae6dee14-db32-5fb4-a3bd-9adf5b16d863,23f197c9-8121-50cb-b1c3-6d50f24e577e,"CVS Health ibuprofen 200mg caplets, 100 ct",b37366c7-b51f-5b63-95f1-e4bd96f6ad3e,7.95,1,0.92
d9270318-eb98-5234-a04f-1ce0c6ef65df,23f197c9-8121-50cb-b1c3-6d50f24e577e,"Colgate Optic White toothpaste, 4.2 oz",b37366c7-b51f-5b63-95f1-e4bd96f6ad3e,6.16,3,0.84
13f3b3a1-b847-5a55-9ac2-f4583c5b5c66,23f197c9-8121-50cb-b1c3-6d50f24e577e,"Band-Aid flexible fabric bandages, 30 ct",b37366c7-b51f-5b63-95f1-e4bd96f6ad3e,10.38,2,0.94
30a01930-bdc5-5c35-9f16-aec24ab0bba1,fbd6e300-fb7f-5303-afe3-48deeb2d1fd1,Bottled water and road snack,9f0065b4-325d-5ecd-9328-d24b02759cfc,7.37,1,0.76
f279749c-0658-53e6-989c-2a1c4d37d75f,fbd6e300-fb7f-5303-afe3-48deeb2d1fd1,Car wash express package,b37366c7-b51f-5b63-95f1-e4bd96f6ad3e,6.60,3,0.88
b48aa333-849e-5efe-b577-8a3d01b340e2,fbd6e300-fb7f-5303-afe3-48deeb2d1fd1,Bottled water and road snack,9f0065b4-325d-5ecd-9328-d24b02759cfc,6.90,2,0.99
95e192a4-bee7-595a-a7dd-9c865bbad03d,fbd6e300-fb7f-5303-afe3-48deeb2d1fd1,Car wash express package,b37366c7-b51f-5b63-95f1-e4bd96f6ad3e,7.46,1,0.81
8aa498eb-a545-5cb5-bdb9-e87e3077538b,fbd6e300-fb7f-5303-afe3-48deeb2d1fd1,Bottled water and road snack,9f0065b4-325d-5ecd-9328-d24b02759cfc,5.53,3,0.74
b4d38772-4165-5f8b-82e1-d43bc7f99f48,fbd6e300-fb7f-5303-afe3-48deeb2d1fd1,"Regular unleaded fuel, pump 4",b37366c7-b51f-5b63-95f1-e4bd96f6ad3e,11.45,1,0.87
c653ef7a-e589-5137-9dd2-ba6914682939,0e7f85fe-dfe2-562f-9a96-c5105f0c55d4,Iced brown sugar shaken espresso,1f008adf-0619-503a-a18b-d7efc791afea,1.37,3,0.72
10147ced-19a5-50ec-9c43-d229ac508a1f,fc98c7ab-d643-528c-b99f-ce76851a653d,"Miracle-Gro potting mix, 25 qt",b37366c7-b51f-5b63-95f1-e4bd96f6ad3e,9.13,1,0.83
85c43de0-103d-5f6d-9841-7d211d8af5b2,fc98c7ab-d643-528c-b99f-ce76851a653d,"Ryobi drill bit set, 20 piece",b37366c7-b51f-5b63-95f1-e4bd96f6ad3e,8.93,3,0.93
4f5d2e49-eab9-579e-8bb2-2fc39ce4a34c,fc98c7ab-d643-528c-b99f-ce76851a653d,"Ryobi drill bit set, 20 piece",b37366c7-b51f-5b63-95f1-e4bd96f6ad3e,8.82,1,0.99
962cc474-4ea5-5cf0-837a-43fa2ee36606,fc98c7ab-d643-528c-b99f-ce76851a653d,"Miracle-Gro potting mix, 25 qt",b37366c7-b51f-5b63-95f1-e4bd96f6ad3e,8.76,1,0.96
d4ae7084-6e42-56be-b3c0-5cb08f1b35ab,fc98c7ab-d643-528c-b99f-ce76851a653d,"Ryobi drill bit set, 20 piece",b37366c7-b51f-5b63-95f1-e4bd96f6ad3e,11.88,3,0.84
bb71fff2-62d4-5c0f-acfe-c4cfff24076e,fc98c7ab-d643-528c-b99f-ce76851a653d,"Miracle-Gro potting mix, 25 qt",b37366c7-b51f-5b63-95f1-e4bd96f6ad3e,21.80,2,1.0
98ca583d-c049-5554-8f25-ecc2e6da71a7,73023fef-d08a-5d5c-b876-0714ae9693b5,"Behr Premium Plus interior paint, 1 gal",b37366c7-b51f-5b63-95f1-e4bd96f6ad3e,27.84,2,0.99
091e9a82-9a98-536e-9ff5-f460b837ac56,73023fef-d08a-5d5c-b876-0714ae9693b5,"Behr Premium Plus interior paint, 1 gal",b37366c7-b51f-5b63-95f1-e4bd96f6ad3e,24.54,2,0.75
f2de4380-3ce6-5c08-b0f4-31f4a829b867,73023fef-d08a-5d5c-b876-0714ae9693b5,"Behr Premium Plus interior paint, 1 gal",b37366c7-b51f-5b63-95f1-e4bd96f6ad3e,19.20,1,0.8
fe8133b7-7510-5bd4-9b6b-b337192e560f,73023fef-d08a-5d5c-b876-0714ae9693b5,"Behr Premium Plus interior paint, 1 gal",b37366c7-b51f-5b63-95f1-e4bd96f6ad3e,39.91,2,0.81
f9a4ec22-5d6f-57fc-95d2-c6549cbcb2a8,75d59f7b-2c54-592d-8887-6eef7611022c,"Duracell AA batteries, 40 pack",dfc56eef-4ac9-50ce-b4c8-81cc669c4374,36.03,2,0.9
304776b6-7052-562d-9bbb-11d785c3e72a,75d59f7b-2c54-592d-8887-6eef7611022c,"Kirkland organic chicken breast, family pack",968cb096-c18d-575b-81f5-6d06a9ee3a17,39.87,1,0.83
924767a8-e25f-58ea-b0b6-a19b6a35ba82,455b4e39-05d5-5fd7-aa31-7219ad84391c,"Regular unleaded fuel, pump 4",b37366c7-b51f-5b63-95f1-e4bd96f6ad3e,14.27,3,0.92
f1c99903-b033-5466-a5fa-f6fd67906fd2,455b4e39-05d5-5fd7-aa31-7219ad84391c,Car wash express package,b37366c7-b51f-5b63-95f1-e4bd96f6ad3e,35.78,3,0.81
cb98de6e-65c1-5a5c-923b-61097b0f7555,ae9b9cc7-3b3e-5122-a8c9-b8da5983df99,"Miracle-Gro potting mix, 25 qt",b37366c7-b51f-5b63-95f1-e4bd96f6ad3e,25.95,2,0.9
52924f70-d6c8-51f1-b744-047a2f1a51af,ae9b9cc7-3b3e-5122-a8c9-b8da5983df99,"Miracle-Gro potting mix, 25 qt",b37366c7-b51f-5b63-95f1-e4bd96f6ad3e,43.27,3,0.92
a70a518e-4242-5fcf-8ca8-ae990cb5de5c,ae9b9cc7-3b3e-5122-a8c9-b8da5983df99,"Miracle-Gro potting mix, 25 qt",b37366c7-b51f-5b63-95f1-e4bd96f6ad3e,29.58,3,0.73
6f1bc6f4-1b44-5769-b088-4ee23d1de31e,ae9b9cc7-3b3e-5122-a8c9-b8da5983df99,"Miracle-Gro potting mix, 25 qt",b37366c7-b51f-5b63-95f1-e4bd96f6ad3e,43.53,2,0.71
c3934edf-1783-51e3-bf11-18119f499075,ae9b9cc7-3b3e-5122-a8c9-b8da5983df99,"Miracle-Gro potting mix, 25 qt",b37366c7-b51f-5b63-95f1-e4bd96f6ad3e,45.18,2,0.99
2a6de3d2-c78e-56d4-bf50-ba2c34038500,ae9b9cc7-3b3e-5122-a8c9-b8da5983df99,"Ryobi drill bit set, 20 piece",b37366c7-b51f-5b63-95f1-e4bd96f6ad3e,86.67,1,0.99
fc9cc1e2-e758-5d8b-b2ce-afd0b89fb4a2,ba315c36-6653-53e3-b69c-375b6a6b01f7,"Kirkland Signature paper towels, 12 rolls",b37366c7-b51f-5b63-95f1-e4bd96f6ad3e,35.75,2,0.85
a26a6f4e-79f1-5a50-af65-6317502e5005,ba315c36-6653-53e3-b69c-375b6a6b01f7,"Kirkland Signature paper towels, 12 rolls",b37366c7-b51f-5b63-95f1-e4bd96f6ad3e,49.69,3,0.93
9c9b592e-2167-5456-af03-06fdeef99e97,ba315c36-6653-53e3-b69c-375b6a6b01f7,"Tillamook cheddar cheese block, 2.5 lb",968cb096-c18d-575b-81f5-6d06a9ee3a17,48.33,2,0.84
a083971e-a2cd-50af-91b7-c407fb831b5e,ba315c36-6653-53e3-b69c-375b6a6b01f7,"Kirkland Signature paper towels, 12 rolls",b37366c7-b51f-5b63-95f1-e4bd96f6ad3e,55.22,1,1.0
ef8d9e13-c9e8-5f6d-a263-ffe908d92625,08c728f1-7d95-50e4-9e91-72494a0cf6f6,Charter Club wrinkle-resistant dress shirt,95b5aa5e-4831-5a09-8b4c-36da6ac64ad5,21.39,3,0.73
ccdd42f3-8891-5275-8889-6b133ffff2f0,08c728f1-7d95-50e4-9e91-72494a0cf6f6,Calvin Klein slim-fit chinos,95b5aa5e-4831-5a09-8b4c-36da6ac64ad5,22.92,2,0.84
7824d2aa-d21d-5f57-b8b1-988d9da0550a,08c728f1-7d95-50e4-9e91-72494a0cf6f6,Clinique moisture surge gel cream,875ccc19-66e7-5835-86a5-73be20384685,17.75,2,0.82
d78954d2-33e0-5833-b540-789ff0f783c9,08c728f1-7d95-50e4-9e91-72494a0cf6f6,Clinique moisture surge gel cream,875ccc19-66e7-5835-86a5-73be20384685,28.21,2,0.79
82a656eb-4460-51e0-9c1d-f415272d269b,08c728f1-7d95-50e4-9e91-72494a0cf6f6,Calvin Klein slim-fit chinos,95b5aa5e-4831-5a09-8b4c-36da6ac64ad5,21.85,3,0.98
17bb9136-1fb9-5759-a61a-a1b684e5fd7c,08c728f1-7d95-50e4-9e91-72494a0cf6f6,Charter Club wrinkle-resistant dress shirt,95b5aa5e-4831-5a09-8b4c-36da6ac64ad5,47.79,1,0.95
84e3906e-1cb2-59a5-9671-c0fbd4a8db09,8bf0ec2c-bee6-5945-b5e3-ba71a4960b41,"Miracle-Gro potting mix, 25 qt",b37366c7-b51f-5b63-95f1-e4bd96f6ad3e,23.00,3,0.9
c86f686a-45f2-567d-a6f9-ebad8d6b7842,8bf0ec2c-bee6-5945-b5e3-ba71a4960b41,"Miracle-Gro potting mix, 25 qt",b37366c7-b51f-5b63-95f1-e4bd96f6ad3e,24.06,3,0.72
74886cb3-91e8-5c5e-930b-ebb8e95d1b42,8bf0ec2c-bee6-5945-b5e3-ba71a4960b41,"Husky heavy-duty storage bin, 27 gal",b37366c7-b51f-5b63-95f1-e4bd96f6ad3e,32.12,1,0.93
7279ad5b-660f-51f3-8b4c-b4d4fc067833,8bf0ec2c-bee6-5945-b5e3-ba71a4960b41,"Behr Premium Plus interior paint, 1 gal",b37366c7-b51f-5b63-95f1-e4bd96f6ad3e,41.23,1,0.85
7aa0b209-076c-5824-a4ad-f1dbacf9fb66,8bf0ec2c-bee6-5945-b5e3-ba71a4960b41,"Miracle-Gro potting mix, 25 qt",b37366c7-b51f-5b63-95f1-e4bd96f6ad3e,86.67,1,0.74
f11541b4-02be-51bd-97e0-433a8580dd06,fbd7e7e3-6878-5b55-89d7-26f7e411c130,"Husky heavy-duty storage bin, 27 gal",b37366c7-b51f-5b63-95f1-e4bd96f6ad3e,13.96,2,0.93
c27c39ef-00ca-50be-9d41-10e3445dc4da,fbd7e7e3-6878-5b55-89d7-26f7e411c130,"Behr Premium Plus interior paint, 1 gal",b37366c7-b51f-5b63-95f1-e4bd96f6ad3e,8.97,3,0.85
56061c0a-45c8-5188-afa4-46976fa994b7,fbd7e7e3-6878-5b55-89d7-26f7e411c130,"Ryobi drill bit set, 20 piece",b37366c7-b51f-5b63-95f1-e4bd96f6ad3e,19.56,2,0.92
de6d8c2d-2457-5d03-93e2-e2f5dae36e2d,fbd7e7e3-6878-5b55-89d7-26f7e411c130,"Husky heavy-duty storage bin, 27 gal",b37366c7-b51f-5b63-95f1-e4bd96f6ad3e,21.49,1,0.73
dbdc974f-f975-52e8-b10e-1b7cbd247a8b,0dc9ac91-e8c6-5772-990b-2cd698e3a2a3,"Behr Premium Plus interior paint, 1 gal",b37366c7-b51f-5b63-95f1-e4bd96f6ad3e,14.71,2,0.85
5d839f34-6f63-5a25-a12e-2f41dc05f3b8,0dc9ac91-e8c6-5772-990b-2cd698e3a2a3,"Miracle-Gro potting mix, 25 qt",b37366c7-b51f-5b63-95f1-e4bd96f6ad3e,11.09,1,0.72
70cce48c-93ae-5f63-8360-ef805116c3d6,0dc9ac91-e8c6-5772-990b-2cd698e3a2a3,"Behr Premium Plus interior paint, 1 gal",b37366c7-b51f-5b63-95f1-e4bd96f6ad3e,18.18,3,0.96
8e7e5b39-a3ec-503a-8355-a6ff03aca6c4,0dc9ac91-e8c6-5772-990b-2cd698e3a2a3,"Behr Premium Plus interior paint, 1 gal",b37366c7-b51f-5b63-95f1-e4bd96f6ad3e,21.51,3,0.88
3633e1e3-73b3-5cba-bf07-c6d0bd882de8,a39a27ee-205a-589f-a096-a314445fd485,"SanDisk Extreme portable SSD, 1TB",dfc56eef-4ac9-50ce-b4c8-81cc669c4374,32.85,2,0.98
f7fa009c-2e14-5f61-b180-6e32d09ed937,a39a27ee-205a-589f-a096-a314445fd485,"SanDisk Extreme portable SSD, 1TB",dfc56eef-4ac9-50ce-b4c8-81cc669c4374,41.61,1,0.75
7c1a331a-931f-536f-910c-590b252a13a7,a39a27ee-205a-589f-a096-a314445fd485,Logitech MX Master 3S wireless mouse,dfc56eef-4ac9-50ce-b4c8-81cc669c4374,40.93,3,0.93
d9c90d10-37c1-59a6-87d8-5d12608ef62e,a39a27ee-205a-589f-a096-a314445fd485,Logitech MX Master 3S wireless mouse,dfc56eef-4ac9-50ce-b4c8-81cc669c4374,85.42,3,0.8
c154aa9d-0b40-560a-993f-bb5d3327c743,6b1a8cd8-eda6-529b-b0f1-5405c04eedbc,"CVS Health ibuprofen 200mg caplets, 100 ct",b37366c7-b51f-5b63-95f1-e4bd96f6ad3e,4.72,2,0.77
f1297538-ded8-56eb-8e95-3001052fd09e,6b1a8cd8-eda6-529b-b0f1-5405c04eedbc,"Colgate Optic White toothpaste, 4.2 oz",b37366c7-b51f-5b63-95f1-e4bd96f6ad3e,3.63,2,0.89
6ec31757-4148-5b90-8fd2-9216c99e4ad4,6b1a8cd8-eda6-529b-b0f1-5405c04eedbc,"CVS Health ibuprofen 200mg caplets, 100 ct",b37366c7-b51f-5b63-95f1-e4bd96f6ad3e,5.83,1,0.95
ded24968-14e8-5dc4-aff2-31c6b5270422,6b1a8cd8-eda6-529b-b0f1-5405c04eedbc,"CVS Health ibuprofen 200mg caplets, 100 ct",b37366c7-b51f-5b63-95f1-e4bd96f6ad3e,5.73,3,0.85
5167c6ad-89d1-5535-b971-3be50e26a312,6b1a8cd8-eda6-529b-b0f1-5405c04eedbc,"Colgate Optic White toothpaste, 4.2 oz",b37366c7-b51f-5b63-95f1-e4bd96f6ad3e,5.34,2,0.83
aaf3e4d7-4e32-57c2-aed6-3860672ba490,6b1a8cd8-eda6-529b-b0f1-5405c04eedbc,Neutrogena Ultra Sheer sunscreen SPF 55,875ccc19-66e7-5835-86a5-73be20384685,11.86,1,0.87
297b5e66-0f87-523c-9b15-901ac9e50ba7,8ed62967-13c4-5cbc-8243-4cfd264bb2b1,Charter Club wrinkle-resistant dress shirt,95b5aa5e-4831-5a09-8b4c-36da6ac64ad5,12.07,2,0.77
29ee8756-58cd-5591-86b8-e2bbd1aa9e48,8ed62967-13c4-5cbc-8243-4cfd264bb2b1,Charter Club wrinkle-resistant dress shirt,95b5aa5e-4831-5a09-8b4c-36da6ac64ad5,23.50,3,0.92
aa67b146-3c8b-5894-98dd-9e2fa069b335,58b2e584-ff71-53a0-8035-17059db3464e,"Band-Aid flexible fabric bandages, 30 ct",b37366c7-b51f-5b63-95f1-e4bd96f6ad3e,5.47,2,0.99
9da31286-940b-5a13-bb80-cb98de7b1384,58b2e584-ff71-53a0-8035-17059db3464e,"Band-Aid flexible fabric bandages, 30 ct",b37366c7-b51f-5b63-95f1-e4bd96f6ad3e,4.84,2,0.98
4082aa39-01cb-557a-bed5-49fa9b49d649,58b2e584-ff71-53a0-8035-17059db3464e,"CVS Health ibuprofen 200mg caplets, 100 ct",b37366c7-b51f-5b63-95f1-e4bd96f6ad3e,5.33,3,0.83
e1ed8592-fe92-538f-b96a-4e8dd38aacb1,58b2e584-ff71-53a0-8035-17059db3464e,"Colgate Optic White toothpaste, 4.2 oz",b37366c7-b51f-5b63-95f1-e4bd96f6ad3e,5.63,3,0.79
68f6dcfb-d8af-5644-8bb6-181843feeb1d,58b2e584-ff71-53a0-8035-17059db3464e,"CVS Health ibuprofen 200mg caplets, 100 ct",b37366c7-b51f-5b63-95f1-e4bd96f6ad3e,10.10,1,0.8
8f2d6197-2283-5aaa-9224-e35d4d951892,9c9d0d42-0cd5-5f2b-82ab-92fe27daa7f0,"Ryobi drill bit set, 20 piece",b37366c7-b51f-5b63-95f1-e4bd96f6ad3e,42.32,2,0.94
aa25b947-d0fa-5ec7-a422-f9986a61033c,9c9d0d42-0cd5-5f2b-82ab-92fe27daa7f0,"Behr Premium Plus interior paint, 1 gal",b37366c7-b51f-5b63-95f1-e4bd96f6ad3e,45.40,1,0.79
e3911efd-027a-54e9-a18a-076604da6fa3,9c9d0d42-0cd5-5f2b-82ab-92fe27daa7f0,"Miracle-Gro potting mix, 25 qt",b37366c7-b51f-5b63-95f1-e4bd96f6ad3e,65.06,3,0.82
9a1a735b-45c9-51ef-803b-2441b27f2404,9c9d0d42-0cd5-5f2b-82ab-92fe27daa7f0,"Miracle-Gro potting mix, 25 qt",b37366c7-b51f-5b63-95f1-e4bd96f6ad3e,65.09,3,0.72
b7d99cc2-89ea-53eb-8b83-7d2709a12812,4b4dc604-409d-56dd-977c-5decfcac1e9b,Chips and tomatillo salsa,9f0065b4-325d-5ecd-9328-d24b02759cfc,1.78,1,0.79
a537db76-2505-5e89-8855-d40fd37e0139,4b4dc604-409d-56dd-977c-5decfcac1e9b,Chips and tomatillo salsa,9f0065b4-325d-5ecd-9328-d24b02759cfc,2.79,2,0.99
bdba171a-1a79-554a-92a3-b063efefe86e,4b4dc604-409d-56dd-977c-5decfcac1e9b,"Steak tacos, three count",9f0065b4-325d-5ecd-9328-d24b02759cfc,1.92,3,0.87
a0816d21-155e-5eb5-9f2e-0b081278fee4,4b4dc604-409d-56dd-977c-5decfcac1e9b,"Steak tacos, three count",9f0065b4-325d-5ecd-9328-d24b02759cfc,2.73,1,0.78
5bc1cb19-4fbd-5d8c-823c-20b9eb8916c7,4b4dc604-409d-56dd-977c-5decfcac1e9b,Chicken burrito bowl with guacamole,9f0065b4-325d-5ecd-9328-d24b02759cfc,5.56,1,0.73
3a15fcd6-1795-5e31-b393-6ead30009fdf,9214a355-9970-5649-9449-d4783c654764,"Unexpected cheddar cheese, 7 oz",968cb096-c18d-575b-81f5-6d06a9ee3a17,24.42,2,0.81
78b051ae-5fc4-5fc9-970c-7b612ef48d95,9214a355-9970-5649-9449-d4783c654764,"Organic jasmine rice, 3 lb",968cb096-c18d-575b-81f5-6d06a9ee3a17,18.70,3,0.76
c59a2b76-f93a-5683-8f91-aeb583fa2b7d,9214a355-9970-5649-9449-d4783c654764,"Organic jasmine rice, 3 lb",968cb096-c18d-575b-81f5-6d06a9ee3a17,34.71,2,0.72
35aa627a-45b4-5242-a1c5-6cee57d9a4ff,f3fd3bea-0fe5-5928-a699-b78743701df2,"Miracle-Gro potting mix, 25 qt",b37366c7-b51f-5b63-95f1-e4bd96f6ad3e,17.31,3,0.92
cfa9c4c5-16e7-517a-8ac3-9ec8d7e8a4c2,f3fd3bea-0fe5-5928-a699-b78743701df2,"Ryobi drill bit set, 20 piece",b37366c7-b51f-5b63-95f1-e4bd96f6ad3e,18.22,3,0.95
5cae4c27-9586-5ddc-8160-3c61f638d304,f3fd3bea-0fe5-5928-a699-b78743701df2,"Ryobi drill bit set, 20 piece",b37366c7-b51f-5b63-95f1-e4bd96f6ad3e,23.37,2,0.94
8b369182-a2c0-584c-8682-479b34d316c2,f3fd3bea-0fe5-5928-a699-b78743701df2,"Behr Premium Plus interior paint, 1 gal",b37366c7-b51f-5b63-95f1-e4bd96f6ad3e,22.49,2,0.88
9619aa6f-de9a-5334-b9e7-f1f0950b1111,f3fd3bea-0fe5-5928-a699-b78743701df2,"Behr Premium Plus interior paint, 1 gal",b37366c7-b51f-5b63-95f1-e4bd96f6ad3e,34.20,3,0.84
6fc973c2-6a53-5689-81b7-3b3cb7ba72cd,f3fd3bea-0fe5-5928-a699-b78743701df2,"Husky heavy-duty storage bin, 27 gal",b37366c7-b51f-5b63-95f1-e4bd96f6ad3e,41.93,3,0.72
b981926c-7b15-569f-bfc9-8531f52f08e6,7d0a5b9b-071d-5fdf-afae-cb8ffc04a5b4,Grande oat milk latte,1f008adf-0619-503a-a18b-d7efc791afea,2.31,1,0.78
cd512a98-f2f5-5a21-96ac-2e83dae97882,7d0a5b9b-071d-5fdf-afae-cb8ffc04a5b4,Spinach feta breakfast wrap,9f0065b4-325d-5ecd-9328-d24b02759cfc,1.98,2,0.91
51faaf6b-cff9-5b5b-946e-f46ac1fcf52e,7d0a5b9b-071d-5fdf-afae-cb8ffc04a5b4,Spinach feta breakfast wrap,9f0065b4-325d-5ecd-9328-d24b02759cfc,3.03,2,0.84
0af6efa6-ce84-5887-9f48-3670ae7bc1e0,7d0a5b9b-071d-5fdf-afae-cb8ffc04a5b4,Iced brown sugar shaken espresso,1f008adf-0619-503a-a18b-d7efc791afea,4.15,3,0.78
581d3b04-4ea7-54a6-b7b8-4733619251ce,089ca514-524e-5655-a5bb-ee526383672c,"Organic jasmine rice, 3 lb",968cb096-c18d-575b-81f5-6d06a9ee3a17,8.28,2,0.98
1667ae04-806e-5502-85fb-5c3b0b22665d,089ca514-524e-5655-a5bb-ee526383672c,Everything but the Bagel seasoning,968cb096-c18d-575b-81f5-6d06a9ee3a17,12.70,1,0.88
e492ded1-46eb-5837-bdcf-acdf69b23dfc,089ca514-524e-5655-a5bb-ee526383672c,Everything but the Bagel seasoning,968cb096-c18d-575b-81f5-6d06a9ee3a17,12.49,1,0.9
e9de5f57-b5f2-507b-8158-35f43a6cba13,089ca514-524e-5655-a5bb-ee526383672c,Everything but the Bagel seasoning,968cb096-c18d-575b-81f5-6d06a9ee3a17,13.29,1,0.73
121042fc-2a3e-55cb-ae57-1db7d01e4337,089ca514-524e-5655-a5bb-ee526383672c,"Unexpected cheddar cheese, 7 oz",968cb096-c18d-575b-81f5-6d06a9ee3a17,21.43,3,0.84
b08ccb07-c83b-5587-949d-3440be283b96,6b25e3cb-22a5-524b-a7d1-d1d41f2c6d7c,Half dozen assorted donuts,9f0065b4-325d-5ecd-9328-d24b02759cfc,1.10,3,0.93
7fea2172-b628-56c0-805c-0401275ff4d9,6b25e3cb-22a5-524b-a7d1-d1d41f2c6d7c,Bacon egg and cheese croissant,9f0065b4-325d-5ecd-9328-d24b02759cfc,1.42,2,0.85
15c72678-b57f-578d-a08b-fb53ce428b0b,6b25e3cb-22a5-524b-a7d1-d1d41f2c6d7c,Medium iced coffee with oat milk,1f008adf-0619-503a-a18b-d7efc791afea,1.64,2,0.9
cae8a31f-a6d4-5685-b7b7-4f198d07477b,8ee87f05-ef91-55eb-bed1-ec4bb8f3dfcf,"Kirkland Signature paper towels, 12 rolls",b37366c7-b51f-5b63-95f1-e4bd96f6ad3e,6.74,3,0.74
10bf85b6-e8df-5bf9-8314-de474bcfabd2,8ee87f05-ef91-55eb-bed1-ec4bb8f3dfcf,"Duracell AA batteries, 40 pack",dfc56eef-4ac9-50ce-b4c8-81cc669c4374,5.47,3,0.85
e3a8f8ea-0ca8-540a-9efa-0ffe4ee7c961,8ee87f05-ef91-55eb-bed1-ec4bb8f3dfcf,"Kirkland sparkling water variety pack, 35 ct",1f008adf-0619-503a-a18b-d7efc791afea,9.30,2,0.91
b8b50d61-762c-5491-a952-712fd2d8dc3a,8ee87f05-ef91-55eb-bed1-ec4bb8f3dfcf,"Kirkland sparkling water variety pack, 35 ct",1f008adf-0619-503a-a18b-d7efc791afea,10.33,2,0.81
a9b00194-8c49-5a63-92bb-5765cd8cf5dc,c2b3c424-00d9-5526-96cf-c10553f2f64f,"Command picture hanging strips, medium",b37366c7-b51f-5b63-95f1-e4bd96f6ad3e,12.91,1,0.92
f867439b-e53a-503f-8eff-96bc8165103a,c2b3c424-00d9-5526-96cf-c10553f2f64f,"Sony WH-CH520 wireless headphones, black",dfc56eef-4ac9-50ce-b4c8-81cc669c4374,14.08,2,0.94
bc898119-555e-5d3a-83fe-315d752de75b,c2b3c424-00d9-5526-96cf-c10553f2f64f,"Sony WH-CH520 wireless headphones, black",dfc56eef-4ac9-50ce-b4c8-81cc669c4374,14.62,2,0.84
d20bf614-d9d5-56bf-a412-8374d019ee2f,c2b3c424-00d9-5526-96cf-c10553f2f64f,"Ninja replacement blender cups, 2-pack",b37366c7-b51f-5b63-95f1-e4bd96f6ad3e,11.61,3,0.94
7296f1d1-a642-5016-ad3d-9eae8a6556db,c2b3c424-00d9-5526-96cf-c10553f2f64f,"Ninja replacement blender cups, 2-pack",b37366c7-b51f-5b63-95f1-e4bd96f6ad3e,23.37,2,0.94
fc222b27-7b91-5123-9b45-9f25c739707d,c2b3c424-00d9-5526-96cf-c10553f2f64f,"Command picture hanging strips, medium",b37366c7-b51f-5b63-95f1-e4bd96f6ad3e,30.88,1,0.87
90a5c3bb-ffa3-57d4-8724-45bdf1744966,dc19a31e-6635-5efc-899c-e0efbd19a443,"Behr Premium Plus interior paint, 1 gal",b37366c7-b51f-5b63-95f1-e4bd96f6ad3e,26.90,1,0.76
f39fac21-42b7-5957-af65-45c8e486c749,dc19a31e-6635-5efc-899c-e0efbd19a443,"Behr Premium Plus interior paint, 1 gal",b37366c7-b51f-5b63-95f1-e4bd96f6ad3e,19.22,2,0.88
c3bf6fe3-0ad1-5e9d-9a1e-34e92e2d9b77,dc19a31e-6635-5efc-899c-e0efbd19a443,"Behr Premium Plus interior paint, 1 gal",b37366c7-b51f-5b63-95f1-e4bd96f6ad3e,34.20,1,0.92
024f99ae-c89e-5a1b-a825-a1ffbd0c5387,dc19a31e-6635-5efc-899c-e0efbd19a443,"Husky heavy-duty storage bin, 27 gal",b37366c7-b51f-5b63-95f1-e4bd96f6ad3e,30.25,3,0.77
c0f7e5be-6de8-5627-9ea3-1c90b44eac53,dc19a31e-6635-5efc-899c-e0efbd19a443,"Behr Premium Plus interior paint, 1 gal",b37366c7-b51f-5b63-95f1-e4bd96f6ad3e,56.03,1,0.85
7601bb56-a171-544a-8bb6-9e43ad42ced8,6cb5545c-c7cd-5cbd-ab7c-ef93a572f005,"Behr Premium Plus interior paint, 1 gal",b37366c7-b51f-5b63-95f1-e4bd96f6ad3e,86.32,3,1.0
9e99e88e-a767-5796-a929-6ec9645a93ac,6cb5545c-c7cd-5cbd-ab7c-ef93a572f005,"Husky heavy-duty storage bin, 27 gal",b37366c7-b51f-5b63-95f1-e4bd96f6ad3e,65.69,3,0.88
f499d117-7287-5d2f-9bb7-4d86b9e40663,6cb5545c-c7cd-5cbd-ab7c-ef93a572f005,"Husky heavy-duty storage bin, 27 gal",b37366c7-b51f-5b63-95f1-e4bd96f6ad3e,111.97,2,0.97
32c75c41-4353-5935-838c-a34dc1317631,a239ec5f-c794-5a04-86ab-4a622047d80a,"Duracell AA batteries, 40 pack",dfc56eef-4ac9-50ce-b4c8-81cc669c4374,19.88,3,0.9
4f66addf-bc35-52e8-8d1c-4f352237688b,a239ec5f-c794-5a04-86ab-4a622047d80a,"Kirkland Colombian coffee beans, 3 lb",1f008adf-0619-503a-a18b-d7efc791afea,18.57,2,0.99
8a915658-ad9f-5246-bc76-1b2966c1787c,a239ec5f-c794-5a04-86ab-4a622047d80a,"Duracell AA batteries, 40 pack",dfc56eef-4ac9-50ce-b4c8-81cc669c4374,18.81,2,0.75
e94ffe69-51bf-5fc1-bea1-c9080be16e2f,a239ec5f-c794-5a04-86ab-4a622047d80a,"Kirkland organic chicken breast, family pack",968cb096-c18d-575b-81f5-6d06a9ee3a17,21.79,1,0.92
512b32e3-4ffa-5e4e-82cc-37e641b7f8d0,a239ec5f-c794-5a04-86ab-4a622047d80a,"Tillamook cheddar cheese block, 2.5 lb",968cb096-c18d-575b-81f5-6d06a9ee3a17,18.99,3,0.99
9a4ec26d-3230-58cb-81f3-5ae2d4348a27,a239ec5f-c794-5a04-86ab-4a622047d80a,"Tillamook cheddar cheese block, 2.5 lb",968cb096-c18d-575b-81f5-6d06a9ee3a17,32.05,1,0.95
a7c25ed6-cc77-5833-bf58-a521d18babcf,91d20890-85bd-5892-81ff-91714439432c,Medium iced coffee with oat milk,1f008adf-0619-503a-a18b-d7efc791afea,1.17,1,0.89
698ce2ee-53cc-5867-993f-bfe9d4721952,91d20890-85bd-5892-81ff-91714439432c,Bacon egg and cheese croissant,9f0065b4-325d-5ecd-9328-d24b02759cfc,1.91,2,0.78
35cb0251-4ab8-5ed0-8914-63ab9dc65b28,bc3dcfab-c288-5e9f-a118-1c78d55b7ee2,Spinach feta breakfast wrap,9f0065b4-325d-5ecd-9328-d24b02759cfc,4.05,1,0.99
14f37a12-1410-5968-b63e-7e22918337d7,bc3dcfab-c288-5e9f-a118-1c78d55b7ee2,Iced brown sugar shaken espresso,1f008adf-0619-503a-a18b-d7efc791afea,9.69,1,0.93
6a501f3b-5b81-511e-a09b-9362eb94b633,7afdb502-c719-5e79-853c-dd51573cd75a,"Tide hygienic clean detergent, 92 fl oz",b37366c7-b51f-5b63-95f1-e4bd96f6ad3e,6.84,1,0.95
bf591094-8783-5246-a192-b29cdfe0ccc6,7afdb502-c719-5e79-853c-dd51573cd75a,"Mainstays bath towel, charcoal",b37366c7-b51f-5b63-95f1-e4bd96f6ad3e,10.07,3,0.82
116b3de6-46b6-53fd-8b30-2959335eb58a,7afdb502-c719-5e79-853c-dd51573cd75a,"Great Value cage-free large eggs, 18 count",968cb096-c18d-575b-81f5-6d06a9ee3a17,15.51,3,0.78
c71e6a5f-d31b-5a0f-9054-5cc5d45b0f38,7afdb502-c719-5e79-853c-dd51573cd75a,"Tide hygienic clean detergent, 92 fl oz",b37366c7-b51f-5b63-95f1-e4bd96f6ad3e,19.48,2,0.77
41280d4b-7045-501f-a7a5-806d841bc200,7d9c6d7b-8c4f-57ff-8cf2-3b1cbc83ca62,"Behr Premium Plus interior paint, 1 gal",b37366c7-b51f-5b63-95f1-e4bd96f6ad3e,47.98,3,0.88
f9b946ad-d8a3-5017-b445-10fd0ee6eede,7d9c6d7b-8c4f-57ff-8cf2-3b1cbc83ca62,"Ryobi drill bit set, 20 piece",b37366c7-b51f-5b63-95f1-e4bd96f6ad3e,93.77,2,0.7
6dd26e44-b9b0-560b-ac44-8769f8ba34b2,27496cf3-d567-5a01-8130-4c09860ac4a4,"Good & Gather organic whole milk, 1 gal",968cb096-c18d-575b-81f5-6d06a9ee3a17,9.48,2,0.78
535ee56f-27e0-5ac3-8ef6-44c46356ef66,27496cf3-d567-5a01-8130-4c09860ac4a4,LEGO Speed Champions car set,a0c8e4f4-727a-54fd-8788-686976c4a82e,9.89,2,0.88
41eed8dc-cacc-53b9-a3af-2d28bc4bdbc0,27496cf3-d567-5a01-8130-4c09860ac4a4,"Good & Gather organic whole milk, 1 gal",968cb096-c18d-575b-81f5-6d06a9ee3a17,10.67,1,0.79
da4c252c-1f62-590d-9706-3f45ee92fd29,27496cf3-d567-5a01-8130-4c09860ac4a4,"Up & Up paper towels, 6 double rolls",b37366c7-b51f-5b63-95f1-e4bd96f6ad3e,20.89,3,0.81
5a5e5ff8-b989-5ec7-b898-d0db1bb58e6a,27496cf3-d567-5a01-8130-4c09860ac4a4,"Up & Up paper towels, 6 double rolls",b37366c7-b51f-5b63-95f1-e4bd96f6ad3e,21.99,2,0.8
f2c27589-d57e-5f15-9f5a-8a8bccd9d724,7c0cf4b2-e002-5a19-8b75-a17b61bd63dd,"Behr Premium Plus interior paint, 1 gal",b37366c7-b51f-5b63-95f1-e4bd96f6ad3e,31.86,1,0.93
dde6c1d9-7fae-56bf-b4d7-7534dc540ac5,7c0cf4b2-e002-5a19-8b75-a17b61bd63dd,"Ryobi drill bit set, 20 piece",b37366c7-b51f-5b63-95f1-e4bd96f6ad3e,34.48,1,0.89
69799f00-59b0-52ef-93db-8a48cfbc6e01,7c0cf4b2-e002-5a19-8b75-a17b61bd63dd,"Miracle-Gro potting mix, 25 qt",b37366c7-b51f-5b63-95f1-e4bd96f6ad3e,22.65,2,0.99
bab98ffc-2cea-5826-b89c-c60a5115bcbf,7c0cf4b2-e002-5a19-8b75-a17b61bd63dd,"Behr Premium Plus interior paint, 1 gal",b37366c7-b51f-5b63-95f1-e4bd96f6ad3e,35.98,1,0.78
a02fbbfb-ea33-5869-a7b8-7c09a630c886,7c0cf4b2-e002-5a19-8b75-a17b61bd63dd,"Husky heavy-duty storage bin, 27 gal",b37366c7-b51f-5b63-95f1-e4bd96f6ad3e,43.40,2,0.81
77961ff2-4d8a-5963-a5b2-ffb76adf3c6e,7c0cf4b2-e002-5a19-8b75-a17b61bd63dd,"Miracle-Gro potting mix, 25 qt",b37366c7-b51f-5b63-95f1-e4bd96f6ad3e,71.52,3,0.88
c5e014f3-21b8-5720-9956-18599ccc930a,0a2a107e-1798-531c-8da2-8229600b97c0,"Miracle-Gro potting mix, 25 qt",b37366c7-b51f-5b63-95f1-e4bd96f6ad3e,99.72,2,0.72
79c29aa3-06df-5c5e-adb7-953952d248de,0a2a107e-1798-531c-8da2-8229600b97c0,"Behr Premium Plus interior paint, 1 gal",b37366c7-b51f-5b63-95f1-e4bd96f6ad3e,177.64,3,0.73
d754e0dd-018b-5212-aaea-9370bf2d41cf,76f19521-76cb-5a27-8a6f-da01df5a8af8,"Behr Premium Plus interior paint, 1 gal",b37366c7-b51f-5b63-95f1-e4bd96f6ad3e,36.98,2,0.99
d57fdcb6-5781-540a-994f-6ac1df3fc74e,76f19521-76cb-5a27-8a6f-da01df5a8af8,"Husky heavy-duty storage bin, 27 gal",b37366c7-b51f-5b63-95f1-e4bd96f6ad3e,30.59,2,0.99
99d4b15a-0354-5140-ae21-83f549d9673a,76f19521-76cb-5a27-8a6f-da01df5a8af8,"Miracle-Gro potting mix, 25 qt",b37366c7-b51f-5b63-95f1-e4bd96f6ad3e,35.01,2,0.91
5ec196aa-2a42-58df-a907-a39586177725,76f19521-76cb-5a27-8a6f-da01df5a8af8,"Miracle-Gro potting mix, 25 qt",b37366c7-b51f-5b63-95f1-e4bd96f6ad3e,58.01,3,0.95
8a8c106c-bab9-5dfd-ba1f-ef552167a7e1,c72be0f6-29a2-5c39-87e9-9bdd277c779a,"Behr Premium Plus interior paint, 1 gal",b37366c7-b51f-5b63-95f1-e4bd96f6ad3e,9.11,2,0.93
de73f7b7-a401-5662-970e-a8cf8aa4fb1d,c72be0f6-29a2-5c39-87e9-9bdd277c779a,"Ryobi drill bit set, 20 piece",b37366c7-b51f-5b63-95f1-e4bd96f6ad3e,16.25,3,0.95
27c75906-b965-54c3-a42c-031c5408001f,c72be0f6-29a2-5c39-87e9-9bdd277c779a,"Miracle-Gro potting mix, 25 qt",b37366c7-b51f-5b63-95f1-e4bd96f6ad3e,9.49,3,0.77
33451b00-c95f-57fe-972d-3143d80e97f7,c72be0f6-29a2-5c39-87e9-9bdd277c779a,"Husky heavy-duty storage bin, 27 gal",b37366c7-b51f-5b63-95f1-e4bd96f6ad3e,15.06,2,0.96
129424d9-cca4-563e-b40b-a66081926c92,c72be0f6-29a2-5c39-87e9-9bdd277c779a,"Ryobi drill bit set, 20 piece",b37366c7-b51f-5b63-95f1-e4bd96f6ad3e,12.47,2,0.96
18e503f7-704c-50d1-b369-a5f4d92b9b21,c72be0f6-29a2-5c39-87e9-9bdd277c779a,"Behr Premium Plus interior paint, 1 gal",b37366c7-b51f-5b63-95f1-e4bd96f6ad3e,35.87,2,0.96
71b27fd9-dcd3-53d1-ac9c-5e3be48d8a0c,0d688e00-bba4-55d3-b75d-5076ea286b4b,Insignia 6-outlet surge protector,dfc56eef-4ac9-50ce-b4c8-81cc669c4374,41.51,3,0.79
8cb9e772-788b-5157-b186-3a38775af233,0d688e00-bba4-55d3-b75d-5076ea286b4b,Logitech MX Master 3S wireless mouse,dfc56eef-4ac9-50ce-b4c8-81cc669c4374,44.39,1,0.99
235abd08-abd0-51c1-8dff-499f20422c4c,0d688e00-bba4-55d3-b75d-5076ea286b4b,Logitech MX Master 3S wireless mouse,dfc56eef-4ac9-50ce-b4c8-81cc669c4374,53.09,2,0.96
e31d73be-8606-5b02-aef0-da18e08e0f7d,0d688e00-bba4-55d3-b75d-5076ea286b4b,"SanDisk Extreme portable SSD, 1TB",dfc56eef-4ac9-50ce-b4c8-81cc669c4374,34.70,1,0.74
22f24a3f-4f39-5fe5-a665-56e2224f3248,0d688e00-bba4-55d3-b75d-5076ea286b4b,"SanDisk Extreme portable SSD, 1TB",dfc56eef-4ac9-50ce-b4c8-81cc669c4374,49.59,3,0.82
5b2625d7-6630-5dc0-a97b-d868b52bb722,0d688e00-bba4-55d3-b75d-5076ea286b4b,"SanDisk Extreme portable SSD, 1TB",dfc56eef-4ac9-50ce-b4c8-81cc669c4374,100.45,3,0.89
a9bdc915-8409-5067-9e09-a36ff91a6fbe,e5736144-2fd2-5baf-aae0-88a888783d56,"Ryobi drill bit set, 20 piece",b37366c7-b51f-5b63-95f1-e4bd96f6ad3e,2.85,1,0.9
e0de281d-65e7-51e6-aa43-f1c1ec1a810f,e5736144-2fd2-5baf-aae0-88a888783d56,"Ryobi drill bit set, 20 piece",b37366c7-b51f-5b63-95f1-e4bd96f6ad3e,3.50,3,0.97
84f5498d-d3b0-5111-b4a8-119aa2298c2e,e5736144-2fd2-5baf-aae0-88a888783d56,"Miracle-Gro potting mix, 25 qt",b37366c7-b51f-5b63-95f1-e4bd96f6ad3e,3.87,3,0.79
915de435-8632-5be0-9146-06a7c5891599,e5736144-2fd2-5baf-aae0-88a888783d56,"Husky heavy-duty storage bin, 27 gal",b37366c7-b51f-5b63-95f1-e4bd96f6ad3e,9.42,2,0.9
ce78b204-4a95-5bf7-a8dd-646c4b6821ec,7daef2e2-a824-599e-95ff-feab2dd67d53,Quarter Pounder meal,9f0065b4-325d-5ecd-9328-d24b02759cfc,4.41,1,0.79
5f7e7006-1eef-51d0-9ad2-8ff1b228c251,7daef2e2-a824-599e-95ff-feab2dd67d53,McCafe medium latte,1f008adf-0619-503a-a18b-d7efc791afea,5.78,1,0.81
c00080a6-c958-54f7-9acf-cf31fa7e7f6e,6e5514cd-3522-51f9-83c6-34843e6cca25,"Good & Gather organic whole milk, 1 gal",968cb096-c18d-575b-81f5-6d06a9ee3a17,3.17,1,0.93
42b5c9f6-6f91-57ab-a40d-e54ebfbb03d8,6e5514cd-3522-51f9-83c6-34843e6cca25,"Threshold cotton sheet set, queen",b37366c7-b51f-5b63-95f1-e4bd96f6ad3e,5.71,2,0.99
8e0ec847-8666-55da-8ab3-15cb7f64f203,6e5514cd-3522-51f9-83c6-34843e6cca25,"Up & Up paper towels, 6 double rolls",b37366c7-b51f-5b63-95f1-e4bd96f6ad3e,8.65,1,0.77
b29f7b68-1ac0-551c-abbf-c464542de004,881f9beb-7160-565c-a825-1e573a752f5a,Private Selection sourdough bread,9f0065b4-325d-5ecd-9328-d24b02759cfc,44.88,2,0.88
f2750c10-b951-560d-8fc1-4e881eb85c91,881f9beb-7160-565c-a825-1e573a752f5a,Private Selection sourdough bread,9f0065b4-325d-5ecd-9328-d24b02759cfc,48.40,2,0.9
692bd5c3-6f12-51ef-9d8d-c4b6a0c4ad0d,68af1b8c-023b-5f4d-a703-f21e9db2b3aa,Chicken burrito bowl with guacamole,9f0065b4-325d-5ecd-9328-d24b02759cfc,2.15,1,0.92
a5e9fce1-ee66-54ef-b45c-b5f642155e92,68af1b8c-023b-5f4d-a703-f21e9db2b3aa,Chicken burrito bowl with guacamole,9f0065b4-325d-5ecd-9328-d24b02759cfc,1.33,1,0.71
cce5395f-4da4-5ae2-980e-abc299b4342d,68af1b8c-023b-5f4d-a703-f21e9db2b3aa,Chicken burrito bowl with guacamole,9f0065b4-325d-5ecd-9328-d24b02759cfc,2.03,1,0.98
6d637fb5-d1b5-5dbe-8973-faf6b53760cf,68af1b8c-023b-5f4d-a703-f21e9db2b3aa,Chips and tomatillo salsa,9f0065b4-325d-5ecd-9328-d24b02759cfc,3.06,3,0.92
c827371a-53fb-5369-bb2c-57ec78d09267,68af1b8c-023b-5f4d-a703-f21e9db2b3aa,"Steak tacos, three count",9f0065b4-325d-5ecd-9328-d24b02759cfc,2.43,1,0.82
2c528fab-b138-5fc1-9c40-a58ba30ca9c7,68af1b8c-023b-5f4d-a703-f21e9db2b3aa,Chips and tomatillo salsa,9f0065b4-325d-5ecd-9328-d24b02759cfc,4.41,2,0.78
db863bb5-4ee2-5ba5-91f3-a3d3fbd4d56e,3f8e6144-3dc8-5066-ab5d-e175fed01061,"Miracle-Gro potting mix, 25 qt",b37366c7-b51f-5b63-95f1-e4bd96f6ad3e,62.50,2,0.82
72598166-eb88-5173-b26a-2d1bfad0baf5,3f8e6144-3dc8-5066-ab5d-e175fed01061,"Ryobi drill bit set, 20 piece",b37366c7-b51f-5b63-95f1-e4bd96f6ad3e,152.21,1,0.84
1d43327c-1206-5d3e-b91c-318901dc5475,686a3979-433e-5404-91b4-bc5e28a95fe1,"Sony WH-CH520 wireless headphones, black",dfc56eef-4ac9-50ce-b4c8-81cc669c4374,34.15,1,0.89
d98a2e0e-4872-5ede-a710-f6fc40d6c234,686a3979-433e-5404-91b4-bc5e28a95fe1,"Anker 20W USB-C fast charger, white",dfc56eef-4ac9-50ce-b4c8-81cc669c4374,40.82,2,0.93
95542def-2edb-5afd-be14-fa7ec3a4964d,686a3979-433e-5404-91b4-bc5e28a95fe1,Kindle ebook: personal finance workbook,a9848b00-9c7c-507a-b1f6-7ae28230a56b,49.78,2,0.86
09c75895-63b3-5d27-9e88-90d1def2ed5f,7374710d-52db-5e2f-8b7f-52665a3f0bb0,"Command picture hanging strips, medium",b37366c7-b51f-5b63-95f1-e4bd96f6ad3e,18.45,3,0.92
026c0bf2-ad55-5289-820b-5a86ceeec7e3,7374710d-52db-5e2f-8b7f-52665a3f0bb0,Kindle ebook: personal finance workbook,a9848b00-9c7c-507a-b1f6-7ae28230a56b,22.06,2,0.7
41baa6d8-9d3b-510b-a68d-9101a91d96d5,d091e14f-c2ca-5ad6-b541-4edc22dab481,"Sony WH-CH520 wireless headphones, black",dfc56eef-4ac9-50ce-b4c8-81cc669c4374,66.51,3,0.93
4d7bc798-39a2-57cd-a5c1-8f49ab2c865e,d091e14f-c2ca-5ad6-b541-4edc22dab481,"Amazon Basics braided HDMI cable, 6 ft",dfc56eef-4ac9-50ce-b4c8-81cc669c4374,78.97,1,0.84
1f8c33a7-a486-5dc2-81c0-6f4553ea2d5e,9025f501-8de3-586d-89da-f501e1926da5,"Behr Premium Plus interior paint, 1 gal",b37366c7-b51f-5b63-95f1-e4bd96f6ad3e,16.52,2,0.95
f7985557-6e93-5d20-92be-8d52feb4b04f,9025f501-8de3-586d-89da-f501e1926da5,"Miracle-Gro potting mix, 25 qt",b37366c7-b51f-5b63-95f1-e4bd96f6ad3e,31.18,1,0.73
0044f9d6-057c-56d9-af44-bcbc2eab4dba,9025f501-8de3-586d-89da-f501e1926da5,"Ryobi drill bit set, 20 piece",b37366c7-b51f-5b63-95f1-e4bd96f6ad3e,25.33,1,0.84
073fcd19-fb40-52ed-a537-5209900e97f8,9025f501-8de3-586d-89da-f501e1926da5,"Behr Premium Plus interior paint, 1 gal",b37366c7-b51f-5b63-95f1-e4bd96f6ad3e,58.61,2,0.94
e06af2ae-6605-5079-be52-bcaa800c50c5,303bc612-a3ff-540e-b708-983e84d4b5ae,"Behr Premium Plus interior paint, 1 gal",b37366c7-b51f-5b63-95f1-e4bd96f6ad3e,55.49,3,0.87
30caa12e-bc9f-5bb3-8302-945ec9bd42fa,303bc612-a3ff-540e-b708-983e84d4b5ae,"Husky heavy-duty storage bin, 27 gal",b37366c7-b51f-5b63-95f1-e4bd96f6ad3e,44.78,1,0.98
119e7f2c-c622-5e4b-b70b-8a6fedd26e90,303bc612-a3ff-540e-b708-983e84d4b5ae,"Husky heavy-duty storage bin, 27 gal",b37366c7-b51f-5b63-95f1-e4bd96f6ad3e,46.22,1,0.94
c5718dd0-909b-5833-9e4d-0c5cec03d4e8,303bc612-a3ff-540e-b708-983e84d4b5ae,"Miracle-Gro potting mix, 25 qt",b37366c7-b51f-5b63-95f1-e4bd96f6ad3e,40.87,1,1.0
ab96cc57-7fc0-5336-b8be-1d47c26f3dfe,303bc612-a3ff-540e-b708-983e84d4b5ae,"Miracle-Gro potting mix, 25 qt",b37366c7-b51f-5b63-95f1-e4bd96f6ad3e,104.29,1,1.0
512f6dfb-50a7-5e23-98bc-1cb378593eb2,21d59307-2e5e-51c6-ad40-9a8a13fbd111,"Behr Premium Plus interior paint, 1 gal",b37366c7-b51f-5b63-95f1-e4bd96f6ad3e,6.00,1,0.74
da8599e6-a2c3-56ca-bf6d-56ca908a2a33,21d59307-2e5e-51c6-ad40-9a8a13fbd111,"Miracle-Gro potting mix, 25 qt",b37366c7-b51f-5b63-95f1-e4bd96f6ad3e,6.60,2,0.78
9cb4ed4d-30de-5384-9688-e87a19201534,21d59307-2e5e-51c6-ad40-9a8a13fbd111,"Behr Premium Plus interior paint, 1 gal",b37366c7-b51f-5b63-95f1-e4bd96f6ad3e,4.76,1,0.83
83b0a8fd-3176-59d3-9de0-8b332d377db4,21d59307-2e5e-51c6-ad40-9a8a13fbd111,"Miracle-Gro potting mix, 25 qt",b37366c7-b51f-5b63-95f1-e4bd96f6ad3e,8.69,3,0.85
98b3a8b3-9838-5328-8888-abb2490a4913,68b6ff53-d811-5218-afda-c59353fc933d,"Ryobi drill bit set, 20 piece",b37366c7-b51f-5b63-95f1-e4bd96f6ad3e,22.09,2,0.95
e47c0009-1677-5be6-b8f7-83a04686125c,68b6ff53-d811-5218-afda-c59353fc933d,"Behr Premium Plus interior paint, 1 gal",b37366c7-b51f-5b63-95f1-e4bd96f6ad3e,20.46,3,0.71
6ec758f8-706c-530d-ab66-7bef15a1dbec,68b6ff53-d811-5218-afda-c59353fc933d,"Miracle-Gro potting mix, 25 qt",b37366c7-b51f-5b63-95f1-e4bd96f6ad3e,20.97,1,0.99
55b19731-0b02-5cb6-b688-77648532c6f0,68b6ff53-d811-5218-afda-c59353fc933d,"Miracle-Gro potting mix, 25 qt",b37366c7-b51f-5b63-95f1-e4bd96f6ad3e,40.15,3,0.87
601ddb96-95d2-5160-8d1c-f45240492300,5e313ff9-93aa-55c2-b4d1-09c811d6c92e,"Steak tacos, three count",9f0065b4-325d-5ecd-9328-d24b02759cfc,3.09,2,0.9
4273cd66-39e9-5595-ab54-e8361ba758b7,5e313ff9-93aa-55c2-b4d1-09c811d6c92e,Chips and tomatillo salsa,9f0065b4-325d-5ecd-9328-d24b02759cfc,3.90,2,0.76
e7d82526-348e-59db-b08c-6f6facf364de,5e313ff9-93aa-55c2-b4d1-09c811d6c92e,Chicken burrito bowl with guacamole,9f0065b4-325d-5ecd-9328-d24b02759cfc,3.07,1,0.94
b05299e9-8447-54c3-a199-654884099af1,5e313ff9-93aa-55c2-b4d1-09c811d6c92e,Chips and tomatillo salsa,9f0065b4-325d-5ecd-9328-d24b02759cfc,5.03,2,0.9
3d4a4fb8-6d25-5f8b-8c29-d64208101c39,2c8f62a3-82d1-5ac1-8382-82f1a6787524,Spinach feta breakfast wrap,9f0065b4-325d-5ecd-9328-d24b02759cfc,2.12,1,0.79
f36783e6-1ba1-5a3a-90aa-7e68e2ced832,2c8f62a3-82d1-5ac1-8382-82f1a6787524,Grande oat milk latte,1f008adf-0619-503a-a18b-d7efc791afea,1.94,2,0.8
38651b06-0f90-5d14-85ec-28e34e456adb,2c8f62a3-82d1-5ac1-8382-82f1a6787524,Spinach feta breakfast wrap,9f0065b4-325d-5ecd-9328-d24b02759cfc,2.32,3,0.72
0e8c3704-609d-5e18-bc70-77b2f1f145f8,2c8f62a3-82d1-5ac1-8382-82f1a6787524,Grande oat milk latte,1f008adf-0619-503a-a18b-d7efc791afea,1.70,1,0.87
02bf13ab-4572-54eb-8507-ec58e1677ba1,2c8f62a3-82d1-5ac1-8382-82f1a6787524,Grande oat milk latte,1f008adf-0619-503a-a18b-d7efc791afea,1.54,1,0.88
0879e0b1-2cd1-5b02-b7e0-2ae1b823ec54,2c8f62a3-82d1-5ac1-8382-82f1a6787524,Iced brown sugar shaken espresso,1f008adf-0619-503a-a18b-d7efc791afea,3.79,2,0.82
61f1860f-2191-5a3f-88f0-47d811377da6,4bfdbd97-e71a-533a-844c-dfbd3ff7f092,"Ryobi drill bit set, 20 piece",b37366c7-b51f-5b63-95f1-e4bd96f6ad3e,98.84,1,0.72
c57f8cdd-c27f-5dfb-abd8-1e104ce42418,4bfdbd97-e71a-533a-844c-dfbd3ff7f092,"Behr Premium Plus interior paint, 1 gal",b37366c7-b51f-5b63-95f1-e4bd96f6ad3e,186.93,2,0.98
142bf20f-1d49-5efc-9543-f08ed9cedae0,ba8a9692-7c48-59b5-b1a6-627d148ad8e2,"Behr Premium Plus interior paint, 1 gal",b37366c7-b51f-5b63-95f1-e4bd96f6ad3e,40.11,2,0.96
ebbd9e0f-3a44-5af8-b0ba-4cfe4fe5b1db,ba8a9692-7c48-59b5-b1a6-627d148ad8e2,"Ryobi drill bit set, 20 piece",b37366c7-b51f-5b63-95f1-e4bd96f6ad3e,77.28,3,0.89
e0130bfa-e99d-5d10-ba1d-f3f9bbf2d35b,204bded0-26c6-5cad-b318-9c6dc0456ee7,Clinique moisture surge gel cream,875ccc19-66e7-5835-86a5-73be20384685,28.60,2,0.92
0cbee912-2a99-55ec-8fb1-c68c89b69b5b,204bded0-26c6-5cad-b318-9c6dc0456ee7,Charter Club wrinkle-resistant dress shirt,95b5aa5e-4831-5a09-8b4c-36da6ac64ad5,25.48,1,0.96
402d4b3a-4cff-5ff1-b2a1-b2f17ee07727,204bded0-26c6-5cad-b318-9c6dc0456ee7,Calvin Klein slim-fit chinos,95b5aa5e-4831-5a09-8b4c-36da6ac64ad5,47.46,2,0.81
a452fb58-6508-53f8-bcf3-52b1ff1942b5,204bded0-26c6-5cad-b318-9c6dc0456ee7,Hotel Collection bath robe,95b5aa5e-4831-5a09-8b4c-36da6ac64ad5,66.66,3,0.78
940fe4b0-9e6d-5660-8094-1ea54429d62c,d9d52f25-2436-534b-af64-7540ae0e00dc,"Organic jasmine rice, 3 lb",968cb096-c18d-575b-81f5-6d06a9ee3a17,4.04,3,0.83
6cac2e34-56c6-580a-ad08-17f4b6eebb19,d9d52f25-2436-534b-af64-7540ae0e00dc,"Unexpected cheddar cheese, 7 oz",968cb096-c18d-575b-81f5-6d06a9ee3a17,4.61,3,0.71
4f612aa1-96ed-5de6-8fda-d8c7deb4623b,d9d52f25-2436-534b-af64-7540ae0e00dc,Everything but the Bagel seasoning,968cb096-c18d-575b-81f5-6d06a9ee3a17,5.06,2,0.98
865aaff8-af2b-5b36-bfda-79c16d7ab5e7,d9d52f25-2436-534b-af64-7540ae0e00dc,Cold brew coffee concentrate,1f008adf-0619-503a-a18b-d7efc791afea,3.52,2,0.71
4dc0df58-6f34-5470-8ee3-fa61ed5adaa7,d9d52f25-2436-534b-af64-7540ae0e00dc,"Unexpected cheddar cheese, 7 oz",968cb096-c18d-575b-81f5-6d06a9ee3a17,4.87,1,0.91
297ca846-2b3a-5178-845d-c08d7cb1d0fc,d9d52f25-2436-534b-af64-7540ae0e00dc,"Organic jasmine rice, 3 lb",968cb096-c18d-575b-81f5-6d06a9ee3a17,10.57,3,0.87
c8e13319-029a-57b3-9d63-7e069dff9fa8,65e7e2a6-6bdc-5632-beb8-410f44200dc2,"SanDisk Extreme portable SSD, 1TB",dfc56eef-4ac9-50ce-b4c8-81cc669c4374,6.06,3,0.89
89d9a9be-3123-59b5-8c11-8bd05fb2e151,65e7e2a6-6bdc-5632-beb8-410f44200dc2,"SanDisk Extreme portable SSD, 1TB",dfc56eef-4ac9-50ce-b4c8-81cc669c4374,9.39,1,0.84
66cd406f-d645-59e3-b0d7-cd0ef826c830,65e7e2a6-6bdc-5632-beb8-410f44200dc2,"Apple AirTag, single pack",dfc56eef-4ac9-50ce-b4c8-81cc669c4374,13.84,1,0.96
f09f4cb4-1c19-5328-8843-02b68eb8715c,65e7e2a6-6bdc-5632-beb8-410f44200dc2,"Apple AirTag, single pack",dfc56eef-4ac9-50ce-b4c8-81cc669c4374,16.90,2,0.74
c67f4c05-644c-56af-834c-1084c4b156d7,4451db17-5966-579c-99e4-d783f06fcebc,Half dozen assorted donuts,9f0065b4-325d-5ecd-9328-d24b02759cfc,1.30,3,0.82
66fe4c3d-1ddc-5e64-9851-d0d7a4f555ab,4451db17-5966-579c-99e4-d783f06fcebc,Bacon egg and cheese croissant,9f0065b4-325d-5ecd-9328-d24b02759cfc,1.55,3,0.76
49286793-a106-51b0-9a26-942e99369037,04f2b277-d2ae-5b6b-9287-79b46dedddf6,"Behr Premium Plus interior paint, 1 gal",b37366c7-b51f-5b63-95f1-e4bd96f6ad3e,22.02,3,0.98
5852a121-3b83-553a-8dad-5d7aab746dee,04f2b277-d2ae-5b6b-9287-79b46dedddf6,"Miracle-Gro potting mix, 25 qt",b37366c7-b51f-5b63-95f1-e4bd96f6ad3e,45.34,3,0.93
d06c659c-71c1-52db-81b9-5cfea67ec385,04f2b277-d2ae-5b6b-9287-79b46dedddf6,"Husky heavy-duty storage bin, 27 gal",b37366c7-b51f-5b63-95f1-e4bd96f6ad3e,48.37,3,0.94
91b49f5a-4aa4-548c-b53d-77e776700374,04f2b277-d2ae-5b6b-9287-79b46dedddf6,"Ryobi drill bit set, 20 piece",b37366c7-b51f-5b63-95f1-e4bd96f6ad3e,28.57,3,0.96
db50d932-8a87-5a65-8f22-a2bad0d7c6bb,04f2b277-d2ae-5b6b-9287-79b46dedddf6,"Miracle-Gro potting mix, 25 qt",b37366c7-b51f-5b63-95f1-e4bd96f6ad3e,74.98,3,0.97
bc34664c-68ad-5b3e-a758-c0ec822525f9,ebf2f4d7-3e2a-5834-81bc-1b3c6168c84b,"Olay Regenerist face moisturizer, 1.7 oz",875ccc19-66e7-5835-86a5-73be20384685,11.83,1,0.71
d48fbd40-0ae6-59ce-bb07-2744b1a15c13,ebf2f4d7-3e2a-5834-81bc-1b3c6168c84b,LEGO Speed Champions car set,a0c8e4f4-727a-54fd-8788-686976c4a82e,7.67,1,0.76
595217b1-01a1-5701-8139-6de970180a7d,ebf2f4d7-3e2a-5834-81bc-1b3c6168c84b,Cat & Jack kids graphic t-shirt,95b5aa5e-4831-5a09-8b4c-36da6ac64ad5,13.40,2,0.91
4d91f41e-f3ce-50c2-8852-d45a2ae631d9,ebf2f4d7-3e2a-5834-81bc-1b3c6168c84b,"Good & Gather organic whole milk, 1 gal",968cb096-c18d-575b-81f5-6d06a9ee3a17,9.32,3,0.94
202b4814-fc1b-5a38-9f5a-5f0bc2099401,ebf2f4d7-3e2a-5834-81bc-1b3c6168c84b,Cat & Jack kids graphic t-shirt,95b5aa5e-4831-5a09-8b4c-36da6ac64ad5,23.21,3,0.71
dfb371fb-78ac-57d6-a634-24f11804ac06,941e78dc-7855-5d7b-a99d-e031a9271f3e,"Olay Regenerist face moisturizer, 1.7 oz",875ccc19-66e7-5835-86a5-73be20384685,10.84,3,0.82
5a6288b4-c013-54d7-a8d6-56533467cd3c,941e78dc-7855-5d7b-a99d-e031a9271f3e,Cat & Jack kids graphic t-shirt,95b5aa5e-4831-5a09-8b4c-36da6ac64ad5,13.67,3,0.8
1ec2a518-ea36-5063-b3ee-801d8a197096,941e78dc-7855-5d7b-a99d-e031a9271f3e,Cat & Jack kids graphic t-shirt,95b5aa5e-4831-5a09-8b4c-36da6ac64ad5,14.91,3,0.86
ea40fda7-2ac5-5bdc-8811-8414e7d35335,941e78dc-7855-5d7b-a99d-e031a9271f3e,LEGO Speed Champions car set,a0c8e4f4-727a-54fd-8788-686976c4a82e,24.20,1,0.73
90097b0a-269d-50de-a002-958d3705abd3,941e78dc-7855-5d7b-a99d-e031a9271f3e,Cat & Jack kids graphic t-shirt,95b5aa5e-4831-5a09-8b4c-36da6ac64ad5,16.33,3,0.88
f4988935-9734-5395-ab85-37ea7ac84cf5,941e78dc-7855-5d7b-a99d-e031a9271f3e,"Olay Regenerist face moisturizer, 1.7 oz",875ccc19-66e7-5835-86a5-73be20384685,32.20,1,0.99
5224348f-b12d-5a3b-8249-28866810fec5,d2bda96e-8e7f-55d8-927a-78cf5b035ce6,Grande oat milk latte,1f008adf-0619-503a-a18b-d7efc791afea,1.35,3,0.7
f179fc62-ff47-594d-b650-26ae9304f6bc,d2bda96e-8e7f-55d8-927a-78cf5b035ce6,Iced brown sugar shaken espresso,1f008adf-0619-503a-a18b-d7efc791afea,2.53,3,0.72
83f22cb6-8774-5b0c-b28f-24c5cb321566,340c009d-610d-5080-bcbe-b58b9538ba8b,"Miracle-Gro potting mix, 25 qt",b37366c7-b51f-5b63-95f1-e4bd96f6ad3e,17.37,3,0.93
7880cfbb-8339-5f55-b215-254856dfe931,340c009d-610d-5080-bcbe-b58b9538ba8b,"Husky heavy-duty storage bin, 27 gal",b37366c7-b51f-5b63-95f1-e4bd96f6ad3e,16.54,3,0.92
0a0dbce3-20be-5345-ad55-5c78bd88f800,340c009d-610d-5080-bcbe-b58b9538ba8b,"Miracle-Gro potting mix, 25 qt",b37366c7-b51f-5b63-95f1-e4bd96f6ad3e,18.11,3,0.85
4af9a5f7-81cc-576f-b71a-483265a18a17,340c009d-610d-5080-bcbe-b58b9538ba8b,"Miracle-Gro potting mix, 25 qt",b37366c7-b51f-5b63-95f1-e4bd96f6ad3e,38.00,2,0.85
8cfe1b2a-9329-57f1-ba80-9a9473d8cc14,3f9fc344-5fa7-5dbf-b34e-eb6c44e82cb0,"Colgate Optic White toothpaste, 4.2 oz",b37366c7-b51f-5b63-95f1-e4bd96f6ad3e,9.25,1,0.78
e6db724f-a465-5af3-a3c0-8defd512e0e7,3f9fc344-5fa7-5dbf-b34e-eb6c44e82cb0,"Colgate Optic White toothpaste, 4.2 oz",b37366c7-b51f-5b63-95f1-e4bd96f6ad3e,6.86,3,0.97
b6f9fe9b-3298-5eaa-84fb-d3b2048dbdc7,3f9fc344-5fa7-5dbf-b34e-eb6c44e82cb0,Neutrogena Ultra Sheer sunscreen SPF 55,875ccc19-66e7-5835-86a5-73be20384685,15.39,2,0.84
13d4a414-be5e-5868-958c-1347b5d5aafb,490e27ae-9648-52e2-95fe-719253692bbc,"Miracle-Gro potting mix, 25 qt",b37366c7-b51f-5b63-95f1-e4bd96f6ad3e,18.78,3,0.81
3f14fd3d-d6d1-5cdc-b5c1-3545e1246f33,490e27ae-9648-52e2-95fe-719253692bbc,"Miracle-Gro potting mix, 25 qt",b37366c7-b51f-5b63-95f1-e4bd96f6ad3e,20.53,1,0.82
b17ff36c-286b-5f2d-8cbd-bd28da36d6f5,490e27ae-9648-52e2-95fe-719253692bbc,"Miracle-Gro potting mix, 25 qt",b37366c7-b51f-5b63-95f1-e4bd96f6ad3e,31.31,1,0.81
f6a51dbd-063a-59de-993c-48c388a4d29b,490e27ae-9648-52e2-95fe-719253692bbc,"Ryobi drill bit set, 20 piece",b37366c7-b51f-5b63-95f1-e4bd96f6ad3e,28.28,2,0.87
3cb47164-57ee-5b25-accb-a4abb79263ba,490e27ae-9648-52e2-95fe-719253692bbc,"Miracle-Gro potting mix, 25 qt",b37366c7-b51f-5b63-95f1-e4bd96f6ad3e,35.85,3,0.74
8cedc645-24af-53bd-9211-b8014bbc7133,490e27ae-9648-52e2-95fe-719253692bbc,"Behr Premium Plus interior paint, 1 gal",b37366c7-b51f-5b63-95f1-e4bd96f6ad3e,44.98,3,0.77
4fb676d7-eff4-5b85-a4c3-567de44b2cf1,fbd3a987-70fc-5deb-aa7e-b49a5049cea8,"Husky heavy-duty storage bin, 27 gal",b37366c7-b51f-5b63-95f1-e4bd96f6ad3e,26.75,3,0.7
cdb79edb-24e7-53ab-84b0-4723ed6842fb,fbd3a987-70fc-5deb-aa7e-b49a5049cea8,"Behr Premium Plus interior paint, 1 gal",b37366c7-b51f-5b63-95f1-e4bd96f6ad3e,34.83,3,0.79
a56eabf0-1fa4-5b1e-9c09-8a4e3781af76,fbd3a987-70fc-5deb-aa7e-b49a5049cea8,"Ryobi drill bit set, 20 piece",b37366c7-b51f-5b63-95f1-e4bd96f6ad3e,39.26,2,0.99
a664a90d-5d3e-5ad3-8bbd-3b28095970df,fbd3a987-70fc-5deb-aa7e-b49a5049cea8,"Husky heavy-duty storage bin, 27 gal",b37366c7-b51f-5b63-95f1-e4bd96f6ad3e,28.56,2,0.98
d07a4729-155f-5d38-8c2c-0a0b14340d42,fbd3a987-70fc-5deb-aa7e-b49a5049cea8,"Behr Premium Plus interior paint, 1 gal",b37366c7-b51f-5b63-95f1-e4bd96f6ad3e,60.93,2,0.75
277d25f5-b883-5f10-ba27-b990c2c108dc,e5c9597d-aa09-52ff-b75b-926fc18e3e18,"Ryobi drill bit set, 20 piece",b37366c7-b51f-5b63-95f1-e4bd96f6ad3e,34.80,1,0.87
90c6f215-c5d2-5792-9f0c-acc50e519edf,e5c9597d-aa09-52ff-b75b-926fc18e3e18,"Ryobi drill bit set, 20 piece",b37366c7-b51f-5b63-95f1-e4bd96f6ad3e,25.50,2,0.77
2aa5708d-a6f7-5096-8bcb-b37608195597,e5c9597d-aa09-52ff-b75b-926fc18e3e18,"Husky heavy-duty storage bin, 27 gal",b37366c7-b51f-5b63-95f1-e4bd96f6ad3e,38.72,3,0.9
4b88cb2e-100c-5cf5-8d89-9985dd3a15f0,e5c9597d-aa09-52ff-b75b-926fc18e3e18,"Miracle-Gro potting mix, 25 qt",b37366c7-b51f-5b63-95f1-e4bd96f6ad3e,52.00,3,0.76
17938506-fc85-5df6-8a3c-3a9c4cdb69cf,e5c9597d-aa09-52ff-b75b-926fc18e3e18,"Husky heavy-duty storage bin, 27 gal",b37366c7-b51f-5b63-95f1-e4bd96f6ad3e,56.90,2,0.76
60244f69-274c-576d-88e7-935b70cd0a9d,3b009770-0dd9-5dc4-916d-9fdfdb799f57,"Miracle-Gro potting mix, 25 qt",b37366c7-b51f-5b63-95f1-e4bd96f6ad3e,36.91,1,1.0
386e2f3f-7517-5b57-b4a6-5e2f00612169,3b009770-0dd9-5dc4-916d-9fdfdb799f57,"Ryobi drill bit set, 20 piece",b37366c7-b51f-5b63-95f1-e4bd96f6ad3e,38.34,2,0.77
ea3c428b-6855-51cf-add9-f844996dc5d4,3b009770-0dd9-5dc4-916d-9fdfdb799f57,"Behr Premium Plus interior paint, 1 gal",b37366c7-b51f-5b63-95f1-e4bd96f6ad3e,31.88,3,0.94
72647378-e863-5820-b72d-3c26a79fd2d3,3b009770-0dd9-5dc4-916d-9fdfdb799f57,"Behr Premium Plus interior paint, 1 gal",b37366c7-b51f-5b63-95f1-e4bd96f6ad3e,32.00,3,0.8
45d91af1-0c4e-5e41-a613-9701b45d232f,3b009770-0dd9-5dc4-916d-9fdfdb799f57,"Husky heavy-duty storage bin, 27 gal",b37366c7-b51f-5b63-95f1-e4bd96f6ad3e,45.52,2,0.99
e81ce44e-503f-583e-8651-bd400412dccd,3b009770-0dd9-5dc4-916d-9fdfdb799f57,"Miracle-Gro potting mix, 25 qt",b37366c7-b51f-5b63-95f1-e4bd96f6ad3e,52.35,2,0.91
5058045f-dbb5-558b-a583-a39b488f81cb,a7944574-6935-5e0a-876b-ac882ba49d41,Car wash express package,b37366c7-b51f-5b63-95f1-e4bd96f6ad3e,12.31,1,1.0
e8e1788d-90e0-52dd-bff1-c7c974c669c7,a7944574-6935-5e0a-876b-ac882ba49d41,Bottled water and road snack,9f0065b4-325d-5ecd-9328-d24b02759cfc,29.55,3,0.86
b9586ef5-8c80-52d1-bf29-622d017f4e05,365bb7b6-e04d-54da-bf69-af62b1011389,Spinach feta breakfast wrap,9f0065b4-325d-5ecd-9328-d24b02759cfc,1.01,2,0.71
204e9096-78ab-5cdc-ba15-c01b4fbabc65,365bb7b6-e04d-54da-bf69-af62b1011389,Iced brown sugar shaken espresso,1f008adf-0619-503a-a18b-d7efc791afea,1.40,1,0.87
d7eebd0e-0473-5f7c-a1e8-2dd31c0083dc,365bb7b6-e04d-54da-bf69-af62b1011389,Iced brown sugar shaken espresso,1f008adf-0619-503a-a18b-d7efc791afea,1.27,1,0.99
59617b23-ff8b-5c32-9787-126304487191,365bb7b6-e04d-54da-bf69-af62b1011389,Spinach feta breakfast wrap,9f0065b4-325d-5ecd-9328-d24b02759cfc,1.07,3,0.85
aa5f9f26-28f2-5b9d-8191-63f575013adc,365bb7b6-e04d-54da-bf69-af62b1011389,Iced brown sugar shaken espresso,1f008adf-0619-503a-a18b-d7efc791afea,2.27,2,0.97
e7aac5c7-9815-56b0-a6e5-917937131e7d,55ca922f-3876-5029-86b4-e57313a43150,"Miracle-Gro potting mix, 25 qt",b37366c7-b51f-5b63-95f1-e4bd96f6ad3e,17.19,2,0.92
a6b9e0bc-97af-533c-ac9f-639f4776143a,55ca922f-3876-5029-86b4-e57313a43150,"Miracle-Gro potting mix, 25 qt",b37366c7-b51f-5b63-95f1-e4bd96f6ad3e,22.44,2,0.75
f24048d6-142f-5cfc-bd89-f5aa930e6d3a,55ca922f-3876-5029-86b4-e57313a43150,"Husky heavy-duty storage bin, 27 gal",b37366c7-b51f-5b63-95f1-e4bd96f6ad3e,29.54,3,0.77
7003e025-b7b5-5286-bbb6-c9d505725960,55ca922f-3876-5029-86b4-e57313a43150,"Behr Premium Plus interior paint, 1 gal",b37366c7-b51f-5b63-95f1-e4bd96f6ad3e,20.67,1,0.75
6a61b8a5-8c42-5f87-bba7-e33b74b8e214,55ca922f-3876-5029-86b4-e57313a43150,"Behr Premium Plus interior paint, 1 gal",b37366c7-b51f-5b63-95f1-e4bd96f6ad3e,45.38,1,0.72
d98dc1e0-5822-53fc-858c-922db44bcb35,5b9969e3-f6f5-5330-b901-34f44f490558,Bottled water and road snack,9f0065b4-325d-5ecd-9328-d24b02759cfc,6.83,1,0.8
3f927764-2f04-5f05-97fc-0cb5589b27af,5b9969e3-f6f5-5330-b901-34f44f490558,"Regular unleaded fuel, pump 4",b37366c7-b51f-5b63-95f1-e4bd96f6ad3e,11.57,3,0.98
d1bc6a73-71b5-59ed-af92-7d014c56d0a8,5b9969e3-f6f5-5330-b901-34f44f490558,Car wash express package,b37366c7-b51f-5b63-95f1-e4bd96f6ad3e,17.37,2,0.7
9e572db6-936c-528a-a7ff-f5c50f53d006,5b9969e3-f6f5-5330-b901-34f44f490558,Car wash express package,b37366c7-b51f-5b63-95f1-e4bd96f6ad3e,18.31,2,0.88
ed34c21e-8536-5097-97e3-f6653502c74f,d5d4cebb-e60c-5554-b503-5707452c63e7,"Miracle-Gro potting mix, 25 qt",b37366c7-b51f-5b63-95f1-e4bd96f6ad3e,12.07,2,0.84
11ed2984-813d-5a8c-acef-73ad94a7fa58,d5d4cebb-e60c-5554-b503-5707452c63e7,"Ryobi drill bit set, 20 piece",b37366c7-b51f-5b63-95f1-e4bd96f6ad3e,16.70,1,0.95
29ecb033-d751-51e3-be98-d5e1db74f2d0,d5d4cebb-e60c-5554-b503-5707452c63e7,"Behr Premium Plus interior paint, 1 gal",b37366c7-b51f-5b63-95f1-e4bd96f6ad3e,19.14,2,0.93
1c033184-4c08-5c5a-a8fa-24fd1e49d18a,d5d4cebb-e60c-5554-b503-5707452c63e7,"Behr Premium Plus interior paint, 1 gal",b37366c7-b51f-5b63-95f1-e4bd96f6ad3e,20.08,3,0.84
d6925085-a9e7-525f-88cc-3d79ea531d1a,0f14ae84-6384-56ce-93a3-db97388fe5c6,"Husky heavy-duty storage bin, 27 gal",b37366c7-b51f-5b63-95f1-e4bd96f6ad3e,30.17,3,0.92
2dc516bd-2cc8-51fe-9cb4-7620d9f2ed9f,0f14ae84-6384-56ce-93a3-db97388fe5c6,"Behr Premium Plus interior paint, 1 gal",b37366c7-b51f-5b63-95f1-e4bd96f6ad3e,27.48,2,0.84
ec4b9005-f296-5581-a81d-109c840ee981,0f14ae84-6384-56ce-93a3-db97388fe5c6,"Ryobi drill bit set, 20 piece",b37366c7-b51f-5b63-95f1-e4bd96f6ad3e,21.76,1,0.96
ea04f788-3583-5752-8003-84e962069f9b,0f14ae84-6384-56ce-93a3-db97388fe5c6,"Husky heavy-duty storage bin, 27 gal",b37366c7-b51f-5b63-95f1-e4bd96f6ad3e,45.26,1,0.77
9171d886-0163-52da-91d9-ade6dd5816b7,a5e81011-6330-5ef2-9ffd-f445134d91a3,"Ryobi drill bit set, 20 piece",b37366c7-b51f-5b63-95f1-e4bd96f6ad3e,53.87,3,0.72
d5bd9e54-ed48-5857-8e1f-d3c495ead49c,a5e81011-6330-5ef2-9ffd-f445134d91a3,"Ryobi drill bit set, 20 piece",b37366c7-b51f-5b63-95f1-e4bd96f6ad3e,73.94,3,0.75
80bf628a-a18a-5da2-91c3-cffecc98ee5a,422b306f-3d38-545b-8a30-a3af74c2b28b,"Organic jasmine rice, 3 lb",968cb096-c18d-575b-81f5-6d06a9ee3a17,29.51,2,0.76
3956b068-804c-59b1-b1b8-4591401f9965,422b306f-3d38-545b-8a30-a3af74c2b28b,"Organic jasmine rice, 3 lb",968cb096-c18d-575b-81f5-6d06a9ee3a17,38.92,3,0.77
4755298f-671a-5313-9a7d-75acc0776c37,1f9d77fb-c978-52d5-90fd-542e98a6ac00,Iced brown sugar shaken espresso,1f008adf-0619-503a-a18b-d7efc791afea,1.50,2,0.98
629f48f7-542c-51d0-af69-f06fc110633d,1f9d77fb-c978-52d5-90fd-542e98a6ac00,Iced brown sugar shaken espresso,1f008adf-0619-503a-a18b-d7efc791afea,2.57,3,0.75
6370c589-f00e-528b-b35d-6e21893d78e6,1f9d77fb-c978-52d5-90fd-542e98a6ac00,Spinach feta breakfast wrap,9f0065b4-325d-5ecd-9328-d24b02759cfc,1.98,1,0.74
e99ef3ec-0727-5438-9947-7283b361c0ec,1f9d77fb-c978-52d5-90fd-542e98a6ac00,Spinach feta breakfast wrap,9f0065b4-325d-5ecd-9328-d24b02759cfc,5.67,3,0.77
6b88aed9-fdc0-5a8b-bd69-1839ac30d172,0ce58434-36e0-5bef-ae69-2765def8c22b,Cold brew coffee concentrate,1f008adf-0619-503a-a18b-d7efc791afea,8.09,2,0.93
ee484859-941c-51f1-b0f3-ca73b01650a9,0ce58434-36e0-5bef-ae69-2765def8c22b,"Mandarin orange chicken, frozen",9f0065b4-325d-5ecd-9328-d24b02759cfc,13.38,1,0.83
9ae7d098-5c3c-5dbd-a374-19c4f8520525,0ce58434-36e0-5bef-ae69-2765def8c22b,Cold brew coffee concentrate,1f008adf-0619-503a-a18b-d7efc791afea,20.60,1,0.74
a38b47c1-3642-584a-a20d-11ff8be5257e,df3793a1-c540-5f87-9ea6-e0cbd12abfce,Spinach feta breakfast wrap,9f0065b4-325d-5ecd-9328-d24b02759cfc,1.15,3,0.74
d4531112-ee34-515d-8f6f-b1cef24adcab,df3793a1-c540-5f87-9ea6-e0cbd12abfce,Grande oat milk latte,1f008adf-0619-503a-a18b-d7efc791afea,1.71,1,0.91
6525f9b2-c1bd-5d1c-9606-5126e17c5fc6,b6c0224e-7ad0-5523-bb21-f133f490677b,"Ryobi drill bit set, 20 piece",b37366c7-b51f-5b63-95f1-e4bd96f6ad3e,28.83,3,0.84
26c45ee7-2194-5cf4-8235-c237bbce3ae7,b6c0224e-7ad0-5523-bb21-f133f490677b,"Husky heavy-duty storage bin, 27 gal",b37366c7-b51f-5b63-95f1-e4bd96f6ad3e,44.39,3,0.91
4cd31971-18da-5298-b158-dc9c087541ed,b6c0224e-7ad0-5523-bb21-f133f490677b,"Behr Premium Plus interior paint, 1 gal",b37366c7-b51f-5b63-95f1-e4bd96f6ad3e,27.02,2,0.75
cd2fb876-4183-558d-970a-9d1c4192b6ea,b6c0224e-7ad0-5523-bb21-f133f490677b,"Ryobi drill bit set, 20 piece",b37366c7-b51f-5b63-95f1-e4bd96f6ad3e,39.64,1,0.84
3b35676a-ebaa-5751-b878-32eab121976f,b6c0224e-7ad0-5523-bb21-f133f490677b,"Behr Premium Plus interior paint, 1 gal",b37366c7-b51f-5b63-95f1-e4bd96f6ad3e,70.79,2,0.9
8f46b6da-ea11-5d32-9415-e786d5db5bb6,b6c0224e-7ad0-5523-bb21-f133f490677b,"Ryobi drill bit set, 20 piece",b37366c7-b51f-5b63-95f1-e4bd96f6ad3e,74.78,1,0.71
b33d1246-a55f-50ae-973e-af0b21cee658,90bf7ae6-4022-5be6-baba-c443a3a87de3,"Ninja replacement blender cups, 2-pack",b37366c7-b51f-5b63-95f1-e4bd96f6ad3e,19.71,2,0.92
7c422b71-f9c3-5a51-9ab7-c2a6cb4c3b31,90bf7ae6-4022-5be6-baba-c443a3a87de3,"Command picture hanging strips, medium",b37366c7-b51f-5b63-95f1-e4bd96f6ad3e,16.45,2,0.81
55991141-9b4f-5d87-a810-76d57d5832b8,90bf7ae6-4022-5be6-baba-c443a3a87de3,"Sony WH-CH520 wireless headphones, black",dfc56eef-4ac9-50ce-b4c8-81cc669c4374,23.62,2,0.94
8a997bfd-9aae-567c-94a7-1a7bb25e60ef,90bf7ae6-4022-5be6-baba-c443a3a87de3,"Ninja replacement blender cups, 2-pack",b37366c7-b51f-5b63-95f1-e4bd96f6ad3e,32.92,1,0.98
e897a972-97cb-50b9-8a82-a23da9268a12,90bf7ae6-4022-5be6-baba-c443a3a87de3,"Amazon Basics braided HDMI cable, 6 ft",dfc56eef-4ac9-50ce-b4c8-81cc669c4374,43.15,1,0.8
86cc6bcf-a5e3-511d-8a62-5b90c59da7a1,90bf7ae6-4022-5be6-baba-c443a3a87de3,"Ninja replacement blender cups, 2-pack",b37366c7-b51f-5b63-95f1-e4bd96f6ad3e,45.41,3,0.74
e186418d-5fa0-53cf-a8c1-954491733d2d,acbaf399-c149-57d4-b710-928268ec4555,"Up & Up paper towels, 6 double rolls",b37366c7-b51f-5b63-95f1-e4bd96f6ad3e,17.36,3,0.91
d0a521b4-d1d8-5af4-9718-8eb6a5b33138,acbaf399-c149-57d4-b710-928268ec4555,Cat & Jack kids graphic t-shirt,95b5aa5e-4831-5a09-8b4c-36da6ac64ad5,14.69,2,1.0
b9ac7153-61e0-56c5-b741-154efd07c11b,acbaf399-c149-57d4-b710-928268ec4555,Cat & Jack kids graphic t-shirt,95b5aa5e-4831-5a09-8b4c-36da6ac64ad5,23.86,3,0.98
16f2f58e-3a81-585a-ba48-a622d011dd9a,9a15d327-35bb-5c88-9d45-1c58858ec9ed,"Ryobi drill bit set, 20 piece",b37366c7-b51f-5b63-95f1-e4bd96f6ad3e,97.91,3,0.87
63e14063-7c88-5dd3-bf70-ce3df616a18c,9a15d327-35bb-5c88-9d45-1c58858ec9ed,"Husky heavy-duty storage bin, 27 gal",b37366c7-b51f-5b63-95f1-e4bd96f6ad3e,124.31,3,0.77
c4c0db0e-b275-53f6-8749-f0094eb0c7ef,4c8d85c9-7c3f-5498-a4f9-8dc95189568f,Logitech MX Master 3S wireless mouse,dfc56eef-4ac9-50ce-b4c8-81cc669c4374,150.07,2,0.99
bfdab90a-9deb-52a2-9211-ff407e07edd4,4c8d85c9-7c3f-5498-a4f9-8dc95189568f,"SanDisk Extreme portable SSD, 1TB",dfc56eef-4ac9-50ce-b4c8-81cc669c4374,276.08,3,0.9
b6fc3f12-5ab7-521d-9c4d-a4d060408603,47ef5493-2b7a-514a-80b0-dbb1a9fdb222,LEGO Speed Champions car set,a0c8e4f4-727a-54fd-8788-686976c4a82e,10.25,2,0.73
64fdac75-5eca-5c1b-85d0-2183c3132c55,47ef5493-2b7a-514a-80b0-dbb1a9fdb222,Cat & Jack kids graphic t-shirt,95b5aa5e-4831-5a09-8b4c-36da6ac64ad5,11.92,3,0.98
4cf8f032-d4b3-5a6f-aa01-19879fa72c1d,47ef5493-2b7a-514a-80b0-dbb1a9fdb222,LEGO Speed Champions car set,a0c8e4f4-727a-54fd-8788-686976c4a82e,19.86,3,0.74
a1a5554e-c6e7-5c51-b0ef-8e80da7358f7,f2e6e67c-e5ac-5ae9-b7e3-e8edd3d1fd4c,"Ninja replacement blender cups, 2-pack",b37366c7-b51f-5b63-95f1-e4bd96f6ad3e,18.38,1,0.88
8cd2cf82-8a8b-54b3-8ca4-82e7468f7892,f2e6e67c-e5ac-5ae9-b7e3-e8edd3d1fd4c,"Sony WH-CH520 wireless headphones, black",dfc56eef-4ac9-50ce-b4c8-81cc669c4374,13.59,2,0.89
4e7ba2de-6ce9-592c-a0de-7a6aec38858d,f2e6e67c-e5ac-5ae9-b7e3-e8edd3d1fd4c,"Amazon Basics braided HDMI cable, 6 ft",dfc56eef-4ac9-50ce-b4c8-81cc669c4374,24.51,1,0.76
8f2bb7f2-7eb6-54d0-86f6-062df51b3a61,f2e6e67c-e5ac-5ae9-b7e3-e8edd3d1fd4c,Kindle ebook: personal finance workbook,a9848b00-9c7c-507a-b1f6-7ae28230a56b,18.44,1,0.74
142fabe7-86cf-596a-a12f-967e2452ab37,f2e6e67c-e5ac-5ae9-b7e3-e8edd3d1fd4c,"Anker 20W USB-C fast charger, white",dfc56eef-4ac9-50ce-b4c8-81cc669c4374,51.48,3,0.87
1b4abaca-dad9-517f-973f-81ac569050f5,0f870b38-8e4d-5572-b279-f2799fa086bb,"Behr Premium Plus interior paint, 1 gal",b37366c7-b51f-5b63-95f1-e4bd96f6ad3e,14.86,2,0.89
a138122e-31b3-50b2-a591-2019eaf6bc57,0f870b38-8e4d-5572-b279-f2799fa086bb,"Husky heavy-duty storage bin, 27 gal",b37366c7-b51f-5b63-95f1-e4bd96f6ad3e,20.72,3,1.0
86bedfbd-68f9-5704-ab65-6b81c44ab500,0f870b38-8e4d-5572-b279-f2799fa086bb,"Miracle-Gro potting mix, 25 qt",b37366c7-b51f-5b63-95f1-e4bd96f6ad3e,53.42,1,0.8
dd344fe6-3adb-59f8-a0ab-e4e89fd9544c,7398644a-2ab9-5e3f-8d25-c057fbf48af4,Spinach feta breakfast wrap,9f0065b4-325d-5ecd-9328-d24b02759cfc,1.55,3,0.86
5ea4ab0e-d84d-5440-a306-951566dcb4f3,7398644a-2ab9-5e3f-8d25-c057fbf48af4,Iced brown sugar shaken espresso,1f008adf-0619-503a-a18b-d7efc791afea,1.11,2,0.94
6ba07e81-c294-589d-b39f-d42edaa307f0,7398644a-2ab9-5e3f-8d25-c057fbf48af4,Spinach feta breakfast wrap,9f0065b4-325d-5ecd-9328-d24b02759cfc,1.91,1,0.99
0ebdca61-1f9b-5dd1-83fb-b9c16059ad1b,7398644a-2ab9-5e3f-8d25-c057fbf48af4,Grande oat milk latte,1f008adf-0619-503a-a18b-d7efc791afea,1.32,2,1.0
748c482d-600b-5e20-92c3-1f8186b03c6d,7398644a-2ab9-5e3f-8d25-c057fbf48af4,Grande oat milk latte,1f008adf-0619-503a-a18b-d7efc791afea,1.98,3,0.88
97b5b215-5c11-5e15-a485-aca498b952ea,7398644a-2ab9-5e3f-8d25-c057fbf48af4,Grande oat milk latte,1f008adf-0619-503a-a18b-d7efc791afea,2.88,3,0.74
879a47e3-7071-54a7-9571-abd47d66f291,1948015e-b859-58f9-bd14-dc97af44d214,"Sourdough boule, bakery fresh",9f0065b4-325d-5ecd-9328-d24b02759cfc,13.36,1,0.93
77c92d2f-416d-5995-93eb-e9db0e49324f,1948015e-b859-58f9-bd14-dc97af44d214,"Oatly oat milk, original, 64 fl oz",1f008adf-0619-503a-a18b-d7efc791afea,24.75,3,0.71
0073b3cf-8c83-5373-ba4b-25f5124cf138,1948015e-b859-58f9-bd14-dc97af44d214,"Organic strawberries, 1 lb",968cb096-c18d-575b-81f5-6d06a9ee3a17,19.60,1,0.76
1ce94a29-c4c0-5bcc-b2b9-822edbf827b3,1948015e-b859-58f9-bd14-dc97af44d214,"Oatly oat milk, original, 64 fl oz",1f008adf-0619-503a-a18b-d7efc791afea,33.27,3,0.96
4cadb28d-9036-5d88-b817-fed1edf407b3,2b02f461-1a15-5926-ab09-95a8b72e4d7c,"Ryobi drill bit set, 20 piece",b37366c7-b51f-5b63-95f1-e4bd96f6ad3e,3.78,3,0.97
4c803b71-5b2d-53ae-9747-de4e5fb189a5,2b02f461-1a15-5926-ab09-95a8b72e4d7c,"Behr Premium Plus interior paint, 1 gal",b37366c7-b51f-5b63-95f1-e4bd96f6ad3e,6.00,1,0.71
5859a2f3-b827-5379-be5b-4f320f331e2b,2b02f461-1a15-5926-ab09-95a8b72e4d7c,"Behr Premium Plus interior paint, 1 gal",b37366c7-b51f-5b63-95f1-e4bd96f6ad3e,9.57,1,0.82
b40ca117-f465-5b93-b65d-aef074c5da98,c641b409-2494-55dd-a4ab-6f87fb98a8ef,"Ryobi drill bit set, 20 piece",b37366c7-b51f-5b63-95f1-e4bd96f6ad3e,14.93,1,0.94
f1ee7597-dc70-539d-97f7-131c72e6c38c,c641b409-2494-55dd-a4ab-6f87fb98a8ef,"Miracle-Gro potting mix, 25 qt",b37366c7-b51f-5b63-95f1-e4bd96f6ad3e,18.48,3,0.94
a22a77b9-7c3f-5f24-9dc7-c61756218311,c641b409-2494-55dd-a4ab-6f87fb98a8ef,"Husky heavy-duty storage bin, 27 gal",b37366c7-b51f-5b63-95f1-e4bd96f6ad3e,19.17,1,0.9
343030bd-ed8d-572a-ad32-e50b635ba67b,c641b409-2494-55dd-a4ab-6f87fb98a8ef,"Miracle-Gro potting mix, 25 qt",b37366c7-b51f-5b63-95f1-e4bd96f6ad3e,14.90,1,0.88
c06f8aad-35f2-5d1f-a806-57bedf6157e6,c641b409-2494-55dd-a4ab-6f87fb98a8ef,"Miracle-Gro potting mix, 25 qt",b37366c7-b51f-5b63-95f1-e4bd96f6ad3e,40.39,2,0.87
616eaa43-8ad4-58d0-ae8e-86fed5a16ff5,6fd0c240-e655-554d-82b1-eee62e340a07,"Miracle-Gro potting mix, 25 qt",b37366c7-b51f-5b63-95f1-e4bd96f6ad3e,18.82,1,0.76
25f031bf-9640-50bd-be39-9c65bd6cbb07,6fd0c240-e655-554d-82b1-eee62e340a07,"Ryobi drill bit set, 20 piece",b37366c7-b51f-5b63-95f1-e4bd96f6ad3e,28.00,3,0.94
5e8ca1de-f1d4-5679-8413-ab15ff8bd4a4,6fd0c240-e655-554d-82b1-eee62e340a07,"Miracle-Gro potting mix, 25 qt",b37366c7-b51f-5b63-95f1-e4bd96f6ad3e,25.82,3,0.99
c8cf2da2-52b8-58f6-928f-2df83834b381,6fd0c240-e655-554d-82b1-eee62e340a07,"Ryobi drill bit set, 20 piece",b37366c7-b51f-5b63-95f1-e4bd96f6ad3e,35.67,1,0.87
9d415acb-a021-5dac-9cdd-987ca2239268,4c2abe68-d755-527b-a82c-5d77ef9efff6,"Miracle-Gro potting mix, 25 qt",b37366c7-b51f-5b63-95f1-e4bd96f6ad3e,10.09,3,0.75
f81a6781-36d6-5cae-9bb6-09d36b4ec2ca,4c2abe68-d755-527b-a82c-5d77ef9efff6,"Miracle-Gro potting mix, 25 qt",b37366c7-b51f-5b63-95f1-e4bd96f6ad3e,8.15,2,0.81
e90819ae-64a0-5b96-a0c8-af195cb43753,4c2abe68-d755-527b-a82c-5d77ef9efff6,"Behr Premium Plus interior paint, 1 gal",b37366c7-b51f-5b63-95f1-e4bd96f6ad3e,6.92,3,0.85
fc2057e7-74ba-5699-bdaa-652165f5a097,4c2abe68-d755-527b-a82c-5d77ef9efff6,"Ryobi drill bit set, 20 piece",b37366c7-b51f-5b63-95f1-e4bd96f6ad3e,12.16,2,0.98
6f07a7d6-1914-53de-8e20-fef792c051b2,4c2abe68-d755-527b-a82c-5d77ef9efff6,"Ryobi drill bit set, 20 piece",b37366c7-b51f-5b63-95f1-e4bd96f6ad3e,15.95,1,0.99
2059814e-d644-581b-bdff-ce54eecdef6c,585a64ce-3073-57e6-922c-c26b5a2fb353,Grande oat milk latte,1f008adf-0619-503a-a18b-d7efc791afea,1.81,3,0.98
bcaf2924-2d3b-5df6-9d78-d5a11df39695,585a64ce-3073-57e6-922c-c26b5a2fb353,Iced brown sugar shaken espresso,1f008adf-0619-503a-a18b-d7efc791afea,2.74,3,0.78
eb384345-1714-5b81-8763-3d28107912aa,585a64ce-3073-57e6-922c-c26b5a2fb353,Iced brown sugar shaken espresso,1f008adf-0619-503a-a18b-d7efc791afea,2.71,1,0.87
27b23fb4-f1cc-54ad-b93d-79e1fcaf2906,585a64ce-3073-57e6-922c-c26b5a2fb353,Iced brown sugar shaken espresso,1f008adf-0619-503a-a18b-d7efc791afea,3.95,2,0.94
3a93ce31-1c85-5968-b2cb-a36994db2e64,db1027c1-1204-525f-900d-4090e4ab711c,"Miracle-Gro potting mix, 25 qt",b37366c7-b51f-5b63-95f1-e4bd96f6ad3e,18.97,3,0.89
93e26100-2a2f-568a-a7d7-a62937988875,db1027c1-1204-525f-900d-4090e4ab711c,"Ryobi drill bit set, 20 piece",b37366c7-b51f-5b63-95f1-e4bd96f6ad3e,20.32,1,0.89
4d43fe0b-b3ae-5e97-8d89-465bf6a86599,db1027c1-1204-525f-900d-4090e4ab711c,"Behr Premium Plus interior paint, 1 gal",b37366c7-b51f-5b63-95f1-e4bd96f6ad3e,33.33,1,0.75
79c7b347-3f3c-5b5b-8d43-dcfe51dbbb4a,db1027c1-1204-525f-900d-4090e4ab711c,"Ryobi drill bit set, 20 piece",b37366c7-b51f-5b63-95f1-e4bd96f6ad3e,28.18,2,0.92
36ee2335-aadc-5bc0-a775-dfa21ee4a275,db1027c1-1204-525f-900d-4090e4ab711c,"Husky heavy-duty storage bin, 27 gal",b37366c7-b51f-5b63-95f1-e4bd96f6ad3e,52.40,2,0.91
b64b5347-821c-5599-853e-752d205da521,d08e3da4-7687-5268-9697-1bd586f0efe3,"Ryobi drill bit set, 20 piece",b37366c7-b51f-5b63-95f1-e4bd96f6ad3e,45.75,2,0.75
472119a9-4a9e-586d-ac93-6bd5d64ae8cb,d08e3da4-7687-5268-9697-1bd586f0efe3,"Behr Premium Plus interior paint, 1 gal",b37366c7-b51f-5b63-95f1-e4bd96f6ad3e,30.15,2,0.82
983d8995-bfea-5502-806c-3adefbae2a6f,d08e3da4-7687-5268-9697-1bd586f0efe3,"Ryobi drill bit set, 20 piece",b37366c7-b51f-5b63-95f1-e4bd96f6ad3e,64.69,2,0.75
46f6c0e0-94d4-5229-91b6-ad1632e45815,d08e3da4-7687-5268-9697-1bd586f0efe3,"Husky heavy-duty storage bin, 27 gal",b37366c7-b51f-5b63-95f1-e4bd96f6ad3e,34.69,3,0.82
bd811b30-a0bd-5bb9-adb0-933dd1ee4f3e,d08e3da4-7687-5268-9697-1bd586f0efe3,"Miracle-Gro potting mix, 25 qt",b37366c7-b51f-5b63-95f1-e4bd96f6ad3e,95.08,1,0.74
1d55d28b-a90a-5290-bad3-abf0106e4259,abbace9c-bcd0-55e2-91e7-92bb755cea2d,"Miracle-Gro potting mix, 25 qt",b37366c7-b51f-5b63-95f1-e4bd96f6ad3e,105.77,2,0.75
0e89cb00-2e81-5aeb-a08a-a4eefd0e8ad3,abbace9c-bcd0-55e2-91e7-92bb755cea2d,"Ryobi drill bit set, 20 piece",b37366c7-b51f-5b63-95f1-e4bd96f6ad3e,113.12,2,0.87
2933c550-3ed1-53f9-bb2a-df57bb09ffe7,e7cb1d32-9a25-5e99-980d-1bd4a15fcee6,"Tide hygienic clean detergent, 92 fl oz",b37366c7-b51f-5b63-95f1-e4bd96f6ad3e,8.53,3,0.76
740f4d9c-9443-5b37-b65c-bfa4c3ecb9a8,e7cb1d32-9a25-5e99-980d-1bd4a15fcee6,"Great Value cage-free large eggs, 18 count",968cb096-c18d-575b-81f5-6d06a9ee3a17,15.26,3,0.91
ee21fac9-73eb-527f-be28-93799d75c3dd,e7cb1d32-9a25-5e99-980d-1bd4a15fcee6,"Marketside rotisserie chicken, hot",9f0065b4-325d-5ecd-9328-d24b02759cfc,13.89,2,0.92
2dbf111e-f1d9-5281-83de-883b9881c39f,e7cb1d32-9a25-5e99-980d-1bd4a15fcee6,"Equate daily multivitamin tablets, 200 count",b37366c7-b51f-5b63-95f1-e4bd96f6ad3e,11.56,1,0.92
16b815a5-0093-5566-8bda-72e798759109,e7cb1d32-9a25-5e99-980d-1bd4a15fcee6,"Tide hygienic clean detergent, 92 fl oz",b37366c7-b51f-5b63-95f1-e4bd96f6ad3e,19.63,2,0.72
a7c8b7c3-51d7-5d33-8535-4463f862f952,e7cb1d32-9a25-5e99-980d-1bd4a15fcee6,"Mainstays bath towel, charcoal",b37366c7-b51f-5b63-95f1-e4bd96f6ad3e,29.65,3,0.79
e9bd1b51-9471-507e-88ea-d5f6eb170d8e,e3cbcbbf-9f73-524b-af31-57b00f28dcfc,Spinach feta breakfast wrap,9f0065b4-325d-5ecd-9328-d24b02759cfc,1.23,3,0.71
a4a36d9a-69ec-5c7b-8cde-4451397b1596,e3cbcbbf-9f73-524b-af31-57b00f28dcfc,Iced brown sugar shaken espresso,1f008adf-0619-503a-a18b-d7efc791afea,1.41,1,0.77
cdf7bcd9-f647-55bf-8239-a9087ee604f9,e3cbcbbf-9f73-524b-af31-57b00f28dcfc,Grande oat milk latte,1f008adf-0619-503a-a18b-d7efc791afea,1.24,1,0.89
d85885f7-584d-5112-b227-46abea8d2931,e3cbcbbf-9f73-524b-af31-57b00f28dcfc,Spinach feta breakfast wrap,9f0065b4-325d-5ecd-9328-d24b02759cfc,1.78,1,0.84
c7672a4b-cf5d-5cfc-8038-f8b647fc9d5d,39e6706c-becc-5e75-9a37-0e2fe52cfa08,McCafe medium latte,1f008adf-0619-503a-a18b-d7efc791afea,2.24,1,0.74
0eb892e7-a6fb-5369-b6e6-685dcf85513e,39e6706c-becc-5e75-9a37-0e2fe52cfa08,Quarter Pounder meal,9f0065b4-325d-5ecd-9328-d24b02759cfc,3.39,2,0.75
273310c9-44e5-52dd-bb39-b6b864e44c66,051149a8-f704-5cde-818c-bad7eb5b25ca,"Husky heavy-duty storage bin, 27 gal",b37366c7-b51f-5b63-95f1-e4bd96f6ad3e,51.57,1,1.0
98a97427-6f84-5543-9ed9-2d282b77baa7,051149a8-f704-5cde-818c-bad7eb5b25ca,"Behr Premium Plus interior paint, 1 gal",b37366c7-b51f-5b63-95f1-e4bd96f6ad3e,80.86,3,0.81
8aadb028-abd2-5b2d-8747-3e6511f8c556,4d2471d4-d88c-523f-ad92-4934fe27f5f0,"365 organic baby spinach, 5 oz",968cb096-c18d-575b-81f5-6d06a9ee3a17,6.82,2,0.74
c492cdbb-4c90-5043-adae-40cd4407fdbe,4d2471d4-d88c-523f-ad92-4934fe27f5f0,"Oatly oat milk, original, 64 fl oz",1f008adf-0619-503a-a18b-d7efc791afea,8.72,1,0.82
67e233da-0a33-5d05-b7cf-b8d925e578f8,4d2471d4-d88c-523f-ad92-4934fe27f5f0,"Atlantic salmon fillet, per lb",968cb096-c18d-575b-81f5-6d06a9ee3a17,5.20,3,0.81
fddec03b-3b57-57c1-820b-11e11999805b,4d2471d4-d88c-523f-ad92-4934fe27f5f0,"Sourdough boule, bakery fresh",9f0065b4-325d-5ecd-9328-d24b02759cfc,7.07,1,0.71
eeffed69-51fe-5c82-bed5-1a006d38c4c3,4d2471d4-d88c-523f-ad92-4934fe27f5f0,"Organic strawberries, 1 lb",968cb096-c18d-575b-81f5-6d06a9ee3a17,15.20,1,0.78
a5ba55ab-1e9c-5bd4-833c-8fa4edadc62f,61af8bd9-c16a-52d3-9046-177e3f0ed6dc,"Oatly oat milk, original, 64 fl oz",1f008adf-0619-503a-a18b-d7efc791afea,5.37,3,0.96
e2e582dd-ab76-51fe-93f2-642998d8c4f1,61af8bd9-c16a-52d3-9046-177e3f0ed6dc,"Oatly oat milk, original, 64 fl oz",1f008adf-0619-503a-a18b-d7efc791afea,5.71,3,0.77
0a5b686f-cb8f-58f1-a69e-cda644134918,61af8bd9-c16a-52d3-9046-177e3f0ed6dc,"Atlantic salmon fillet, per lb",968cb096-c18d-575b-81f5-6d06a9ee3a17,9.93,3,0.97
0c52a286-4159-5858-b7f8-2d6dffe8ec4b,61af8bd9-c16a-52d3-9046-177e3f0ed6dc,"365 organic baby spinach, 5 oz",968cb096-c18d-575b-81f5-6d06a9ee3a17,7.44,1,1.0
90916c42-1940-50f7-9a51-f8d7bc3f877e,61af8bd9-c16a-52d3-9046-177e3f0ed6dc,"Organic strawberries, 1 lb",968cb096-c18d-575b-81f5-6d06a9ee3a17,13.54,1,0.83
3d7be1c7-8108-5663-b44b-53af4f06c7e7,ef187ec6-7b65-5540-8e20-224cda3090d3,"Organic jasmine rice, 3 lb",968cb096-c18d-575b-81f5-6d06a9ee3a17,9.60,3,0.76
e706c7fa-b234-5ede-b4b6-6b984e142609,ef187ec6-7b65-5540-8e20-224cda3090d3,Everything but the Bagel seasoning,968cb096-c18d-575b-81f5-6d06a9ee3a17,9.96,2,0.81
760318bf-44fd-500d-b8c0-a9abfefef227,ef187ec6-7b65-5540-8e20-224cda3090d3,Cold brew coffee concentrate,1f008adf-0619-503a-a18b-d7efc791afea,7.54,2,0.72
dd252c1e-97ef-5566-826b-82f019878456,ef187ec6-7b65-5540-8e20-224cda3090d3,Cold brew coffee concentrate,1f008adf-0619-503a-a18b-d7efc791afea,9.66,2,0.85
0d8ece54-7f0b-5a87-b861-9bdcf8c840e9,ef187ec6-7b65-5540-8e20-224cda3090d3,"Mandarin orange chicken, frozen",9f0065b4-325d-5ecd-9328-d24b02759cfc,18.48,2,0.91
d68a6b15-2546-52b7-9de1-dbed060a4dc6,f4c35cc1-1bcf-585e-b572-08079895e30e,"Regular unleaded fuel, pump 4",b37366c7-b51f-5b63-95f1-e4bd96f6ad3e,6.40,2,0.75
9af89f38-ff8d-5a59-8124-fb7998114bee,f4c35cc1-1bcf-585e-b572-08079895e30e,Bottled water and road snack,9f0065b4-325d-5ecd-9328-d24b02759cfc,7.96,1,0.79
48f60280-e4e6-5b4a-9922-b5fd370dfced,f4c35cc1-1bcf-585e-b572-08079895e30e,Bottled water and road snack,9f0065b4-325d-5ecd-9328-d24b02759cfc,15.60,1,0.84
2e524d0a-bb04-5cea-9df2-918f26720634,f4c35cc1-1bcf-585e-b572-08079895e30e,Car wash express package,b37366c7-b51f-5b63-95f1-e4bd96f6ad3e,16.08,2,0.92
b85861f8-10a0-5de4-962a-ec1e683e2902,d7be0f11-7d7c-5f3f-bf25-179362e547b1,"Husky heavy-duty storage bin, 27 gal",b37366c7-b51f-5b63-95f1-e4bd96f6ad3e,77.08,1,0.77
3c10a09b-2a13-557d-81d9-dd4e119a42b8,d7be0f11-7d7c-5f3f-bf25-179362e547b1,"Ryobi drill bit set, 20 piece",b37366c7-b51f-5b63-95f1-e4bd96f6ad3e,40.94,3,0.74
53686f2b-3fc7-550b-a30b-556285530215,d7be0f11-7d7c-5f3f-bf25-179362e547b1,"Ryobi drill bit set, 20 piece",b37366c7-b51f-5b63-95f1-e4bd96f6ad3e,116.36,2,0.76
265d3ea5-2a11-5c45-83ca-1f970eeb7150,a90da48b-10f1-5ae9-9f95-1f384f1e0ded,"Kroger gala apples, 3 lb bag",968cb096-c18d-575b-81f5-6d06a9ee3a17,16.12,3,0.91
55e3e3f9-93fe-5d77-979f-beca71d7b1a3,a90da48b-10f1-5ae9-9f95-1f384f1e0ded,"Kroger gala apples, 3 lb bag",968cb096-c18d-575b-81f5-6d06a9ee3a17,12.06,3,0.9
3a7a93d5-2f40-5936-94db-2a2005e82c05,a90da48b-10f1-5ae9-9f95-1f384f1e0ded,"Kroger purified water, 24 pack",1f008adf-0619-503a-a18b-d7efc791afea,15.69,2,0.91
460f6414-29b5-55a0-9d89-bdd0db857ff6,a90da48b-10f1-5ae9-9f95-1f384f1e0ded,Private Selection sourdough bread,9f0065b4-325d-5ecd-9328-d24b02759cfc,15.60,1,0.9
04076048-ed71-5d10-a65f-e690805fd175,a90da48b-10f1-5ae9-9f95-1f384f1e0ded,Private Selection sourdough bread,9f0065b4-325d-5ecd-9328-d24b02759cfc,10.73,2,0.89
bf8c361b-416e-5b6c-9dd7-b21caeb5cec0,a90da48b-10f1-5ae9-9f95-1f384f1e0ded,"Simple Truth organic Greek yogurt, 32 oz",968cb096-c18d-575b-81f5-6d06a9ee3a17,27.71,2,0.81
03d72415-04fc-5efc-9679-735fed232811,1acce8f0-86c6-5bda-8e81-5cf817b862ee,"Band-Aid flexible fabric bandages, 30 ct",b37366c7-b51f-5b63-95f1-e4bd96f6ad3e,3.95,3,0.89
d2c10a55-56ae-5194-9253-c9a047bd4f47,1acce8f0-86c6-5bda-8e81-5cf817b862ee,Neutrogena Ultra Sheer sunscreen SPF 55,875ccc19-66e7-5835-86a5-73be20384685,3.14,2,1.0
ec3b21a5-5bad-5a8e-8dfd-e24d7601646d,1acce8f0-86c6-5bda-8e81-5cf817b862ee,Neutrogena Ultra Sheer sunscreen SPF 55,875ccc19-66e7-5835-86a5-73be20384685,4.05,3,0.84
fc82c15b-295e-54ca-aa15-a07fd36a7ea4,1acce8f0-86c6-5bda-8e81-5cf817b862ee,"Band-Aid flexible fabric bandages, 30 ct",b37366c7-b51f-5b63-95f1-e4bd96f6ad3e,11.15,2,0.89
5a55a801-65df-528b-aa85-6725205c5906,279b53e1-8ec7-5e95-9aae-65c116ea6ac1,"Ryobi drill bit set, 20 piece",b37366c7-b51f-5b63-95f1-e4bd96f6ad3e,33.55,3,0.89
d1f98b1d-2f59-5227-9709-c99dd7eea4da,279b53e1-8ec7-5e95-9aae-65c116ea6ac1,"Husky heavy-duty storage bin, 27 gal",b37366c7-b51f-5b63-95f1-e4bd96f6ad3e,39.91,3,0.75
3ba3158c-edf9-53aa-b4da-d35082f42f72,279b53e1-8ec7-5e95-9aae-65c116ea6ac1,"Husky heavy-duty storage bin, 27 gal",b37366c7-b51f-5b63-95f1-e4bd96f6ad3e,49.92,3,0.8
bd8212c7-1fcf-55a2-a988-9847b4fd9d81,279b53e1-8ec7-5e95-9aae-65c116ea6ac1,"Ryobi drill bit set, 20 piece",b37366c7-b51f-5b63-95f1-e4bd96f6ad3e,132.52,3,0.94
b0798a0f-2b15-5a3f-8bda-4272190df8c4,4b4f6c0b-2420-51d9-999c-2e2f7d1fa154,"SanDisk Extreme portable SSD, 1TB",dfc56eef-4ac9-50ce-b4c8-81cc669c4374,54.83,3,0.77
01497cf3-a717-5181-9188-9ae3bfd3e6d4,4b4f6c0b-2420-51d9-999c-2e2f7d1fa154,Logitech MX Master 3S wireless mouse,dfc56eef-4ac9-50ce-b4c8-81cc669c4374,72.37,2,0.84
7302b4f4-d1b4-563e-9bf2-0762d125b8fa,4b4f6c0b-2420-51d9-999c-2e2f7d1fa154,Logitech MX Master 3S wireless mouse,dfc56eef-4ac9-50ce-b4c8-81cc669c4374,171.22,1,0.95
a2d2c067-0d92-5fd7-b34a-a42ebca5d06d,2c09dd60-7573-50f0-8772-5d5c2e572804,Insignia 6-outlet surge protector,dfc56eef-4ac9-50ce-b4c8-81cc669c4374,76.27,1,0.76
39f88f60-5a19-5970-9669-1d5e365ab700,2c09dd60-7573-50f0-8772-5d5c2e572804,"Apple AirTag, single pack",dfc56eef-4ac9-50ce-b4c8-81cc669c4374,96.49,3,0.93
837c9583-0c63-54e5-8298-521baf38e54d,2c09dd60-7573-50f0-8772-5d5c2e572804,Logitech MX Master 3S wireless mouse,dfc56eef-4ac9-50ce-b4c8-81cc669c4374,98.34,1,0.71
2909bc5a-36d5-5f69-88c4-281f768e51de,c3db92a9-d928-58b7-8693-718526f652e5,"Threshold cotton sheet set, queen",b37366c7-b51f-5b63-95f1-e4bd96f6ad3e,27.04,1,0.85
d77317bc-4a8e-5843-b5bd-1393029e7c70,c3db92a9-d928-58b7-8693-718526f652e5,"Up & Up paper towels, 6 double rolls",b37366c7-b51f-5b63-95f1-e4bd96f6ad3e,19.27,1,0.84
c084e849-b98a-5c34-87dc-132409bb52a0,c3db92a9-d928-58b7-8693-718526f652e5,"Threshold cotton sheet set, queen",b37366c7-b51f-5b63-95f1-e4bd96f6ad3e,23.89,2,0.91
52f8f7b9-d5ac-5b12-9e12-133a47928738,c3db92a9-d928-58b7-8693-718526f652e5,"Olay Regenerist face moisturizer, 1.7 oz",875ccc19-66e7-5835-86a5-73be20384685,38.98,3,0.71
564a9279-362d-522d-a021-2e989b5f3ef6,f3dfeffb-566e-53a2-aa40-3b210665a3bc,"CVS Health ibuprofen 200mg caplets, 100 ct",b37366c7-b51f-5b63-95f1-e4bd96f6ad3e,3.72,1,0.85
00fa8ebc-7152-5648-924c-dc69d9b53906,f3dfeffb-566e-53a2-aa40-3b210665a3bc,"Colgate Optic White toothpaste, 4.2 oz",b37366c7-b51f-5b63-95f1-e4bd96f6ad3e,4.60,2,0.88
19ab50b0-1654-572c-a22a-8fd54e8f0bda,f3dfeffb-566e-53a2-aa40-3b210665a3bc,Neutrogena Ultra Sheer sunscreen SPF 55,875ccc19-66e7-5835-86a5-73be20384685,13.33,1,0.79
45f17eb1-cee5-5a98-b96c-2c13cb05aab4,53253b69-8a1e-58fc-ae73-b4161d0b4089,"Steak tacos, three count",9f0065b4-325d-5ecd-9328-d24b02759cfc,5.17,2,0.83
d272a99f-e16d-57cc-a2d1-b79a72823723,53253b69-8a1e-58fc-ae73-b4161d0b4089,Chicken burrito bowl with guacamole,9f0065b4-325d-5ecd-9328-d24b02759cfc,9.79,1,0.75
55d84207-57cc-52d3-a0fb-1a034865fafa,7e70d519-5f7a-5d21-87cf-5c7794745f19,"Fresh bananas, per lb",968cb096-c18d-575b-81f5-6d06a9ee3a17,29.58,2,0.85
3c0e786d-17da-5041-a95e-1976c308d9cc,7e70d519-5f7a-5d21-87cf-5c7794745f19,"Tide hygienic clean detergent, 92 fl oz",b37366c7-b51f-5b63-95f1-e4bd96f6ad3e,34.43,3,0.97
4f2bc305-a585-591a-a96d-2395782a0218,7e70d519-5f7a-5d21-87cf-5c7794745f19,"Equate daily multivitamin tablets, 200 count",b37366c7-b51f-5b63-95f1-e4bd96f6ad3e,34.74,1,0.78
6e3a63cf-55a5-586e-a025-083ec952bdd5,2de32cac-be84-5c85-b39d-b1071f12d099,"Regular unleaded fuel, pump 4",b37366c7-b51f-5b63-95f1-e4bd96f6ad3e,19.31,1,0.73
e5a96203-e62e-5300-9607-e3e288349f95,2de32cac-be84-5c85-b39d-b1071f12d099,Car wash express package,b37366c7-b51f-5b63-95f1-e4bd96f6ad3e,12.31,2,0.82
6695bd57-a7bd-5277-9725-8f6902bb28b9,2de32cac-be84-5c85-b39d-b1071f12d099,Bottled water and road snack,9f0065b4-325d-5ecd-9328-d24b02759cfc,28.25,1,0.85
5a288b3f-a0eb-5822-a965-77df9edb8f2c,dfae2811-91c3-5710-b003-ea16bfdbc899,"Command picture hanging strips, medium",b37366c7-b51f-5b63-95f1-e4bd96f6ad3e,21.93,1,0.95
c6ff9736-c9d6-5cd6-abb2-f7496abb20b6,dfae2811-91c3-5710-b003-ea16bfdbc899,Kindle ebook: personal finance workbook,a9848b00-9c7c-507a-b1f6-7ae28230a56b,22.19,2,0.84
68a35f86-e9e0-5c08-b1c6-acabf16cb3af,dfae2811-91c3-5710-b003-ea16bfdbc899,Kindle ebook: personal finance workbook,a9848b00-9c7c-507a-b1f6-7ae28230a56b,23.74,1,0.91
7a23a314-c319-5613-a5fa-d4f72b198298,dfae2811-91c3-5710-b003-ea16bfdbc899,Kindle ebook: personal finance workbook,a9848b00-9c7c-507a-b1f6-7ae28230a56b,26.10,1,0.73
feb94f76-5c56-508e-a3f1-a4f21bdb0165,dfae2811-91c3-5710-b003-ea16bfdbc899,"Ninja replacement blender cups, 2-pack",b37366c7-b51f-5b63-95f1-e4bd96f6ad3e,20.39,2,0.98
f800d4d6-d0be-5cc5-a9c6-ad28639b9b32,dfae2811-91c3-5710-b003-ea16bfdbc899,"Sony WH-CH520 wireless headphones, black",dfc56eef-4ac9-50ce-b4c8-81cc669c4374,39.24,1,0.71
6d8f04f1-bc42-556a-b347-aa36c47d8534,74c4fbc9-fefc-5232-8c0c-1b4bec88041e,"Ryobi drill bit set, 20 piece",b37366c7-b51f-5b63-95f1-e4bd96f6ad3e,56.96,3,0.91
bd6ed2fc-72c3-5519-be78-853a4aada50c,74c4fbc9-fefc-5232-8c0c-1b4bec88041e,"Behr Premium Plus interior paint, 1 gal",b37366c7-b51f-5b63-95f1-e4bd96f6ad3e,44.05,2,0.74
dba9cb67-0c13-5bd4-ae2b-cfb9669961c5,74c4fbc9-fefc-5232-8c0c-1b4bec88041e,"Miracle-Gro potting mix, 25 qt",b37366c7-b51f-5b63-95f1-e4bd96f6ad3e,43.58,3,0.76
b33886e3-c493-5ad7-91ad-47729f889b09,74c4fbc9-fefc-5232-8c0c-1b4bec88041e,"Miracle-Gro potting mix, 25 qt",b37366c7-b51f-5b63-95f1-e4bd96f6ad3e,53.28,3,0.88
c32c1ac4-e588-575d-86a7-72d066802fe2,74c4fbc9-fefc-5232-8c0c-1b4bec88041e,"Behr Premium Plus interior paint, 1 gal",b37366c7-b51f-5b63-95f1-e4bd96f6ad3e,100.76,1,0.87
d5647d9f-5564-5617-88ab-6a7f10e9f5c6,dd7ac126-8d23-5815-b788-545ba3b41306,10 piece Chicken McNuggets,9f0065b4-325d-5ecd-9328-d24b02759cfc,2.38,1,0.82
d30020d3-5aea-5cb9-8d33-79e7303904ca,dd7ac126-8d23-5815-b788-545ba3b41306,Quarter Pounder meal,9f0065b4-325d-5ecd-9328-d24b02759cfc,3.86,1,0.93
e10bc74d-e9ef-5296-aff0-346d3f4f98b8,fa1d55d6-e46b-52a9-baa0-2da63aa219b3,"Ninja replacement blender cups, 2-pack",b37366c7-b51f-5b63-95f1-e4bd96f6ad3e,39.98,1,0.71
9d7bdeae-d2f5-547a-80c6-a00cd7f4b085,fa1d55d6-e46b-52a9-baa0-2da63aa219b3,"Ninja replacement blender cups, 2-pack",b37366c7-b51f-5b63-95f1-e4bd96f6ad3e,42.69,3,0.77
2bc8553f-2f78-5854-aabb-417126e7dce5,fa1d55d6-e46b-52a9-baa0-2da63aa219b3,"Command picture hanging strips, medium",b37366c7-b51f-5b63-95f1-e4bd96f6ad3e,84.58,3,0.75
a1cd0c53-ff71-5fb1-85cf-6223f7444fdd,3a2f7fe0-628e-5fa1-a0ed-44c44e330e33,Half dozen assorted donuts,9f0065b4-325d-5ecd-9328-d24b02759cfc,1.93,2,0.82
aa513261-84f9-55cc-9ead-2e99b78bf40e,3a2f7fe0-628e-5fa1-a0ed-44c44e330e33,Bacon egg and cheese croissant,9f0065b4-325d-5ecd-9328-d24b02759cfc,3.17,3,0.92
b1cf7e83-1c64-5c95-a291-a27c61b7e8dc,bf17b078-8c16-5823-ba8e-751a5857d95f,Logitech MX Master 3S wireless mouse,dfc56eef-4ac9-50ce-b4c8-81cc669c4374,68.28,3,0.99
a197d8d8-5d73-56c4-92e6-acc8e58988aa,bf17b078-8c16-5823-ba8e-751a5857d95f,"SanDisk Extreme portable SSD, 1TB",dfc56eef-4ac9-50ce-b4c8-81cc669c4374,139.50,2,0.89
e96f1b66-13e8-5948-97e5-cda35bfc2ea4,bf17b078-8c16-5823-ba8e-751a5857d95f,"SanDisk Extreme portable SSD, 1TB",dfc56eef-4ac9-50ce-b4c8-81cc669c4374,160.66,2,0.95
fa639c80-e39d-5d7f-9034-8217a06f4088,6ef251fc-5bb9-5192-9a1f-ca38fee016cc,"Miracle-Gro potting mix, 25 qt",b37366c7-b51f-5b63-95f1-e4bd96f6ad3e,4.76,1,0.91
282eef2f-ca0f-5816-a9e7-bee7f20a0565,6ef251fc-5bb9-5192-9a1f-ca38fee016cc,"Miracle-Gro potting mix, 25 qt",b37366c7-b51f-5b63-95f1-e4bd96f6ad3e,3.78,3,0.79
df911cc7-74a3-528f-8f5b-4b21b111431c,6ef251fc-5bb9-5192-9a1f-ca38fee016cc,"Miracle-Gro potting mix, 25 qt",b37366c7-b51f-5b63-95f1-e4bd96f6ad3e,2.79,2,0.74
cc0e77b9-05ca-52ce-9199-154ea620271c,6ef251fc-5bb9-5192-9a1f-ca38fee016cc,"Ryobi drill bit set, 20 piece",b37366c7-b51f-5b63-95f1-e4bd96f6ad3e,4.92,2,0.91
2d489937-8e8e-597b-aa1b-2ed990879b7d,6ef251fc-5bb9-5192-9a1f-ca38fee016cc,"Ryobi drill bit set, 20 piece",b37366c7-b51f-5b63-95f1-e4bd96f6ad3e,3.38,3,0.76
2ff82109-feed-5875-9c68-4f02f4570c10,6ef251fc-5bb9-5192-9a1f-ca38fee016cc,"Ryobi drill bit set, 20 piece",b37366c7-b51f-5b63-95f1-e4bd96f6ad3e,9.88,2,0.77
872ed688-6caf-5c4f-98d4-a1ef56d033d1,faf13205-87ad-5ee6-b9d7-82adf7c9f06a,"SanDisk Extreme portable SSD, 1TB",dfc56eef-4ac9-50ce-b4c8-81cc669c4374,115.65,3,0.82
7619d28a-5d53-5428-80e7-34390926225f,faf13205-87ad-5ee6-b9d7-82adf7c9f06a,"Apple AirTag, single pack",dfc56eef-4ac9-50ce-b4c8-81cc669c4374,101.71,3,0.8
8714bf3a-ca69-5275-be87-72398f0affa3,faf13205-87ad-5ee6-b9d7-82adf7c9f06a,"Apple AirTag, single pack",dfc56eef-4ac9-50ce-b4c8-81cc669c4374,122.08,1,0.96
2bd946c7-42f8-5ac9-940a-5ddace7ca9e5,faf13205-87ad-5ee6-b9d7-82adf7c9f06a,Logitech MX Master 3S wireless mouse,dfc56eef-4ac9-50ce-b4c8-81cc669c4374,147.44,1,0.86
9bd389b5-13cc-596f-9d91-e9f9e4399484,b0e37242-cd75-5403-8a82-5cea0a3aaa90,Insignia 6-outlet surge protector,dfc56eef-4ac9-50ce-b4c8-81cc669c4374,234.46,1,0.95
354b2aa5-77e1-5d30-95bb-1ab89b83df18,b0e37242-cd75-5403-8a82-5cea0a3aaa90,Insignia 6-outlet surge protector,dfc56eef-4ac9-50ce-b4c8-81cc669c4374,261.66,3,0.83
83f48d37-a679-5470-b79e-d3a5258b9740,5a0add99-c947-53cb-93c7-f87ec4f2dc69,"Regular unleaded fuel, pump 4",b37366c7-b51f-5b63-95f1-e4bd96f6ad3e,10.42,2,0.84
ef3fb822-ef86-5072-9413-c6f80ff869f0,5a0add99-c947-53cb-93c7-f87ec4f2dc69,Car wash express package,b37366c7-b51f-5b63-95f1-e4bd96f6ad3e,8.51,2,0.72
02b8669a-983e-5eb2-9c86-adbbff7dc0ea,5a0add99-c947-53cb-93c7-f87ec4f2dc69,"Regular unleaded fuel, pump 4",b37366c7-b51f-5b63-95f1-e4bd96f6ad3e,9.57,2,0.76
dcfcd914-be55-5be7-8d87-2a2e27dd6007,5a0add99-c947-53cb-93c7-f87ec4f2dc69,"Regular unleaded fuel, pump 4",b37366c7-b51f-5b63-95f1-e4bd96f6ad3e,26.47,2,0.9
cb91d394-4ee8-537f-aa8a-9c451ed7bfdb,1bb1a8b9-3d84-53de-9115-b840a7b8e4be,"Husky heavy-duty storage bin, 27 gal",b37366c7-b51f-5b63-95f1-e4bd96f6ad3e,24.06,1,0.95
fa29d46b-7fd4-5c73-abf6-28d61b04a1ec,1bb1a8b9-3d84-53de-9115-b840a7b8e4be,"Behr Premium Plus interior paint, 1 gal",b37366c7-b51f-5b63-95f1-e4bd96f6ad3e,19.31,3,0.8
a82cdfd2-6b49-5eb3-9b54-706ba617c842,1bb1a8b9-3d84-53de-9115-b840a7b8e4be,"Miracle-Gro potting mix, 25 qt",b37366c7-b51f-5b63-95f1-e4bd96f6ad3e,27.37,2,0.87
4d876763-715c-590b-b977-f8221664b22f,1bb1a8b9-3d84-53de-9115-b840a7b8e4be,"Miracle-Gro potting mix, 25 qt",b37366c7-b51f-5b63-95f1-e4bd96f6ad3e,31.16,2,0.93
b3451a06-a623-5aed-9934-97fc797239f7,1928ad9d-41f6-5f1a-92ac-3f68e6588bd6,"Behr Premium Plus interior paint, 1 gal",b37366c7-b51f-5b63-95f1-e4bd96f6ad3e,17.19,2,0.94
ddff6502-feba-5fd7-9d4d-785f44955f3d,1928ad9d-41f6-5f1a-92ac-3f68e6588bd6,"Miracle-Gro potting mix, 25 qt",b37366c7-b51f-5b63-95f1-e4bd96f6ad3e,19.64,1,0.94
825580a2-76f6-5b23-8bb5-6796b08ae42e,1928ad9d-41f6-5f1a-92ac-3f68e6588bd6,"Miracle-Gro potting mix, 25 qt",b37366c7-b51f-5b63-95f1-e4bd96f6ad3e,27.73,3,0.71
cd743fe4-124a-551c-b8d4-5a4014ccab05,1928ad9d-41f6-5f1a-92ac-3f68e6588bd6,"Behr Premium Plus interior paint, 1 gal",b37366c7-b51f-5b63-95f1-e4bd96f6ad3e,34.24,2,0.83
3bf13c42-38e5-58f2-b948-7a45c89a3d9c,1928ad9d-41f6-5f1a-92ac-3f68e6588bd6,"Ryobi drill bit set, 20 piece",b37366c7-b51f-5b63-95f1-e4bd96f6ad3e,26.92,2,0.78
84509fbd-02f4-5047-ac3b-06ceb4f65713,1928ad9d-41f6-5f1a-92ac-3f68e6588bd6,"Behr Premium Plus interior paint, 1 gal",b37366c7-b51f-5b63-95f1-e4bd96f6ad3e,49.18,1,0.86
f1e59cda-bfff-52e6-ab2f-563033f608df,fcf07593-00ea-5f05-bc4d-d24488420daa,"Behr Premium Plus interior paint, 1 gal",b37366c7-b51f-5b63-95f1-e4bd96f6ad3e,16.11,1,0.76
4a98fd89-4f28-5051-9747-1e554a03ba27,fcf07593-00ea-5f05-bc4d-d24488420daa,"Husky heavy-duty storage bin, 27 gal",b37366c7-b51f-5b63-95f1-e4bd96f6ad3e,25.21,2,0.85
f7be62a2-a927-5648-88c2-13fddf0a834d,fcf07593-00ea-5f05-bc4d-d24488420daa,"Behr Premium Plus interior paint, 1 gal",b37366c7-b51f-5b63-95f1-e4bd96f6ad3e,22.99,2,0.72
e36fdc14-6473-555e-8983-2b689132d04c,fcf07593-00ea-5f05-bc4d-d24488420daa,"Miracle-Gro potting mix, 25 qt",b37366c7-b51f-5b63-95f1-e4bd96f6ad3e,38.13,3,0.82
60990dbf-e0dc-5b7c-b1ae-e8db64471bbc,d520a9ed-288b-5276-b980-d2cf5d8122d2,"Husky heavy-duty storage bin, 27 gal",b37366c7-b51f-5b63-95f1-e4bd96f6ad3e,39.58,1,0.86
25928d78-f66c-51c4-b7b3-3245c4fdca66,d520a9ed-288b-5276-b980-d2cf5d8122d2,"Miracle-Gro potting mix, 25 qt",b37366c7-b51f-5b63-95f1-e4bd96f6ad3e,47.46,1,0.7
64e50329-ee79-523c-92af-d1a297ae7094,d520a9ed-288b-5276-b980-d2cf5d8122d2,"Miracle-Gro potting mix, 25 qt",b37366c7-b51f-5b63-95f1-e4bd96f6ad3e,85.87,3,0.79
4db9362d-04a3-55ae-8caf-691f987ee721,50cb331a-efc3-5ff5-858f-20486d44831a,Charter Club wrinkle-resistant dress shirt,95b5aa5e-4831-5a09-8b4c-36da6ac64ad5,4.17,3,0.9
cd841f60-6805-56c8-b9f6-ae1f756366a8,50cb331a-efc3-5ff5-858f-20486d44831a,Hotel Collection bath robe,95b5aa5e-4831-5a09-8b4c-36da6ac64ad5,3.75,3,0.74
982e3dcf-69eb-58d5-918f-66272a5eed33,50cb331a-efc3-5ff5-858f-20486d44831a,Hotel Collection bath robe,95b5aa5e-4831-5a09-8b4c-36da6ac64ad5,5.17,3,0.81
f2bf0a50-3ccc-5932-b42d-d0568ad2694c,50cb331a-efc3-5ff5-858f-20486d44831a,Charter Club wrinkle-resistant dress shirt,95b5aa5e-4831-5a09-8b4c-36da6ac64ad5,3.11,1,0.84
f9991aed-387c-5899-ba21-44810567334a,50cb331a-efc3-5ff5-858f-20486d44831a,Calvin Klein slim-fit chinos,95b5aa5e-4831-5a09-8b4c-36da6ac64ad5,7.45,2,0.7
6d0d460b-1aba-5109-8cae-f5238f363c90,83b57fd3-3c93-589c-80bd-6ec3b7f368ef,"Husky heavy-duty storage bin, 27 gal",b37366c7-b51f-5b63-95f1-e4bd96f6ad3e,17.78,3,0.83
2cfe3074-9cd9-53bb-9549-814707a478ca,83b57fd3-3c93-589c-80bd-6ec3b7f368ef,"Husky heavy-duty storage bin, 27 gal",b37366c7-b51f-5b63-95f1-e4bd96f6ad3e,10.77,1,0.75
5eb0cb61-daa2-578e-99b4-9cc1bf29cb5d,83b57fd3-3c93-589c-80bd-6ec3b7f368ef,"Behr Premium Plus interior paint, 1 gal",b37366c7-b51f-5b63-95f1-e4bd96f6ad3e,14.66,1,0.84
563f37a8-9dab-54ae-a5b1-38b249be3860,83b57fd3-3c93-589c-80bd-6ec3b7f368ef,"Ryobi drill bit set, 20 piece",b37366c7-b51f-5b63-95f1-e4bd96f6ad3e,22.54,2,0.77
e4278de5-01af-5a48-95cc-247dc981ba14,83b57fd3-3c93-589c-80bd-6ec3b7f368ef,"Ryobi drill bit set, 20 piece",b37366c7-b51f-5b63-95f1-e4bd96f6ad3e,19.26,1,0.95
881376ce-fa51-5424-b86a-0594c14347e3,83b57fd3-3c93-589c-80bd-6ec3b7f368ef,"Husky heavy-duty storage bin, 27 gal",b37366c7-b51f-5b63-95f1-e4bd96f6ad3e,33.01,1,0.93
1f1b12f5-4990-5c56-957b-89b2eba6e15a,8e792fe2-8e55-5892-b18f-69e988f0f39e,Bottled water and road snack,9f0065b4-325d-5ecd-9328-d24b02759cfc,10.16,3,0.96
4579dd04-524b-5711-8669-d1acb7996c85,8e792fe2-8e55-5892-b18f-69e988f0f39e,"Regular unleaded fuel, pump 4",b37366c7-b51f-5b63-95f1-e4bd96f6ad3e,16.88,1,0.89
cabf6e90-cbed-5cbf-a3d6-1e416fc9b25c,8e792fe2-8e55-5892-b18f-69e988f0f39e,"Regular unleaded fuel, pump 4",b37366c7-b51f-5b63-95f1-e4bd96f6ad3e,30.59,1,0.8
14aa43dc-69bf-5f06-88a1-86166c69dab1,4fc7e5d9-afcb-5cec-a805-7b30777f31f7,"Miracle-Gro potting mix, 25 qt",b37366c7-b51f-5b63-95f1-e4bd96f6ad3e,40.48,3,0.77
3d2d0ed8-23e6-57bc-afae-39047f84eaaf,4fc7e5d9-afcb-5cec-a805-7b30777f31f7,"Husky heavy-duty storage bin, 27 gal",b37366c7-b51f-5b63-95f1-e4bd96f6ad3e,35.78,3,0.79
12e8359f-8c56-55a8-8a70-195bfcfe21ca,4fc7e5d9-afcb-5cec-a805-7b30777f31f7,"Husky heavy-duty storage bin, 27 gal",b37366c7-b51f-5b63-95f1-e4bd96f6ad3e,48.65,1,0.89
78939b16-6768-5d07-b553-b067a73b2188,4fc7e5d9-afcb-5cec-a805-7b30777f31f7,"Ryobi drill bit set, 20 piece",b37366c7-b51f-5b63-95f1-e4bd96f6ad3e,120.79,1,0.96
b3760703-a77e-5625-81b3-c899ca0286cd,9d306823-5fa6-556d-ab45-e64c555b53c1,"Threshold cotton sheet set, queen",b37366c7-b51f-5b63-95f1-e4bd96f6ad3e,17.16,3,0.99
3414fb08-3f2b-5265-963d-e614b14d8a47,9d306823-5fa6-556d-ab45-e64c555b53c1,"Olay Regenerist face moisturizer, 1.7 oz",875ccc19-66e7-5835-86a5-73be20384685,17.89,2,0.89
56ef5627-a5d4-57ed-830c-7d6f1cf61cfb,9d306823-5fa6-556d-ab45-e64c555b53c1,LEGO Speed Champions car set,a0c8e4f4-727a-54fd-8788-686976c4a82e,24.60,1,0.76
9403326e-4bb8-5fec-9933-57d2346f54fb,9d306823-5fa6-556d-ab45-e64c555b53c1,Cat & Jack kids graphic t-shirt,95b5aa5e-4831-5a09-8b4c-36da6ac64ad5,30.35,2,0.96
c0cf3e18-5ec7-5ca1-aa31-163d1d97dc59,be5b20a4-59be-5aa5-9e7a-ecd4baf2706c,"Miracle-Gro potting mix, 25 qt",b37366c7-b51f-5b63-95f1-e4bd96f6ad3e,12.52,2,0.91
d8419de0-d4ef-58e6-98f7-d66d7cac4ebe,be5b20a4-59be-5aa5-9e7a-ecd4baf2706c,"Ryobi drill bit set, 20 piece",b37366c7-b51f-5b63-95f1-e4bd96f6ad3e,14.55,2,0.88
c2886e64-f83b-5872-9ef6-e07df1d37d46,be5b20a4-59be-5aa5-9e7a-ecd4baf2706c,"Behr Premium Plus interior paint, 1 gal",b37366c7-b51f-5b63-95f1-e4bd96f6ad3e,18.68,1,0.75
09f63434-9b74-55a6-8dbd-1fdb8e7b743f,be5b20a4-59be-5aa5-9e7a-ecd4baf2706c,"Ryobi drill bit set, 20 piece",b37366c7-b51f-5b63-95f1-e4bd96f6ad3e,28.98,3,0.89
baf02db1-3fe5-5c92-b937-6c2dea475b26,4b7e9d31-9890-5045-9ba5-f9e9d25182b8,"Good & Gather organic whole milk, 1 gal",968cb096-c18d-575b-81f5-6d06a9ee3a17,40.19,3,0.91
c6385042-75b3-5b51-8aac-6100f05118ee,4b7e9d31-9890-5045-9ba5-f9e9d25182b8,LEGO Speed Champions car set,a0c8e4f4-727a-54fd-8788-686976c4a82e,69.77,2,0.81
5fad561c-ec27-5b81-8385-dc718b6b00b4,ba270aea-1ee4-504b-9d47-627eada617d3,"Husky heavy-duty storage bin, 27 gal",b37366c7-b51f-5b63-95f1-e4bd96f6ad3e,47.43,1,0.88
2e85ab12-212a-576a-8b5d-c09fe3538cbd,ba270aea-1ee4-504b-9d47-627eada617d3,"Behr Premium Plus interior paint, 1 gal",b37366c7-b51f-5b63-95f1-e4bd96f6ad3e,31.12,3,0.92
5b2e039e-591d-5671-aa94-8d0d70e548e1,ba270aea-1ee4-504b-9d47-627eada617d3,"Behr Premium Plus interior paint, 1 gal",b37366c7-b51f-5b63-95f1-e4bd96f6ad3e,37.24,3,0.78
ea0471db-dd8d-5438-9c56-4ea09356deda,ba270aea-1ee4-504b-9d47-627eada617d3,"Miracle-Gro potting mix, 25 qt",b37366c7-b51f-5b63-95f1-e4bd96f6ad3e,90.24,2,0.75
b968b138-5aef-50ac-b18a-0a3d432f5811,6064459d-4f97-59f9-bda3-c3a0ec84eb0a,"SanDisk Extreme portable SSD, 1TB",dfc56eef-4ac9-50ce-b4c8-81cc669c4374,21.87,2,0.97
a3d28317-fef8-5703-968f-9adcf5d24d2d,6064459d-4f97-59f9-bda3-c3a0ec84eb0a,Logitech MX Master 3S wireless mouse,dfc56eef-4ac9-50ce-b4c8-81cc669c4374,15.28,2,0.71
3fbdc384-ac50-5430-b5e9-a4bc081daebb,6064459d-4f97-59f9-bda3-c3a0ec84eb0a,"SanDisk Extreme portable SSD, 1TB",dfc56eef-4ac9-50ce-b4c8-81cc669c4374,14.65,3,0.9
e15e8a83-6ff3-54f2-9003-2408202435ec,6064459d-4f97-59f9-bda3-c3a0ec84eb0a,Logitech MX Master 3S wireless mouse,dfc56eef-4ac9-50ce-b4c8-81cc669c4374,21.96,3,0.75
3b0877ca-2abc-593a-852f-d6d5865ca1d0,6064459d-4f97-59f9-bda3-c3a0ec84eb0a,"SanDisk Extreme portable SSD, 1TB",dfc56eef-4ac9-50ce-b4c8-81cc669c4374,50.00,1,0.82
2062382b-93fd-56c8-856c-506872f19880,eb0e23b6-92d5-53df-a182-550cdd78445c,"Regular unleaded fuel, pump 4",b37366c7-b51f-5b63-95f1-e4bd96f6ad3e,9.86,1,0.81
6b4a4456-274b-5e67-9f24-470fbce2d6d0,eb0e23b6-92d5-53df-a182-550cdd78445c,"Regular unleaded fuel, pump 4",b37366c7-b51f-5b63-95f1-e4bd96f6ad3e,11.70,3,0.88
98496ac5-2090-590e-b82a-d2a9fc86dcaa,eb0e23b6-92d5-53df-a182-550cdd78445c,Bottled water and road snack,9f0065b4-325d-5ecd-9328-d24b02759cfc,15.11,2,0.74
909217ec-365e-58d3-acfb-3aa7203332a3,eb0e23b6-92d5-53df-a182-550cdd78445c,Car wash express package,b37366c7-b51f-5b63-95f1-e4bd96f6ad3e,15.95,3,0.94
5cc440e7-feb2-51ba-95f4-a6145a58f761,91d17f8f-762c-558c-9860-cd5c51f073aa,"Threshold cotton sheet set, queen",b37366c7-b51f-5b63-95f1-e4bd96f6ad3e,18.79,3,0.88
8922e3f8-1478-507e-a01d-e8e137b13e8d,91d17f8f-762c-558c-9860-cd5c51f073aa,Cat & Jack kids graphic t-shirt,95b5aa5e-4831-5a09-8b4c-36da6ac64ad5,20.73,2,0.71
c7af65c2-699f-5b2c-830f-9295a657a874,91d17f8f-762c-558c-9860-cd5c51f073aa,"Threshold cotton sheet set, queen",b37366c7-b51f-5b63-95f1-e4bd96f6ad3e,37.12,2,0.96
f8a1faff-81ac-52bd-b7b1-24abcb294509,051fe22d-734c-5fc5-87e4-5b3073a5693e,"Miracle-Gro potting mix, 25 qt",b37366c7-b51f-5b63-95f1-e4bd96f6ad3e,20.36,3,0.96
95379a19-d73b-521c-860f-c80289863880,051fe22d-734c-5fc5-87e4-5b3073a5693e,"Ryobi drill bit set, 20 piece",b37366c7-b51f-5b63-95f1-e4bd96f6ad3e,14.97,1,0.78
95d739e6-8c78-574f-a103-58408f178843,051fe22d-734c-5fc5-87e4-5b3073a5693e,"Miracle-Gro potting mix, 25 qt",b37366c7-b51f-5b63-95f1-e4bd96f6ad3e,18.75,3,0.79
027a9e88-838e-530e-a87a-5ebc4965b07c,051fe22d-734c-5fc5-87e4-5b3073a5693e,"Miracle-Gro potting mix, 25 qt",b37366c7-b51f-5b63-95f1-e4bd96f6ad3e,36.89,1,0.73
d54e9d48-2812-54b1-aa1d-2cefacfecc34,051fe22d-734c-5fc5-87e4-5b3073a5693e,"Miracle-Gro potting mix, 25 qt",b37366c7-b51f-5b63-95f1-e4bd96f6ad3e,37.37,3,0.83
65753a0d-5821-5684-b07e-5e5be8ba30ae,55d4ec4c-e18e-5aed-ad43-1606b04564ce,McCafe medium latte,1f008adf-0619-503a-a18b-d7efc791afea,2.53,2,0.89
19febaaf-cb37-5f02-b4a4-34a6f91c8cef,55d4ec4c-e18e-5aed-ad43-1606b04564ce,10 piece Chicken McNuggets,9f0065b4-325d-5ecd-9328-d24b02759cfc,3.86,1,0.72
b30ee762-d913-5743-8b9f-a9c01871b7bc,55d4ec4c-e18e-5aed-ad43-1606b04564ce,Quarter Pounder meal,9f0065b4-325d-5ecd-9328-d24b02759cfc,5.65,2,0.74
51efe8f8-088d-5caa-8677-09a1d73a5b46,b0762cd5-783f-5092-b9df-ed7a67a061d7,Medium iced coffee with oat milk,1f008adf-0619-503a-a18b-d7efc791afea,1.25,1,0.84
2db36cfa-ab6a-5882-b93d-5ae2246c97c9,b0762cd5-783f-5092-b9df-ed7a67a061d7,Half dozen assorted donuts,9f0065b4-325d-5ecd-9328-d24b02759cfc,1.16,1,0.71
b199984e-df6f-5485-856d-a59a10092ce3,b0762cd5-783f-5092-b9df-ed7a67a061d7,Half dozen assorted donuts,9f0065b4-325d-5ecd-9328-d24b02759cfc,2.12,2,0.99
fa377126-900a-5d09-8c16-f8fed7fbfd21,3401f4f9-a6d3-5e54-ae6b-df830aa11d56,"Up & Up paper towels, 6 double rolls",b37366c7-b51f-5b63-95f1-e4bd96f6ad3e,1.55,2,0.98
7920085f-d371-506c-8ae4-a899119b621d,3401f4f9-a6d3-5e54-ae6b-df830aa11d56,"Threshold cotton sheet set, queen",b37366c7-b51f-5b63-95f1-e4bd96f6ad3e,1.71,3,0.96
d227efed-bd72-5eb7-af46-937100effd4f,3401f4f9-a6d3-5e54-ae6b-df830aa11d56,LEGO Speed Champions car set,a0c8e4f4-727a-54fd-8788-686976c4a82e,1.69,2,0.79
066cdd7f-1777-5360-b13c-18444bca69af,3401f4f9-a6d3-5e54-ae6b-df830aa11d56,Cat & Jack kids graphic t-shirt,95b5aa5e-4831-5a09-8b4c-36da6ac64ad5,1.07,3,0.96
26f54212-7923-529e-887e-ad184745d76a,3401f4f9-a6d3-5e54-ae6b-df830aa11d56,LEGO Speed Champions car set,a0c8e4f4-727a-54fd-8788-686976c4a82e,1.93,3,0.71
ab7b2ace-069a-5751-97c2-78cf7165b966,3401f4f9-a6d3-5e54-ae6b-df830aa11d56,"Threshold cotton sheet set, queen",b37366c7-b51f-5b63-95f1-e4bd96f6ad3e,2.39,1,0.79
315cefcd-6dae-5d8d-87d9-2216f3c28235,d571bd7e-39b8-54c0-8f1d-c06d53ef4324,"CVS Health ibuprofen 200mg caplets, 100 ct",b37366c7-b51f-5b63-95f1-e4bd96f6ad3e,1.36,3,0.8
0c5e78cc-ff6f-56a0-a188-203b78c2f911,d571bd7e-39b8-54c0-8f1d-c06d53ef4324,"CVS Health ibuprofen 200mg caplets, 100 ct",b37366c7-b51f-5b63-95f1-e4bd96f6ad3e,1.21,2,1.0
95e1dc0e-2a96-50c3-b366-001f5bc78b9d,d571bd7e-39b8-54c0-8f1d-c06d53ef4324,"Band-Aid flexible fabric bandages, 30 ct",b37366c7-b51f-5b63-95f1-e4bd96f6ad3e,1.49,3,0.95
28368b02-9381-5a33-a74f-01144b86c60e,d571bd7e-39b8-54c0-8f1d-c06d53ef4324,"Band-Aid flexible fabric bandages, 30 ct",b37366c7-b51f-5b63-95f1-e4bd96f6ad3e,1.40,1,0.99
f89e7283-ddb8-580b-9ea1-7a3a3582f225,d571bd7e-39b8-54c0-8f1d-c06d53ef4324,Neutrogena Ultra Sheer sunscreen SPF 55,875ccc19-66e7-5835-86a5-73be20384685,2.34,1,0.95
26dcd8d2-2006-5f04-a864-f68e42f9d5fc,6e55cbfb-a250-50a4-901e-b435a3135d45,"Ryobi drill bit set, 20 piece",b37366c7-b51f-5b63-95f1-e4bd96f6ad3e,36.05,2,0.91
b3c4a58c-6f17-50d8-a091-e0bc7f4f823b,6e55cbfb-a250-50a4-901e-b435a3135d45,"Miracle-Gro potting mix, 25 qt",b37366c7-b51f-5b63-95f1-e4bd96f6ad3e,33.33,1,0.74
54847dce-6edd-5efd-8d18-e0fde60d6860,6e55cbfb-a250-50a4-901e-b435a3135d45,"Behr Premium Plus interior paint, 1 gal",b37366c7-b51f-5b63-95f1-e4bd96f6ad3e,55.43,3,0.79
cbc6a47b-9346-564e-a677-8a482f6af457,6e55cbfb-a250-50a4-901e-b435a3135d45,"Husky heavy-duty storage bin, 27 gal",b37366c7-b51f-5b63-95f1-e4bd96f6ad3e,55.58,2,0.91
99b77dc1-dd7d-5bb7-8fa4-ecc06829503b,6e55cbfb-a250-50a4-901e-b435a3135d45,"Ryobi drill bit set, 20 piece",b37366c7-b51f-5b63-95f1-e4bd96f6ad3e,78.79,1,0.76
b05c53aa-5df0-59ce-bea8-9740771d9476,bf0d6195-2b09-5f05-87cc-beb447a27a9b,Iced brown sugar shaken espresso,1f008adf-0619-503a-a18b-d7efc791afea,1.53,2,0.9
86c2d8b6-8a52-5413-9614-e078c335a96e,ba641d46-588e-503f-97aa-22b1c47e58ef,"Regular unleaded fuel, pump 4",b37366c7-b51f-5b63-95f1-e4bd96f6ad3e,16.64,3,0.81
63bdab3c-7a7e-59bc-b3dd-e6eb9fbb67f9,ba641d46-588e-503f-97aa-22b1c47e58ef,Bottled water and road snack,9f0065b4-325d-5ecd-9328-d24b02759cfc,12.89,2,0.72
0272ba39-de8b-5090-92d4-980ca3afaaac,ba641d46-588e-503f-97aa-22b1c47e58ef,Car wash express package,b37366c7-b51f-5b63-95f1-e4bd96f6ad3e,32.79,2,0.81
ed564202-c4f7-5654-b171-9deb135adb91,4f71e669-3a9a-510e-8817-e927b171dca7,"Marketside rotisserie chicken, hot",9f0065b4-325d-5ecd-9328-d24b02759cfc,27.81,3,0.88
b0e96e64-1761-565a-ab90-8c2427b71c4b,4f71e669-3a9a-510e-8817-e927b171dca7,"Equate daily multivitamin tablets, 200 count",b37366c7-b51f-5b63-95f1-e4bd96f6ad3e,27.08,2,1.0
c6c1eb66-9197-5c74-a4c2-8639f85f1a0f,4f71e669-3a9a-510e-8817-e927b171dca7,"Great Value cage-free large eggs, 18 count",968cb096-c18d-575b-81f5-6d06a9ee3a17,31.31,3,0.77
3ed2ea73-f21e-5856-9d05-72fa329f6bc4,4f71e669-3a9a-510e-8817-e927b171dca7,"Fresh bananas, per lb",968cb096-c18d-575b-81f5-6d06a9ee3a17,56.06,1,0.86
9cd9d2a6-d728-531d-892a-22bc081691b2,a45ce880-0830-5d13-97d7-5887019fa3a4,"Great Value cage-free large eggs, 18 count",968cb096-c18d-575b-81f5-6d06a9ee3a17,27.09,1,0.86
15a881ef-4845-5229-8914-354a6a6fd0dd,a45ce880-0830-5d13-97d7-5887019fa3a4,"Fresh bananas, per lb",968cb096-c18d-575b-81f5-6d06a9ee3a17,33.70,3,0.95
57351865-8d9c-5a8b-9319-9076ddb1ca39,a41925e9-b926-5a33-86fc-2b4a509d95a8,Logitech MX Master 3S wireless mouse,dfc56eef-4ac9-50ce-b4c8-81cc669c4374,192.89,3,0.77
f8dd761e-9048-5069-9701-b1947a8f693b,a41925e9-b926-5a33-86fc-2b4a509d95a8,Logitech MX Master 3S wireless mouse,dfc56eef-4ac9-50ce-b4c8-81cc669c4374,279.11,1,0.87
83925310-cc02-5a31-8670-16c4f78a38f1,645b604a-e74b-51c6-8d1f-45002353ae05,"Ryobi drill bit set, 20 piece",b37366c7-b51f-5b63-95f1-e4bd96f6ad3e,7.41,1,1.0
3ef059d2-cd23-572b-95d6-90829fe13f59,645b604a-e74b-51c6-8d1f-45002353ae05,"Miracle-Gro potting mix, 25 qt",b37366c7-b51f-5b63-95f1-e4bd96f6ad3e,6.57,1,0.74
4718d557-920e-5ea5-828e-fdcd3a6d3fa9,645b604a-e74b-51c6-8d1f-45002353ae05,"Behr Premium Plus interior paint, 1 gal",b37366c7-b51f-5b63-95f1-e4bd96f6ad3e,7.33,2,0.97
f7f6c5b2-a337-573f-8e63-f67570745150,645b604a-e74b-51c6-8d1f-45002353ae05,"Behr Premium Plus interior paint, 1 gal",b37366c7-b51f-5b63-95f1-e4bd96f6ad3e,7.62,1,0.79
4b8953c1-0618-5d5a-bd02-8ff20737ed17,645b604a-e74b-51c6-8d1f-45002353ae05,"Husky heavy-duty storage bin, 27 gal",b37366c7-b51f-5b63-95f1-e4bd96f6ad3e,10.22,2,0.83
5e5c4c3e-c9ad-5bda-b05e-ee9fb9feef2a,b6317f17-950a-5b75-b56f-6b533b4d987e,"Miracle-Gro potting mix, 25 qt",b37366c7-b51f-5b63-95f1-e4bd96f6ad3e,6.57,1,0.93
68495e73-a25c-554e-a585-9b3253be4d40,b6317f17-950a-5b75-b56f-6b533b4d987e,"Husky heavy-duty storage bin, 27 gal",b37366c7-b51f-5b63-95f1-e4bd96f6ad3e,6.92,3,0.85
117c1fb6-0167-5652-9203-b3ddd86530b0,b6317f17-950a-5b75-b56f-6b533b4d987e,"Behr Premium Plus interior paint, 1 gal",b37366c7-b51f-5b63-95f1-e4bd96f6ad3e,7.80,2,1.0
2f648e33-7000-5f60-a95a-b519c31f8ee3,b6317f17-950a-5b75-b56f-6b533b4d987e,"Miracle-Gro potting mix, 25 qt",b37366c7-b51f-5b63-95f1-e4bd96f6ad3e,9.25,1,0.84
9455938b-da76-54f7-b09e-b1740557850e,b6317f17-950a-5b75-b56f-6b533b4d987e,"Behr Premium Plus interior paint, 1 gal",b37366c7-b51f-5b63-95f1-e4bd96f6ad3e,20.41,3,0.92
4a2989da-9a60-599f-a548-73b4faccefbb,335915dc-6073-5520-8277-a35a17b4e474,"Ryobi drill bit set, 20 piece",b37366c7-b51f-5b63-95f1-e4bd96f6ad3e,27.73,3,0.89
fc042cb2-69a1-586d-81a1-b732b54e7883,335915dc-6073-5520-8277-a35a17b4e474,"Husky heavy-duty storage bin, 27 gal",b37366c7-b51f-5b63-95f1-e4bd96f6ad3e,52.64,1,0.8
b345d4a8-acb6-5e31-9234-2e280d70be8f,e4790f42-05de-5867-8147-c972de411563,"Ryobi drill bit set, 20 piece",b37366c7-b51f-5b63-95f1-e4bd96f6ad3e,13.67,1,0.76
2a138b37-6d92-5e96-b599-9383f2d5c0ab,e4790f42-05de-5867-8147-c972de411563,"Husky heavy-duty storage bin, 27 gal",b37366c7-b51f-5b63-95f1-e4bd96f6ad3e,12.16,3,0.91
3576a4a6-5d0e-5773-87bf-69fdb1600343,e4790f42-05de-5867-8147-c972de411563,"Miracle-Gro potting mix, 25 qt",b37366c7-b51f-5b63-95f1-e4bd96f6ad3e,22.46,3,0.91
8aedaea1-a55d-5b00-b568-7af6fe2ebf3d,e4790f42-05de-5867-8147-c972de411563,"Ryobi drill bit set, 20 piece",b37366c7-b51f-5b63-95f1-e4bd96f6ad3e,18.78,1,0.79
55f8e630-bf2d-531b-8d05-0935fdfb14ae,e4790f42-05de-5867-8147-c972de411563,"Ryobi drill bit set, 20 piece",b37366c7-b51f-5b63-95f1-e4bd96f6ad3e,30.48,3,0.74
f733f1c5-1cdc-54b2-9a0f-c59158eda683,befcc88f-5de0-51d0-9ceb-5d3812165091,"Miracle-Gro potting mix, 25 qt",b37366c7-b51f-5b63-95f1-e4bd96f6ad3e,9.91,3,0.78
a70e6eb2-5aaf-5e33-8202-22da7a4233ad,befcc88f-5de0-51d0-9ceb-5d3812165091,"Husky heavy-duty storage bin, 27 gal",b37366c7-b51f-5b63-95f1-e4bd96f6ad3e,15.87,2,0.77
14e3cbd0-bc57-5a43-814c-4b1beec265a6,befcc88f-5de0-51d0-9ceb-5d3812165091,"Miracle-Gro potting mix, 25 qt",b37366c7-b51f-5b63-95f1-e4bd96f6ad3e,12.96,1,0.83
91f6e1fb-20fe-583d-92e0-e2026c363c98,befcc88f-5de0-51d0-9ceb-5d3812165091,"Miracle-Gro potting mix, 25 qt",b37366c7-b51f-5b63-95f1-e4bd96f6ad3e,19.83,2,0.74
bd5074d8-bcf0-5a4a-b66d-c8748e181381,befcc88f-5de0-51d0-9ceb-5d3812165091,"Miracle-Gro potting mix, 25 qt",b37366c7-b51f-5b63-95f1-e4bd96f6ad3e,18.10,1,0.84
cd47b339-baa8-5ca7-8ce5-42abc53039ba,befcc88f-5de0-51d0-9ceb-5d3812165091,"Husky heavy-duty storage bin, 27 gal",b37366c7-b51f-5b63-95f1-e4bd96f6ad3e,30.85,1,0.87
7e300577-5927-5413-ae1d-845e03b64bbf,22cf21ed-8f01-554e-863a-30e9b0df1cfb,"Miracle-Gro potting mix, 25 qt",b37366c7-b51f-5b63-95f1-e4bd96f6ad3e,38.32,3,0.97
b449801f-0555-579c-990b-0bbd1f8e5ece,22cf21ed-8f01-554e-863a-30e9b0df1cfb,"Behr Premium Plus interior paint, 1 gal",b37366c7-b51f-5b63-95f1-e4bd96f6ad3e,64.34,2,0.75
ae48e387-8e74-56b5-a459-3796a7145427,22cf21ed-8f01-554e-863a-30e9b0df1cfb,"Behr Premium Plus interior paint, 1 gal",b37366c7-b51f-5b63-95f1-e4bd96f6ad3e,40.92,2,0.81
cbcc676d-959c-5d23-8c20-b70340dac84c,22cf21ed-8f01-554e-863a-30e9b0df1cfb,"Ryobi drill bit set, 20 piece",b37366c7-b51f-5b63-95f1-e4bd96f6ad3e,106.52,1,0.81
270ef7c4-4263-58c3-9304-554e63201f69,53318833-7644-5183-84a1-7b801b37aa19,Kindle ebook: personal finance workbook,a9848b00-9c7c-507a-b1f6-7ae28230a56b,24.76,1,0.75
bd4ea12a-2a3b-5d97-b8d1-89dc583a754c,53318833-7644-5183-84a1-7b801b37aa19,Kindle ebook: personal finance workbook,a9848b00-9c7c-507a-b1f6-7ae28230a56b,34.23,2,0.83
81e953a0-a665-5f7d-b709-034fba0caf2f,53318833-7644-5183-84a1-7b801b37aa19,"Ninja replacement blender cups, 2-pack",b37366c7-b51f-5b63-95f1-e4bd96f6ad3e,48.28,3,0.94
06ca2d02-9848-5bfa-bb09-9e4dbdc115af,53318833-7644-5183-84a1-7b801b37aa19,Kindle ebook: personal finance workbook,a9848b00-9c7c-507a-b1f6-7ae28230a56b,65.76,1,0.94
0638461a-cfee-52ba-b2c2-1f494936fda8,b2c75861-e61b-55ed-ab8d-a855bccf1552,"Husky heavy-duty storage bin, 27 gal",b37366c7-b51f-5b63-95f1-e4bd96f6ad3e,41.29,3,0.76
1dbffb56-a175-5a3f-b058-22b44871b7c9,b2c75861-e61b-55ed-ab8d-a855bccf1552,"Husky heavy-duty storage bin, 27 gal",b37366c7-b51f-5b63-95f1-e4bd96f6ad3e,33.89,2,0.76
7e7dbaaf-573c-5981-bda3-449ab05bc478,b2c75861-e61b-55ed-ab8d-a855bccf1552,"Behr Premium Plus interior paint, 1 gal",b37366c7-b51f-5b63-95f1-e4bd96f6ad3e,38.87,3,0.84
d391a6a2-70c2-57e7-ab41-6ee299dbcf4c,b2c75861-e61b-55ed-ab8d-a855bccf1552,"Miracle-Gro potting mix, 25 qt",b37366c7-b51f-5b63-95f1-e4bd96f6ad3e,31.10,2,0.75
2acfa29c-2ce9-5fec-b682-574b5c9ed088,b2c75861-e61b-55ed-ab8d-a855bccf1552,"Ryobi drill bit set, 20 piece",b37366c7-b51f-5b63-95f1-e4bd96f6ad3e,63.62,3,0.83
b0af3058-fe15-5754-8dbb-cc74993875e8,3cda1a51-4aba-5eef-a17f-e670791a001c,"Ryobi drill bit set, 20 piece",b37366c7-b51f-5b63-95f1-e4bd96f6ad3e,26.35,2,0.92
a930f11e-a5ff-5a5c-91ad-f727fd7838c3,3cda1a51-4aba-5eef-a17f-e670791a001c,"Behr Premium Plus interior paint, 1 gal",b37366c7-b51f-5b63-95f1-e4bd96f6ad3e,36.84,2,0.82
c2af0fe1-ea98-58b0-8d2d-0672dd63a330,3cda1a51-4aba-5eef-a17f-e670791a001c,"Behr Premium Plus interior paint, 1 gal",b37366c7-b51f-5b63-95f1-e4bd96f6ad3e,32.65,3,0.94
fd276211-8537-5aa9-82f7-ed8b0cc96f5f,3cda1a51-4aba-5eef-a17f-e670791a001c,"Miracle-Gro potting mix, 25 qt",b37366c7-b51f-5b63-95f1-e4bd96f6ad3e,22.95,2,0.88
8c203d8e-b8ae-5213-91d6-2b7fe25bdda3,3cda1a51-4aba-5eef-a17f-e670791a001c,"Behr Premium Plus interior paint, 1 gal",b37366c7-b51f-5b63-95f1-e4bd96f6ad3e,56.88,2,0.75
e9ab39e8-a817-52a2-817e-2f2817dfeca1,58454604-4f45-55fd-9afd-d1c47825011f,"Ninja replacement blender cups, 2-pack",b37366c7-b51f-5b63-95f1-e4bd96f6ad3e,12.87,2,0.93
cbfc7f26-553b-5766-ac24-4b8df7952ea8,58454604-4f45-55fd-9afd-d1c47825011f,"Amazon Basics braided HDMI cable, 6 ft",dfc56eef-4ac9-50ce-b4c8-81cc669c4374,16.12,1,0.99
76d0efec-0ca2-551e-a55a-cef2b69906bb,58454604-4f45-55fd-9afd-d1c47825011f,Kindle ebook: personal finance workbook,a9848b00-9c7c-507a-b1f6-7ae28230a56b,18.18,2,0.82
8816aa17-00b7-5d37-a793-c92b5b4bcc8e,58454604-4f45-55fd-9afd-d1c47825011f,"Command picture hanging strips, medium",b37366c7-b51f-5b63-95f1-e4bd96f6ad3e,25.59,1,0.83
698a27d5-977e-558a-af03-d08fff5e71e9,58454604-4f45-55fd-9afd-d1c47825011f,"Sony WH-CH520 wireless headphones, black",dfc56eef-4ac9-50ce-b4c8-81cc669c4374,29.53,3,0.99
2f9f9afd-94f3-5184-ad8a-dae0c685a0ff,e6af10d3-c570-5e3c-aa4c-39cdd0941c63,Logitech MX Master 3S wireless mouse,dfc56eef-4ac9-50ce-b4c8-81cc669c4374,57.04,1,0.82
e4d2166c-1f3e-5601-aa79-97983c7deaca,e6af10d3-c570-5e3c-aa4c-39cdd0941c63,Logitech MX Master 3S wireless mouse,dfc56eef-4ac9-50ce-b4c8-81cc669c4374,63.19,2,0.84
6e202362-5214-58c5-92c2-2bc6b5580c8d,e6af10d3-c570-5e3c-aa4c-39cdd0941c63,"Apple AirTag, single pack",dfc56eef-4ac9-50ce-b4c8-81cc669c4374,75.75,1,0.73
24374fe7-88b1-5b7e-8d52-5069142a01c7,e6af10d3-c570-5e3c-aa4c-39cdd0941c63,"Apple AirTag, single pack",dfc56eef-4ac9-50ce-b4c8-81cc669c4374,84.62,2,0.76
9d18b929-7332-5dc4-a7da-90ababc09917,e6af10d3-c570-5e3c-aa4c-39cdd0941c63,Insignia 6-outlet surge protector,dfc56eef-4ac9-50ce-b4c8-81cc669c4374,69.28,2,1.0
8eda8c54-e694-592a-a9f1-7d70bdcd939c,e6af10d3-c570-5e3c-aa4c-39cdd0941c63,"Apple AirTag, single pack",dfc56eef-4ac9-50ce-b4c8-81cc669c4374,139.29,1,0.91
ab72ae62-6e79-5d77-9690-3bd7a6c3640d,6e8ba60b-38f4-508e-bc5b-7413cb031f66,"Miracle-Gro potting mix, 25 qt",b37366c7-b51f-5b63-95f1-e4bd96f6ad3e,39.23,1,0.87
98e5b98c-2ec8-5d69-9501-65b7a7941ca3,6e8ba60b-38f4-508e-bc5b-7413cb031f66,"Husky heavy-duty storage bin, 27 gal",b37366c7-b51f-5b63-95f1-e4bd96f6ad3e,59.26,1,0.92
cc29d401-5a44-5235-b605-0a964d3812cd,6e8ba60b-38f4-508e-bc5b-7413cb031f66,"Husky heavy-duty storage bin, 27 gal",b37366c7-b51f-5b63-95f1-e4bd96f6ad3e,50.27,2,0.9
ac0810c5-e17e-5120-9c93-24c4a170f9e2,6e8ba60b-38f4-508e-bc5b-7413cb031f66,"Ryobi drill bit set, 20 piece",b37366c7-b51f-5b63-95f1-e4bd96f6ad3e,64.19,1,0.75
7eb89666-96b4-5a43-bb65-dfb0b875d7ba,6e8ba60b-38f4-508e-bc5b-7413cb031f66,"Miracle-Gro potting mix, 25 qt",b37366c7-b51f-5b63-95f1-e4bd96f6ad3e,76.61,1,0.85
f7a4cbe2-d920-509a-a7ca-18cd64a582c8,dad37546-2161-516e-8775-a10bdaddece3,"Olay Regenerist face moisturizer, 1.7 oz",875ccc19-66e7-5835-86a5-73be20384685,26.21,1,0.81
327975ec-1fa6-51e3-8eaf-60a1e8c68bef,dad37546-2161-516e-8775-a10bdaddece3,"Up & Up paper towels, 6 double rolls",b37366c7-b51f-5b63-95f1-e4bd96f6ad3e,18.26,2,0.85
84a49057-4262-5f95-baff-955f471ceeff,dad37546-2161-516e-8775-a10bdaddece3,"Good & Gather organic whole milk, 1 gal",968cb096-c18d-575b-81f5-6d06a9ee3a17,35.30,3,0.85
6eb3e27f-7ed3-53e2-8c11-5dadf36be611,844fd80a-d122-5d33-9fe3-c34c5da90ccc,"Mandarin orange chicken, frozen",9f0065b4-325d-5ecd-9328-d24b02759cfc,9.01,1,0.86
608b2527-23fc-5a6f-b2a8-a3ad280410c5,844fd80a-d122-5d33-9fe3-c34c5da90ccc,"Mandarin orange chicken, frozen",9f0065b4-325d-5ecd-9328-d24b02759cfc,7.35,1,0.88
38a9f10b-7778-5629-8577-4422bfa4358c,844fd80a-d122-5d33-9fe3-c34c5da90ccc,"Organic jasmine rice, 3 lb",968cb096-c18d-575b-81f5-6d06a9ee3a17,9.83,3,0.93
ba95c009-0d38-5878-99cc-ccb8d107580c,844fd80a-d122-5d33-9fe3-c34c5da90ccc,"Unexpected cheddar cheese, 7 oz",968cb096-c18d-575b-81f5-6d06a9ee3a17,8.39,1,0.97
40edb9f3-7589-53f8-91d2-34c0260c13ad,844fd80a-d122-5d33-9fe3-c34c5da90ccc,Everything but the Bagel seasoning,968cb096-c18d-575b-81f5-6d06a9ee3a17,8.49,1,0.73
c266fc02-3155-5539-914f-84d51ee1c244,844fd80a-d122-5d33-9fe3-c34c5da90ccc,Everything but the Bagel seasoning,968cb096-c18d-575b-81f5-6d06a9ee3a17,24.49,2,0.78
8f3ea56a-e628-5b3a-918b-e0b6e2694250,d97ac28a-cbe7-52f6-b10f-97fa59eb8887,"Ryobi drill bit set, 20 piece",b37366c7-b51f-5b63-95f1-e4bd96f6ad3e,17.75,1,0.87
06e65cf9-2125-5ad5-93d0-49c5bb99f4bd,d97ac28a-cbe7-52f6-b10f-97fa59eb8887,"Husky heavy-duty storage bin, 27 gal",b37366c7-b51f-5b63-95f1-e4bd96f6ad3e,22.91,3,0.77
2c7fb01f-3570-5209-8d7e-3d33e4afd84b,d97ac28a-cbe7-52f6-b10f-97fa59eb8887,"Behr Premium Plus interior paint, 1 gal",b37366c7-b51f-5b63-95f1-e4bd96f6ad3e,29.78,3,0.97
24ceb66a-681b-5129-aeff-c47de5f76944,d97ac28a-cbe7-52f6-b10f-97fa59eb8887,"Miracle-Gro potting mix, 25 qt",b37366c7-b51f-5b63-95f1-e4bd96f6ad3e,46.52,3,0.93
432436cc-b490-56c3-a132-789c45cc0d4f,c2fefeb7-1cb9-5c20-9a17-dbfc728be0bd,"Ryobi drill bit set, 20 piece",b37366c7-b51f-5b63-95f1-e4bd96f6ad3e,47.36,2,0.93
a3e71dd8-634a-52f1-b2f8-1e0e223bbd2c,c2fefeb7-1cb9-5c20-9a17-dbfc728be0bd,"Ryobi drill bit set, 20 piece",b37366c7-b51f-5b63-95f1-e4bd96f6ad3e,39.82,2,0.88
85ab67f4-d148-578d-a024-89d6b8b6482a,c2fefeb7-1cb9-5c20-9a17-dbfc728be0bd,"Miracle-Gro potting mix, 25 qt",b37366c7-b51f-5b63-95f1-e4bd96f6ad3e,43.57,2,0.95
92c974fe-f46e-525f-98cf-413c391a398f,c2fefeb7-1cb9-5c20-9a17-dbfc728be0bd,"Behr Premium Plus interior paint, 1 gal",b37366c7-b51f-5b63-95f1-e4bd96f6ad3e,70.85,2,0.98
86137a9b-0da9-5c12-b2dc-d948bfc79004,c2fefeb7-1cb9-5c20-9a17-dbfc728be0bd,"Behr Premium Plus interior paint, 1 gal",b37366c7-b51f-5b63-95f1-e4bd96f6ad3e,73.22,1,0.77
35c82f37-3b72-5f29-a939-aaa0dfd618d2,fdffae33-757d-5d04-917c-794a398016d9,"Ryobi drill bit set, 20 piece",b37366c7-b51f-5b63-95f1-e4bd96f6ad3e,5.22,1,0.93
ce24cf4b-e2f6-54b8-b855-dc471c0a6409,fdffae33-757d-5d04-917c-794a398016d9,"Miracle-Gro potting mix, 25 qt",b37366c7-b51f-5b63-95f1-e4bd96f6ad3e,9.76,3,0.83
71cd8809-047b-57db-9e50-4e838d349639,fdffae33-757d-5d04-917c-794a398016d9,"Husky heavy-duty storage bin, 27 gal",b37366c7-b51f-5b63-95f1-e4bd96f6ad3e,5.91,3,0.84
93ac556d-c077-5f59-9e53-79f0424838de,fdffae33-757d-5d04-917c-794a398016d9,"Ryobi drill bit set, 20 piece",b37366c7-b51f-5b63-95f1-e4bd96f6ad3e,9.57,2,0.93
d022d1ad-1fb2-5806-8625-a77c23c98b50,fdffae33-757d-5d04-917c-794a398016d9,"Miracle-Gro potting mix, 25 qt",b37366c7-b51f-5b63-95f1-e4bd96f6ad3e,16.12,1,0.73
2c30c84f-f3c7-5950-8ea8-2b4eaf075ef5,e3f09460-cc8f-53f2-85dd-9bc4bf31f37a,"Ryobi drill bit set, 20 piece",b37366c7-b51f-5b63-95f1-e4bd96f6ad3e,32.19,2,0.91
47e4bdd1-6ff4-59b2-a328-4e650de5ca9d,e3f09460-cc8f-53f2-85dd-9bc4bf31f37a,"Behr Premium Plus interior paint, 1 gal",b37366c7-b51f-5b63-95f1-e4bd96f6ad3e,49.90,1,0.77
12bba08f-f59c-5e7c-a9f4-31350a2f3017,e3f09460-cc8f-53f2-85dd-9bc4bf31f37a,"Miracle-Gro potting mix, 25 qt",b37366c7-b51f-5b63-95f1-e4bd96f6ad3e,44.65,3,0.85
f720f4dc-3d25-5118-b5aa-c7b35dfc9191,e3f09460-cc8f-53f2-85dd-9bc4bf31f37a,"Miracle-Gro potting mix, 25 qt",b37366c7-b51f-5b63-95f1-e4bd96f6ad3e,86.33,1,0.72
ffbef4a2-6d87-5a40-8f37-7f86fb80d46f,a7b3aa6b-659f-516f-93de-0c1bd2e1e4f3,"Ryobi drill bit set, 20 piece",b37366c7-b51f-5b63-95f1-e4bd96f6ad3e,18.80,3,0.88
1af876a1-8f98-5bf2-a0ac-b09fcdd044a9,a7b3aa6b-659f-516f-93de-0c1bd2e1e4f3,"Behr Premium Plus interior paint, 1 gal",b37366c7-b51f-5b63-95f1-e4bd96f6ad3e,26.76,3,0.71
eb3e971b-d593-57b4-973f-e1db183bdf0f,a7b3aa6b-659f-516f-93de-0c1bd2e1e4f3,"Behr Premium Plus interior paint, 1 gal",b37366c7-b51f-5b63-95f1-e4bd96f6ad3e,23.77,1,0.73
2fbc4669-d1d9-5fc1-8d9f-f06fb514e992,a7b3aa6b-659f-516f-93de-0c1bd2e1e4f3,"Ryobi drill bit set, 20 piece",b37366c7-b51f-5b63-95f1-e4bd96f6ad3e,42.84,1,0.72
3bedef38-f26b-53bf-8188-2d7f3845c073,a7b3aa6b-659f-516f-93de-0c1bd2e1e4f3,"Behr Premium Plus interior paint, 1 gal",b37366c7-b51f-5b63-95f1-e4bd96f6ad3e,47.59,2,0.77
a2cd4c0a-598f-5686-86d8-13f3091678cc,30ede2f0-da62-504a-adb1-5212cebaaa55,"Sony WH-CH520 wireless headphones, black",dfc56eef-4ac9-50ce-b4c8-81cc669c4374,13.10,3,0.89
32171c91-a00f-5e0f-a29a-6f45b6775ef7,30ede2f0-da62-504a-adb1-5212cebaaa55,"Command picture hanging strips, medium",b37366c7-b51f-5b63-95f1-e4bd96f6ad3e,34.78,2,0.96
c49cb5e8-0479-54e4-9361-2caf89a00dc3,38450bc6-8837-579f-86c1-f116f1326609,Charter Club wrinkle-resistant dress shirt,95b5aa5e-4831-5a09-8b4c-36da6ac64ad5,66.43,3,0.81
20d52cfa-ff19-5f56-967b-b1151eb7998e,38450bc6-8837-579f-86c1-f116f1326609,Hotel Collection bath robe,95b5aa5e-4831-5a09-8b4c-36da6ac64ad5,160.54,3,0.7
6d1be5e3-1eca-5e3b-8f2a-a0813d219747,aeb52c79-74ef-527d-b7d0-f5b0a51783b8,Iced brown sugar shaken espresso,1f008adf-0619-503a-a18b-d7efc791afea,1.70,2,0.9
9f71aa2c-1f83-5e58-8cc5-8d0855bf40c0,aeb52c79-74ef-527d-b7d0-f5b0a51783b8,Spinach feta breakfast wrap,9f0065b4-325d-5ecd-9328-d24b02759cfc,1.27,1,0.95
319ebf85-5201-51f5-a626-6b2278a68f77,aeb52c79-74ef-527d-b7d0-f5b0a51783b8,Spinach feta breakfast wrap,9f0065b4-325d-5ecd-9328-d24b02759cfc,1.48,3,0.93
a04ad87d-f032-5b60-9cae-92171f8ca4ca,aeb52c79-74ef-527d-b7d0-f5b0a51783b8,Iced brown sugar shaken espresso,1f008adf-0619-503a-a18b-d7efc791afea,2.49,2,0.73
23c7d323-8ecf-5452-84d1-c2ada6706b15,aeb52c79-74ef-527d-b7d0-f5b0a51783b8,Iced brown sugar shaken espresso,1f008adf-0619-503a-a18b-d7efc791afea,2.87,3,0.92
2089288b-79c7-5f5b-81b4-01a66eccbe2f,80e5b727-d719-538f-b495-6108b84ea04e,"Ryobi drill bit set, 20 piece",b37366c7-b51f-5b63-95f1-e4bd96f6ad3e,64.16,3,0.87
4c5084cf-91f6-5ab2-8196-411051be5150,80e5b727-d719-538f-b495-6108b84ea04e,"Miracle-Gro potting mix, 25 qt",b37366c7-b51f-5b63-95f1-e4bd96f6ad3e,54.81,2,0.72
5951cb17-d250-517d-b808-9e47415ec240,80e5b727-d719-538f-b495-6108b84ea04e,"Ryobi drill bit set, 20 piece",b37366c7-b51f-5b63-95f1-e4bd96f6ad3e,133.77,1,0.84
6d3501c8-499f-56c3-a7b6-5cbe61689c4e,d61c052e-e7a1-5a86-bd1e-e6ad168b1a92,"Behr Premium Plus interior paint, 1 gal",b37366c7-b51f-5b63-95f1-e4bd96f6ad3e,9.43,2,0.98
4bfc89eb-0c18-50f9-a258-d9729859f946,d61c052e-e7a1-5a86-bd1e-e6ad168b1a92,"Husky heavy-duty storage bin, 27 gal",b37366c7-b51f-5b63-95f1-e4bd96f6ad3e,19.79,3,0.89
004acc89-0b3b-5534-be87-91e32d2eb24a,3b9e2006-1461-5808-9660-04b2854bdb39,"Mandarin orange chicken, frozen",9f0065b4-325d-5ecd-9328-d24b02759cfc,9.90,1,0.92
6715d5da-c62e-5e77-ac6a-940315ed4ad3,3b9e2006-1461-5808-9660-04b2854bdb39,"Mandarin orange chicken, frozen",9f0065b4-325d-5ecd-9328-d24b02759cfc,10.18,3,0.76
e68c307f-e703-5e42-9f50-4b77b1167214,3b9e2006-1461-5808-9660-04b2854bdb39,Cold brew coffee concentrate,1f008adf-0619-503a-a18b-d7efc791afea,7.34,1,0.77
cb0d5e91-f2f5-5a03-b3c3-185fc4612ded,3b9e2006-1461-5808-9660-04b2854bdb39,Everything but the Bagel seasoning,968cb096-c18d-575b-81f5-6d06a9ee3a17,13.05,2,0.89
6402dfd9-7718-5cb2-a2ae-9de7ec254a67,3b9e2006-1461-5808-9660-04b2854bdb39,"Mandarin orange chicken, frozen",9f0065b4-325d-5ecd-9328-d24b02759cfc,18.09,2,0.89
730a1b40-f758-59bf-9b1d-85a039f2b999,fd202cb5-4053-5321-bf9a-981ff7f0f0c6,"Husky heavy-duty storage bin, 27 gal",b37366c7-b51f-5b63-95f1-e4bd96f6ad3e,32.35,3,0.78
1cfd66fa-420e-5fb8-9330-402a1e75be6a,fd202cb5-4053-5321-bf9a-981ff7f0f0c6,"Miracle-Gro potting mix, 25 qt",b37366c7-b51f-5b63-95f1-e4bd96f6ad3e,26.37,3,0.89
049e7229-01e5-586a-a744-852a0311043f,fd202cb5-4053-5321-bf9a-981ff7f0f0c6,"Behr Premium Plus interior paint, 1 gal",b37366c7-b51f-5b63-95f1-e4bd96f6ad3e,24.93,1,0.74
99f33b64-78c0-572b-a803-e52a47fd9515,fd202cb5-4053-5321-bf9a-981ff7f0f0c6,"Husky heavy-duty storage bin, 27 gal",b37366c7-b51f-5b63-95f1-e4bd96f6ad3e,34.67,1,0.85
155d6981-7b87-5e21-8b4c-a53c9d476ce0,fd202cb5-4053-5321-bf9a-981ff7f0f0c6,"Husky heavy-duty storage bin, 27 gal",b37366c7-b51f-5b63-95f1-e4bd96f6ad3e,44.83,2,0.84
7a57eac8-faf4-54ba-935d-44f1a20259c2,5e0f84c4-b2e8-5da4-b16a-2fcae94708a8,"SanDisk Extreme portable SSD, 1TB",dfc56eef-4ac9-50ce-b4c8-81cc669c4374,155.71,1,0.73
f27ddfcc-185e-5549-bd77-b11e48930ade,5e0f84c4-b2e8-5da4-b16a-2fcae94708a8,Logitech MX Master 3S wireless mouse,dfc56eef-4ac9-50ce-b4c8-81cc669c4374,180.60,2,0.98
4e724691-63b3-5844-b204-02c96a963464,a06e344c-fcc2-5e77-9b87-2fc22206117f,"Good & Gather organic whole milk, 1 gal",968cb096-c18d-575b-81f5-6d06a9ee3a17,4.34,1,0.8
4e7c0b07-d921-55bc-a71d-c62b61432f65,a06e344c-fcc2-5e77-9b87-2fc22206117f,"Threshold cotton sheet set, queen",b37366c7-b51f-5b63-95f1-e4bd96f6ad3e,4.89,1,1.0
9125efbd-e260-5668-af44-bed8cc5301fe,a06e344c-fcc2-5e77-9b87-2fc22206117f,Cat & Jack kids graphic t-shirt,95b5aa5e-4831-5a09-8b4c-36da6ac64ad5,4.87,1,0.78
fe773aa5-5620-52c5-b299-dd98c9b5a98f,a06e344c-fcc2-5e77-9b87-2fc22206117f,"Threshold cotton sheet set, queen",b37366c7-b51f-5b63-95f1-e4bd96f6ad3e,7.50,3,0.79
9a7e2c44-ad67-552d-8156-fa4748d0497c,d7c2c679-b62b-5cbb-af3e-c69ccd50be1c,"Miracle-Gro potting mix, 25 qt",b37366c7-b51f-5b63-95f1-e4bd96f6ad3e,13.25,1,0.95
98d2458d-4f96-53dc-9dcd-e0c047c2a108,d7c2c679-b62b-5cbb-af3e-c69ccd50be1c,"Miracle-Gro potting mix, 25 qt",b37366c7-b51f-5b63-95f1-e4bd96f6ad3e,26.27,3,0.81
b891306e-f5b6-533f-ad50-569abab36f7f,07cddd2c-76ca-576b-bdc2-825bc4d73be3,"Ryobi drill bit set, 20 piece",b37366c7-b51f-5b63-95f1-e4bd96f6ad3e,27.42,3,0.97
a6afac35-5dbb-58c7-a982-d3d897dff984,07cddd2c-76ca-576b-bdc2-825bc4d73be3,"Miracle-Gro potting mix, 25 qt",b37366c7-b51f-5b63-95f1-e4bd96f6ad3e,16.32,1,0.94
0d2084be-ea14-544c-a826-581146886a33,07cddd2c-76ca-576b-bdc2-825bc4d73be3,"Behr Premium Plus interior paint, 1 gal",b37366c7-b51f-5b63-95f1-e4bd96f6ad3e,26.85,2,0.99
03aee298-27d7-5c33-b295-7bff384696ce,07cddd2c-76ca-576b-bdc2-825bc4d73be3,"Behr Premium Plus interior paint, 1 gal",b37366c7-b51f-5b63-95f1-e4bd96f6ad3e,35.91,3,0.84
00d448f6-990d-539d-a552-b1affac12aff,07cddd2c-76ca-576b-bdc2-825bc4d73be3,"Behr Premium Plus interior paint, 1 gal",b37366c7-b51f-5b63-95f1-e4bd96f6ad3e,21.06,1,0.71
9ddaac95-da2e-5632-a849-ddaf576b636c,07cddd2c-76ca-576b-bdc2-825bc4d73be3,"Husky heavy-duty storage bin, 27 gal",b37366c7-b51f-5b63-95f1-e4bd96f6ad3e,53.53,3,0.81
b4aba2a5-55c1-5425-82c6-f269be95f990,942f2c6a-7f35-53b5-b80b-39b353e34f16,Quarter Pounder meal,9f0065b4-325d-5ecd-9328-d24b02759cfc,1.67,2,0.71
df0c7729-c118-55e8-87e9-918153fdf0b7,942f2c6a-7f35-53b5-b80b-39b353e34f16,McCafe medium latte,1f008adf-0619-503a-a18b-d7efc791afea,4.25,3,0.9
cf33886b-6a0a-5443-8035-cbfe513e672b,2ade4cff-0231-5e6c-b937-6038d6b79584,"Ryobi drill bit set, 20 piece",b37366c7-b51f-5b63-95f1-e4bd96f6ad3e,49.12,3,0.77
e9aa3eb9-bec7-569a-aa2c-1acdfb9affb0,2ade4cff-0231-5e6c-b937-6038d6b79584,"Ryobi drill bit set, 20 piece",b37366c7-b51f-5b63-95f1-e4bd96f6ad3e,48.36,3,0.86
bd4489d1-f279-51e4-9c63-5c1fedbf1523,2ade4cff-0231-5e6c-b937-6038d6b79584,"Ryobi drill bit set, 20 piece",b37366c7-b51f-5b63-95f1-e4bd96f6ad3e,28.97,2,0.91
db9c9333-d4d4-5097-8fbf-e860aa73d353,2ade4cff-0231-5e6c-b937-6038d6b79584,"Miracle-Gro potting mix, 25 qt",b37366c7-b51f-5b63-95f1-e4bd96f6ad3e,75.96,2,0.72
a13027b4-a698-5f95-81c8-b63b8feed300,dfcde86a-0b90-55b9-96ec-373cfa60c7b5,"Behr Premium Plus interior paint, 1 gal",b37366c7-b51f-5b63-95f1-e4bd96f6ad3e,69.37,3,0.79
8b30564a-0baa-53d1-8fe8-bd2613551207,dfcde86a-0b90-55b9-96ec-373cfa60c7b5,"Ryobi drill bit set, 20 piece",b37366c7-b51f-5b63-95f1-e4bd96f6ad3e,69.90,1,0.97
33533cc0-58fe-57ae-b921-822d0f1b4d0b,dfcde86a-0b90-55b9-96ec-373cfa60c7b5,"Ryobi drill bit set, 20 piece",b37366c7-b51f-5b63-95f1-e4bd96f6ad3e,111.48,2,0.94
f836c230-f1c9-5218-9dd2-12b48f2dbb98,138dd455-473d-53d8-b4c4-94ef97d3d166,"Steak tacos, three count",9f0065b4-325d-5ecd-9328-d24b02759cfc,3.09,2,0.87
6bed9732-4db3-5f6e-9330-e666e8d839c4,138dd455-473d-53d8-b4c4-94ef97d3d166,"Steak tacos, three count",9f0065b4-325d-5ecd-9328-d24b02759cfc,1.91,2,0.78
affabb11-fb21-5bf9-b9e4-70982444a2ee,138dd455-473d-53d8-b4c4-94ef97d3d166,"Steak tacos, three count",9f0065b4-325d-5ecd-9328-d24b02759cfc,5.46,3,0.94
7b5eaeeb-8a84-5c1b-9168-5672cb26fe4d,099c7325-7b35-5e0b-95f8-57d0d28e1e30,Logitech MX Master 3S wireless mouse,dfc56eef-4ac9-50ce-b4c8-81cc669c4374,32.64,1,0.73
ecbdf893-bd74-51b2-8d37-e313cb3cf0a8,099c7325-7b35-5e0b-95f8-57d0d28e1e30,"Apple AirTag, single pack",dfc56eef-4ac9-50ce-b4c8-81cc669c4374,35.85,3,0.8
867ef2b8-8c0c-5c67-973c-831f629c10bf,099c7325-7b35-5e0b-95f8-57d0d28e1e30,"SanDisk Extreme portable SSD, 1TB",dfc56eef-4ac9-50ce-b4c8-81cc669c4374,102.24,1,0.99
e96225e9-9124-5e1e-8337-9febaaa5d187,463e9577-792c-5290-b652-6ed59dec2579,"Command picture hanging strips, medium",b37366c7-b51f-5b63-95f1-e4bd96f6ad3e,15.69,2,0.72
3e330bd8-a374-5665-8eb3-3eec650de8af,463e9577-792c-5290-b652-6ed59dec2579,Kindle ebook: personal finance workbook,a9848b00-9c7c-507a-b1f6-7ae28230a56b,17.35,1,0.71
920d2bcb-dcd0-549c-a695-cc94fc465664,463e9577-792c-5290-b652-6ed59dec2579,Kindle ebook: personal finance workbook,a9848b00-9c7c-507a-b1f6-7ae28230a56b,20.94,2,0.99
ead67994-4170-5da0-9dfd-41e31b5d2b38,463e9577-792c-5290-b652-6ed59dec2579,Kindle ebook: personal finance workbook,a9848b00-9c7c-507a-b1f6-7ae28230a56b,26.35,2,0.98
f03076cc-df03-57d5-bb1e-815b711690da,463e9577-792c-5290-b652-6ed59dec2579,"Anker 20W USB-C fast charger, white",dfc56eef-4ac9-50ce-b4c8-81cc669c4374,18.43,1,0.81
53e0f414-50e9-5cef-9242-436c15bcf294,463e9577-792c-5290-b652-6ed59dec2579,Kindle ebook: personal finance workbook,a9848b00-9c7c-507a-b1f6-7ae28230a56b,38.53,1,0.97
d7bd8d9a-b410-58a6-bb7a-e2296ce58542,42234481-c596-50f3-b242-1d880346bdcd,"Organic strawberries, 1 lb",968cb096-c18d-575b-81f5-6d06a9ee3a17,8.91,1,0.83
adfad137-beef-5dbe-821f-a817bbcb7433,42234481-c596-50f3-b242-1d880346bdcd,"Organic strawberries, 1 lb",968cb096-c18d-575b-81f5-6d06a9ee3a17,8.08,1,0.98
2455bee0-2895-5f5b-a107-b47387070e81,42234481-c596-50f3-b242-1d880346bdcd,"Oatly oat milk, original, 64 fl oz",1f008adf-0619-503a-a18b-d7efc791afea,8.12,3,0.88
7e137318-eb02-50d0-be5b-9a5ec4114797,42234481-c596-50f3-b242-1d880346bdcd,"Atlantic salmon fillet, per lb",968cb096-c18d-575b-81f5-6d06a9ee3a17,17.98,3,0.78
17716683-c423-572f-8472-f1dee6270f78,169bd213-49ac-560a-ad7d-895bb3410328,Spinach feta breakfast wrap,9f0065b4-325d-5ecd-9328-d24b02759cfc,1.35,1,0.8
5cb224c9-a4da-5164-a3b2-eb08975ec430,169bd213-49ac-560a-ad7d-895bb3410328,Spinach feta breakfast wrap,9f0065b4-325d-5ecd-9328-d24b02759cfc,2.13,3,0.88
271a1b67-fa7b-51a9-a6b2-f46ce9e449ac,169bd213-49ac-560a-ad7d-895bb3410328,Iced brown sugar shaken espresso,1f008adf-0619-503a-a18b-d7efc791afea,1.32,1,0.72
bc13a3ec-9ed6-57a7-9ea9-36b183bdc4b1,169bd213-49ac-560a-ad7d-895bb3410328,Spinach feta breakfast wrap,9f0065b4-325d-5ecd-9328-d24b02759cfc,2.63,2,0.89
ee5875ee-126b-514b-93b8-b2d71b014bf9,169bd213-49ac-560a-ad7d-895bb3410328,Spinach feta breakfast wrap,9f0065b4-325d-5ecd-9328-d24b02759cfc,2.43,2,0.93
af4d8e83-acd7-5eee-a960-717eeb1b3b82,169bd213-49ac-560a-ad7d-895bb3410328,Iced brown sugar shaken espresso,1f008adf-0619-503a-a18b-d7efc791afea,3.15,1,0.92
2c3b8e62-2c32-5339-b879-6fb5e2efae58,486b4717-7207-50b2-a307-d1ee54b34940,"Band-Aid flexible fabric bandages, 30 ct",b37366c7-b51f-5b63-95f1-e4bd96f6ad3e,4.76,2,0.8
2370c133-a245-5bfb-a7d1-6204d1f9c80c,486b4717-7207-50b2-a307-d1ee54b34940,"Colgate Optic White toothpaste, 4.2 oz",b37366c7-b51f-5b63-95f1-e4bd96f6ad3e,6.94,1,0.71
8f14e83d-c212-51eb-906d-f4c94c91c4db,486b4717-7207-50b2-a307-d1ee54b34940,"Colgate Optic White toothpaste, 4.2 oz",b37366c7-b51f-5b63-95f1-e4bd96f6ad3e,11.99,2,0.86
9b5ea36f-4893-5e4d-bb15-e60d4466d87d,486b4717-7207-50b2-a307-d1ee54b34940,Neutrogena Ultra Sheer sunscreen SPF 55,875ccc19-66e7-5835-86a5-73be20384685,12.66,1,0.8
f9fb290b-0a49-5bfa-87d4-23eeadfd3b6e,c24c6fa7-333b-55b7-a035-60093b6b0934,"Behr Premium Plus interior paint, 1 gal",b37366c7-b51f-5b63-95f1-e4bd96f6ad3e,45.77,3,0.86
66453814-e1f3-556a-8c7c-ceb4e0c85176,c24c6fa7-333b-55b7-a035-60093b6b0934,"Miracle-Gro potting mix, 25 qt",b37366c7-b51f-5b63-95f1-e4bd96f6ad3e,66.20,1,0.81
b18ceeba-5159-5011-a1ec-49cac234f961,c24c6fa7-333b-55b7-a035-60093b6b0934,"Ryobi drill bit set, 20 piece",b37366c7-b51f-5b63-95f1-e4bd96f6ad3e,155.35,3,0.83
0ec0807f-d309-51c9-8246-38b95fb84584,d04e35b4-66c6-52a3-96eb-80016fb7f577,"Amazon Basics braided HDMI cable, 6 ft",dfc56eef-4ac9-50ce-b4c8-81cc669c4374,39.97,3,0.72
9da6389e-d493-5b27-b676-32b4b763ccd4,d04e35b4-66c6-52a3-96eb-80016fb7f577,"Amazon Basics braided HDMI cable, 6 ft",dfc56eef-4ac9-50ce-b4c8-81cc669c4374,51.69,3,0.8
c8ee1b28-fa86-5af7-9481-0df905eddd1c,cc7b54a7-5df1-59d5-994d-fff77386f3fd,LEGO Speed Champions car set,a0c8e4f4-727a-54fd-8788-686976c4a82e,1.92,1,0.96
b7bad91c-f96e-5a71-b381-49e18fea6c83,cc7b54a7-5df1-59d5-994d-fff77386f3fd,"Up & Up paper towels, 6 double rolls",b37366c7-b51f-5b63-95f1-e4bd96f6ad3e,2.59,3,0.85
8cb68460-978d-59ca-a14e-181749c66f20,cc7b54a7-5df1-59d5-994d-fff77386f3fd,"Threshold cotton sheet set, queen",b37366c7-b51f-5b63-95f1-e4bd96f6ad3e,2.62,3,0.81
edbfd492-86bb-5f83-bf3d-31d88915833f,cc7b54a7-5df1-59d5-994d-fff77386f3fd,"Threshold cotton sheet set, queen",b37366c7-b51f-5b63-95f1-e4bd96f6ad3e,3.22,2,0.73
ca441b56-8e04-52a9-84ec-42820bbeb30a,10fd26b3-821d-565b-9aa3-da2c4a2d326c,Hotel Collection bath robe,95b5aa5e-4831-5a09-8b4c-36da6ac64ad5,39.25,3,0.74
68e36b24-3f8b-531a-9381-abc718f4bd0f,10fd26b3-821d-565b-9aa3-da2c4a2d326c,Hotel Collection bath robe,95b5aa5e-4831-5a09-8b4c-36da6ac64ad5,77.26,2,0.88
d0ef6e3f-989f-555c-8dd0-762dd7ae094c,fef93b01-ac4b-503a-a3ff-2a01f1a46438,"Husky heavy-duty storage bin, 27 gal",b37366c7-b51f-5b63-95f1-e4bd96f6ad3e,85.17,2,0.89
e80d4eaf-eae5-5b5a-82b5-e1416a0b7bc9,fef93b01-ac4b-503a-a3ff-2a01f1a46438,"Behr Premium Plus interior paint, 1 gal",b37366c7-b51f-5b63-95f1-e4bd96f6ad3e,183.43,2,0.83
bbecd597-f540-565e-b9e4-32a5c5aafc79,68a3d5db-6d13-5350-9556-40f166f469b5,"Band-Aid flexible fabric bandages, 30 ct",b37366c7-b51f-5b63-95f1-e4bd96f6ad3e,1.75,1,0.95
1ff9edee-240b-5eb0-ad9d-b13a8ef3fb5c,68a3d5db-6d13-5350-9556-40f166f469b5,Neutrogena Ultra Sheer sunscreen SPF 55,875ccc19-66e7-5835-86a5-73be20384685,3.64,2,0.85
a60a0e92-dcd5-5586-8c93-385a4a0a92dd,68a3d5db-6d13-5350-9556-40f166f469b5,"CVS Health ibuprofen 200mg caplets, 100 ct",b37366c7-b51f-5b63-95f1-e4bd96f6ad3e,4.20,2,0.78
9f3f23dc-1608-5715-9c42-4c62f12697eb,5e0d6274-e296-5fef-ae9a-4ff9629bdefd,"Miracle-Gro potting mix, 25 qt",b37366c7-b51f-5b63-95f1-e4bd96f6ad3e,12.44,3,0.82
6b742e71-8fdf-5abc-85b5-36580eab324d,5e0d6274-e296-5fef-ae9a-4ff9629bdefd,"Behr Premium Plus interior paint, 1 gal",b37366c7-b51f-5b63-95f1-e4bd96f6ad3e,18.86,2,0.77
b3f29585-47a2-5341-905f-0891f25f6d42,5e0d6274-e296-5fef-ae9a-4ff9629bdefd,"Miracle-Gro potting mix, 25 qt",b37366c7-b51f-5b63-95f1-e4bd96f6ad3e,29.97,1,0.83
006d5011-eadd-5284-86ba-5aee37edd711,5e0d6274-e296-5fef-ae9a-4ff9629bdefd,"Behr Premium Plus interior paint, 1 gal",b37366c7-b51f-5b63-95f1-e4bd96f6ad3e,22.54,3,0.79
afcd2bee-3d79-58fe-b7e2-66a55aed883e,5e0d6274-e296-5fef-ae9a-4ff9629bdefd,"Husky heavy-duty storage bin, 27 gal",b37366c7-b51f-5b63-95f1-e4bd96f6ad3e,38.52,3,0.99
078fa940-913b-5026-b001-fcbd683a56d0,bb73afa4-a59e-5d82-b87b-a4ad22f5c3e7,Bottled water and road snack,9f0065b4-325d-5ecd-9328-d24b02759cfc,9.04,3,0.76
d4fae673-77d8-512e-bd52-ca5b560ac98e,bb73afa4-a59e-5d82-b87b-a4ad22f5c3e7,Bottled water and road snack,9f0065b4-325d-5ecd-9328-d24b02759cfc,15.53,2,0.86
9d3396c9-61a5-509d-806c-b7c6b83f62c7,bb73afa4-a59e-5d82-b87b-a4ad22f5c3e7,Car wash express package,b37366c7-b51f-5b63-95f1-e4bd96f6ad3e,22.97,2,0.84
d4abacb7-690b-51ea-9626-95ae1042a482,69c115dc-76be-58ce-a936-9864d5170b0f,Hotel Collection bath robe,95b5aa5e-4831-5a09-8b4c-36da6ac64ad5,9.51,3,0.92
521e0d48-00ff-5061-9807-f46894279e6f,69c115dc-76be-58ce-a936-9864d5170b0f,Hotel Collection bath robe,95b5aa5e-4831-5a09-8b4c-36da6ac64ad5,7.35,2,0.87
24ec0134-b289-5080-ac82-e4b0ce5375f9,69c115dc-76be-58ce-a936-9864d5170b0f,Calvin Klein slim-fit chinos,95b5aa5e-4831-5a09-8b4c-36da6ac64ad5,10.23,1,0.88
709636ca-a845-575c-9941-5c14f5e74807,69c115dc-76be-58ce-a936-9864d5170b0f,Charter Club wrinkle-resistant dress shirt,95b5aa5e-4831-5a09-8b4c-36da6ac64ad5,14.69,3,0.76
755f2da0-575f-5e43-be11-443c16636bc0,eeaf2ce1-fe2f-5544-ad4b-13554ba32bf9,"Regular unleaded fuel, pump 4",b37366c7-b51f-5b63-95f1-e4bd96f6ad3e,5.03,2,0.96
c49fb64f-38a6-5318-aa02-1ebed406635e,eeaf2ce1-fe2f-5544-ad4b-13554ba32bf9,"Regular unleaded fuel, pump 4",b37366c7-b51f-5b63-95f1-e4bd96f6ad3e,6.30,1,0.85
b983ffaf-44bb-5c2d-89ec-bc12ef20f7b7,eeaf2ce1-fe2f-5544-ad4b-13554ba32bf9,Bottled water and road snack,9f0065b4-325d-5ecd-9328-d24b02759cfc,7.43,2,0.8
38b138de-6080-529b-87f2-4a8fbad72599,eeaf2ce1-fe2f-5544-ad4b-13554ba32bf9,"Regular unleaded fuel, pump 4",b37366c7-b51f-5b63-95f1-e4bd96f6ad3e,8.47,1,0.87
431e6df2-d764-5984-b865-20af91430c23,eeaf2ce1-fe2f-5544-ad4b-13554ba32bf9,Car wash express package,b37366c7-b51f-5b63-95f1-e4bd96f6ad3e,8.74,3,0.84
37a22ff9-081b-5525-9cd2-e59b65a5c0fa,eeaf2ce1-fe2f-5544-ad4b-13554ba32bf9,Car wash express package,b37366c7-b51f-5b63-95f1-e4bd96f6ad3e,16.65,3,0.8
8efdb517-8bd3-59b4-85df-5d8351ad4e6a,19738e8d-0632-550b-ace8-c6fec925e534,"365 organic baby spinach, 5 oz",968cb096-c18d-575b-81f5-6d06a9ee3a17,54.98,3,0.98
050f0b3f-88f4-56d9-9778-ae8b62c1575f,19738e8d-0632-550b-ace8-c6fec925e534,"Organic strawberries, 1 lb",968cb096-c18d-575b-81f5-6d06a9ee3a17,56.60,3,0.84
6be1e060-a0cf-5789-aaba-a1a3c0719e9e,023d2c3e-d795-5cb5-8252-eedfc3259749,"Miracle-Gro potting mix, 25 qt",b37366c7-b51f-5b63-95f1-e4bd96f6ad3e,50.82,1,0.86
541c9c87-908c-5924-8ec6-bd73bfc7a18d,023d2c3e-d795-5cb5-8252-eedfc3259749,"Miracle-Gro potting mix, 25 qt",b37366c7-b51f-5b63-95f1-e4bd96f6ad3e,73.63,2,0.89
fd2051fc-049a-5cfa-ae38-32f551dcbb35,023d2c3e-d795-5cb5-8252-eedfc3259749,"Ryobi drill bit set, 20 piece",b37366c7-b51f-5b63-95f1-e4bd96f6ad3e,169.64,1,0.8
f8d62c3d-875c-5607-a0bf-8a7e75d67516,fa48a1ef-250e-57f6-a990-225bb767dcb1,"Kroger purified water, 24 pack",1f008adf-0619-503a-a18b-d7efc791afea,14.96,3,0.76
e347855a-15e5-5e4c-a441-4c9b1d3da1d5,fa48a1ef-250e-57f6-a990-225bb767dcb1,Home Chef ready-to-cook salmon meal,9f0065b4-325d-5ecd-9328-d24b02759cfc,13.05,2,0.88
a77b1cb6-e2fc-5dea-ad57-734b85f93d2e,fa48a1ef-250e-57f6-a990-225bb767dcb1,"Kroger purified water, 24 pack",1f008adf-0619-503a-a18b-d7efc791afea,26.94,2,0.95
8bb8677b-c73b-5a47-bc1f-aa9f928aa39e,fa48a1ef-250e-57f6-a990-225bb767dcb1,"Kroger gala apples, 3 lb bag",968cb096-c18d-575b-81f5-6d06a9ee3a17,36.66,3,0.81
6cffcf3a-bbf1-5be2-9c5f-f5a4c77adfee,14b19c99-31b1-5104-a3f7-dbfcf840319b,LEGO Speed Champions car set,a0c8e4f4-727a-54fd-8788-686976c4a82e,22.16,3,0.76
a0121232-7ea5-5e73-afb2-919a56195baa,14b19c99-31b1-5104-a3f7-dbfcf840319b,Cat & Jack kids graphic t-shirt,95b5aa5e-4831-5a09-8b4c-36da6ac64ad5,23.60,1,0.9
c9981052-0764-5f83-8551-d7b503e0f160,14b19c99-31b1-5104-a3f7-dbfcf840319b,"Good & Gather organic whole milk, 1 gal",968cb096-c18d-575b-81f5-6d06a9ee3a17,21.55,1,0.79
5a3e3923-5475-51b3-b763-8e199e8e2bc1,14b19c99-31b1-5104-a3f7-dbfcf840319b,Cat & Jack kids graphic t-shirt,95b5aa5e-4831-5a09-8b4c-36da6ac64ad5,26.64,2,0.84
deebf076-2164-5114-bfc8-d70d8ad13087,7409a60c-95ea-5fef-8e64-e8bc8939c241,"Fresh bananas, per lb",968cb096-c18d-575b-81f5-6d06a9ee3a17,22.69,2,0.82
b233b901-6992-5572-a608-0975e547d25a,7409a60c-95ea-5fef-8e64-e8bc8939c241,"Great Value cage-free large eggs, 18 count",968cb096-c18d-575b-81f5-6d06a9ee3a17,33.14,2,0.99
1f8535f2-ef58-5b39-9ef9-aa8949e278fe,7409a60c-95ea-5fef-8e64-e8bc8939c241,"Tide hygienic clean detergent, 92 fl oz",b37366c7-b51f-5b63-95f1-e4bd96f6ad3e,39.65,1,0.75
0e351c59-d8a1-59f3-acf1-ee72b93b152e,cfe5352f-7180-5930-bdce-72886a3920df,"Ryobi drill bit set, 20 piece",b37366c7-b51f-5b63-95f1-e4bd96f6ad3e,38.65,2,0.71
aec19005-b511-5cde-91bc-6f43b6ef00bc,cfe5352f-7180-5930-bdce-72886a3920df,"Behr Premium Plus interior paint, 1 gal",b37366c7-b51f-5b63-95f1-e4bd96f6ad3e,49.39,3,0.73
c4e465f6-3c4c-58fb-bc4f-d44856f26cca,cfe5352f-7180-5930-bdce-72886a3920df,"Miracle-Gro potting mix, 25 qt",b37366c7-b51f-5b63-95f1-e4bd96f6ad3e,75.47,1,0.75
c57f169d-b6ed-56d7-af1d-02695cca4ca5,cfe5352f-7180-5930-bdce-72886a3920df,"Behr Premium Plus interior paint, 1 gal",b37366c7-b51f-5b63-95f1-e4bd96f6ad3e,98.84,1,0.92
5ab0bba9-4f3c-5449-ae79-6cd5a66c16b4,90398ad3-5c3c-5a35-9e06-6b0796682bac,"Miracle-Gro potting mix, 25 qt",b37366c7-b51f-5b63-95f1-e4bd96f6ad3e,26.53,1,0.9
b2befb9e-bc6e-5aaa-a494-53ed05179732,90398ad3-5c3c-5a35-9e06-6b0796682bac,"Miracle-Gro potting mix, 25 qt",b37366c7-b51f-5b63-95f1-e4bd96f6ad3e,20.86,1,0.71
a8009815-ba58-537f-804e-f017cee869cc,90398ad3-5c3c-5a35-9e06-6b0796682bac,"Husky heavy-duty storage bin, 27 gal",b37366c7-b51f-5b63-95f1-e4bd96f6ad3e,25.29,2,0.78
ed239c3a-5f42-5279-9b24-9a922a8889cf,90398ad3-5c3c-5a35-9e06-6b0796682bac,"Ryobi drill bit set, 20 piece",b37366c7-b51f-5b63-95f1-e4bd96f6ad3e,31.38,1,0.77
939801a3-a1c8-5c79-a263-7d346029bc83,90398ad3-5c3c-5a35-9e06-6b0796682bac,"Ryobi drill bit set, 20 piece",b37366c7-b51f-5b63-95f1-e4bd96f6ad3e,21.99,1,0.72
1b4f6e0f-74e7-5d7e-bd3b-869f578825d9,90398ad3-5c3c-5a35-9e06-6b0796682bac,"Ryobi drill bit set, 20 piece",b37366c7-b51f-5b63-95f1-e4bd96f6ad3e,64.39,3,0.91
2e7a3253-b563-53f3-bafd-5e9c7baf6c35,1d6883cb-5375-5a4b-8044-33f6539cc318,"Husky heavy-duty storage bin, 27 gal",b37366c7-b51f-5b63-95f1-e4bd96f6ad3e,9.05,3,0.81
992d405a-ba46-5b98-b4aa-3244f96cc48f,1d6883cb-5375-5a4b-8044-33f6539cc318,"Behr Premium Plus interior paint, 1 gal",b37366c7-b51f-5b63-95f1-e4bd96f6ad3e,14.10,2,0.87
d0dc6450-54b6-5908-b85d-55d724da0547,1d6883cb-5375-5a4b-8044-33f6539cc318,"Husky heavy-duty storage bin, 27 gal",b37366c7-b51f-5b63-95f1-e4bd96f6ad3e,16.08,2,0.98
e0d0937e-6353-5900-be90-de42b9144538,1d6883cb-5375-5a4b-8044-33f6539cc318,"Behr Premium Plus interior paint, 1 gal",b37366c7-b51f-5b63-95f1-e4bd96f6ad3e,13.76,1,0.82
5307259a-e0dc-57a2-842f-069087a75893,1d6883cb-5375-5a4b-8044-33f6539cc318,"Husky heavy-duty storage bin, 27 gal",b37366c7-b51f-5b63-95f1-e4bd96f6ad3e,34.88,1,0.87
99413ead-8ad6-5904-9331-719db5fa7c20,2691ec07-e7cb-5150-854a-cdedc10200f1,"Husky heavy-duty storage bin, 27 gal",b37366c7-b51f-5b63-95f1-e4bd96f6ad3e,40.69,2,0.74
11e800c8-7a1c-5dbc-9176-77b66b58edab,2691ec07-e7cb-5150-854a-cdedc10200f1,"Behr Premium Plus interior paint, 1 gal",b37366c7-b51f-5b63-95f1-e4bd96f6ad3e,22.54,1,0.87
b20c0879-d839-5e1a-9956-d10551cd1ded,2691ec07-e7cb-5150-854a-cdedc10200f1,"Miracle-Gro potting mix, 25 qt",b37366c7-b51f-5b63-95f1-e4bd96f6ad3e,35.70,1,0.94
6520183b-84ba-5742-a0cb-1896e7dcc75d,2691ec07-e7cb-5150-854a-cdedc10200f1,"Behr Premium Plus interior paint, 1 gal",b37366c7-b51f-5b63-95f1-e4bd96f6ad3e,54.80,3,0.95
6e98f7e6-6dfc-58f3-8329-581de2ebaeab,2691ec07-e7cb-5150-854a-cdedc10200f1,"Husky heavy-duty storage bin, 27 gal",b37366c7-b51f-5b63-95f1-e4bd96f6ad3e,56.31,1,0.84
d4fddd17-b505-5098-9b9d-e04762dc5efb,8192d1b8-ac35-5064-aab6-dd4f33efaeb5,Cat & Jack kids graphic t-shirt,95b5aa5e-4831-5a09-8b4c-36da6ac64ad5,12.41,3,0.79
e8886a7a-ffff-5bcc-8882-e9139412c2c9,8192d1b8-ac35-5064-aab6-dd4f33efaeb5,"Up & Up paper towels, 6 double rolls",b37366c7-b51f-5b63-95f1-e4bd96f6ad3e,23.78,2,0.92
3e1ed5da-c5f1-595d-9d2b-715d3c4a74d4,8192d1b8-ac35-5064-aab6-dd4f33efaeb5,LEGO Speed Champions car set,a0c8e4f4-727a-54fd-8788-686976c4a82e,36.25,3,0.82
e69db20f-704e-5ca3-99a8-825f0aefc561,215608d3-f60f-5412-b1e5-4bc5c2566c0a,"Kirkland Colombian coffee beans, 3 lb",1f008adf-0619-503a-a18b-d7efc791afea,63.27,1,0.77
e38ca526-18c9-5fe4-8626-4aea1c30802b,215608d3-f60f-5412-b1e5-4bc5c2566c0a,"Kirkland Colombian coffee beans, 3 lb",1f008adf-0619-503a-a18b-d7efc791afea,125.26,3,0.93
effb7652-fe0b-5279-a74d-b0233720df1f,7e9bc61b-f4a7-500e-8a5f-66656988ed42,"Ryobi drill bit set, 20 piece",b37366c7-b51f-5b63-95f1-e4bd96f6ad3e,18.62,1,0.92
1fa6b9bb-572d-5f06-9394-cb054c4549c3,7e9bc61b-f4a7-500e-8a5f-66656988ed42,"Behr Premium Plus interior paint, 1 gal",b37366c7-b51f-5b63-95f1-e4bd96f6ad3e,27.37,1,0.86
3784bf27-c48d-5308-80dd-43e702661b5e,7e9bc61b-f4a7-500e-8a5f-66656988ed42,"Husky heavy-duty storage bin, 27 gal",b37366c7-b51f-5b63-95f1-e4bd96f6ad3e,17.31,1,0.88
406014ed-beff-5939-af88-567460445660,7e9bc61b-f4a7-500e-8a5f-66656988ed42,"Miracle-Gro potting mix, 25 qt",b37366c7-b51f-5b63-95f1-e4bd96f6ad3e,29.84,1,0.86
1ded3894-e433-532a-867f-a0894770d9d4,7e9bc61b-f4a7-500e-8a5f-66656988ed42,"Ryobi drill bit set, 20 piece",b37366c7-b51f-5b63-95f1-e4bd96f6ad3e,37.13,3,0.72
7504cfc4-13d6-5cdc-898f-88afc378984c,7e9bc61b-f4a7-500e-8a5f-66656988ed42,"Miracle-Gro potting mix, 25 qt",b37366c7-b51f-5b63-95f1-e4bd96f6ad3e,46.24,1,0.83
5b90c957-6e21-57ac-b108-025bc7bc5763,73ffdfc8-5446-572f-a0f5-b1acac272fa8,"Miracle-Gro potting mix, 25 qt",b37366c7-b51f-5b63-95f1-e4bd96f6ad3e,19.46,1,0.99
2847fd11-34fe-5a9f-b877-a504ade0152b,73ffdfc8-5446-572f-a0f5-b1acac272fa8,"Miracle-Gro potting mix, 25 qt",b37366c7-b51f-5b63-95f1-e4bd96f6ad3e,26.45,1,0.8
eb528f72-8e71-5956-9dbd-21850e8faa8f,73ffdfc8-5446-572f-a0f5-b1acac272fa8,"Miracle-Gro potting mix, 25 qt",b37366c7-b51f-5b63-95f1-e4bd96f6ad3e,27.02,2,0.75
71f2a914-5474-562b-a11c-d37b560e1c1b,73ffdfc8-5446-572f-a0f5-b1acac272fa8,"Miracle-Gro potting mix, 25 qt",b37366c7-b51f-5b63-95f1-e4bd96f6ad3e,14.64,3,0.79
da33bf4c-cd4a-5601-b40a-5e09933250c3,73ffdfc8-5446-572f-a0f5-b1acac272fa8,"Miracle-Gro potting mix, 25 qt",b37366c7-b51f-5b63-95f1-e4bd96f6ad3e,32.64,2,0.89
11a3299e-75fc-535e-bda6-8c3edc69d404,73ffdfc8-5446-572f-a0f5-b1acac272fa8,"Husky heavy-duty storage bin, 27 gal",b37366c7-b51f-5b63-95f1-e4bd96f6ad3e,35.18,1,0.93
767fccb7-dcdf-5950-9e45-698338198fac,90e9e84e-aa76-543a-8262-4d77965cbb4a,"Atlantic salmon fillet, per lb",968cb096-c18d-575b-81f5-6d06a9ee3a17,13.93,2,0.93
89098032-660c-578a-a370-829ffef2305b,90e9e84e-aa76-543a-8262-4d77965cbb4a,"Atlantic salmon fillet, per lb",968cb096-c18d-575b-81f5-6d06a9ee3a17,11.34,1,0.9
20fbcb4c-9180-5647-b82d-8e9a686bf92c,90e9e84e-aa76-543a-8262-4d77965cbb4a,"Sourdough boule, bakery fresh",9f0065b4-325d-5ecd-9328-d24b02759cfc,16.25,1,0.8
6d7a18d2-5095-5939-a573-cbad70e41d7f,90e9e84e-aa76-543a-8262-4d77965cbb4a,"Sourdough boule, bakery fresh",9f0065b4-325d-5ecd-9328-d24b02759cfc,27.49,3,0.87
db8faeb6-a4bb-5f66-9b1d-0946d8ccf236,90e9e84e-aa76-543a-8262-4d77965cbb4a,"Atlantic salmon fillet, per lb",968cb096-c18d-575b-81f5-6d06a9ee3a17,33.91,1,0.89
ee8fa7bb-337a-5f54-a5cd-48f9f1ed5fea,cb5a231d-f904-5f3a-a942-a880bdbf7fdb,"Ryobi drill bit set, 20 piece",b37366c7-b51f-5b63-95f1-e4bd96f6ad3e,43.68,3,0.76
8314d89c-05d3-5883-ad7e-a24af106b9c8,cb5a231d-f904-5f3a-a942-a880bdbf7fdb,"Husky heavy-duty storage bin, 27 gal",b37366c7-b51f-5b63-95f1-e4bd96f6ad3e,26.16,2,0.87
5ac2b7a2-8024-53fa-be41-1e1ca9e527a0,cb5a231d-f904-5f3a-a942-a880bdbf7fdb,"Ryobi drill bit set, 20 piece",b37366c7-b51f-5b63-95f1-e4bd96f6ad3e,70.03,3,0.86
1a9229fd-c987-568a-87be-9d55d727c2a6,7d99ca37-256f-5a74-8b33-989bfe80d6fa,"Behr Premium Plus interior paint, 1 gal",b37366c7-b51f-5b63-95f1-e4bd96f6ad3e,41.29,1,0.74
2a83c98d-7c3d-511e-9363-5287987a88c4,7d99ca37-256f-5a74-8b33-989bfe80d6fa,"Miracle-Gro potting mix, 25 qt",b37366c7-b51f-5b63-95f1-e4bd96f6ad3e,52.17,2,0.94
eaf7afcf-61f2-57f0-9216-a5205fb4da25,7d99ca37-256f-5a74-8b33-989bfe80d6fa,"Behr Premium Plus interior paint, 1 gal",b37366c7-b51f-5b63-95f1-e4bd96f6ad3e,77.71,3,0.81
b7a5261a-f049-5501-8046-9d883f6f5896,7d99ca37-256f-5a74-8b33-989bfe80d6fa,"Miracle-Gro potting mix, 25 qt",b37366c7-b51f-5b63-95f1-e4bd96f6ad3e,91.99,1,0.99
c84e591f-24c8-51e1-9ce7-30496d2fd266,7c777083-4f0e-53cf-a670-b0da296a562b,Cold brew coffee concentrate,1f008adf-0619-503a-a18b-d7efc791afea,18.27,2,0.82
34849d23-7428-5735-8487-4358a101d836,7c777083-4f0e-53cf-a670-b0da296a562b,Cold brew coffee concentrate,1f008adf-0619-503a-a18b-d7efc791afea,18.43,3,0.94
ca73923e-28d9-565b-a27b-49940342efb3,7c777083-4f0e-53cf-a670-b0da296a562b,"Mandarin orange chicken, frozen",9f0065b4-325d-5ecd-9328-d24b02759cfc,42.72,1,0.85
8a67837e-410a-5273-b0be-86f2706018d7,d4f50636-b4bf-5554-9ac0-6c47bfbdcee3,"Miracle-Gro potting mix, 25 qt",b37366c7-b51f-5b63-95f1-e4bd96f6ad3e,119.26,2,0.7
a2a569d4-15eb-5543-8859-87976ef719d3,d4f50636-b4bf-5554-9ac0-6c47bfbdcee3,"Ryobi drill bit set, 20 piece",b37366c7-b51f-5b63-95f1-e4bd96f6ad3e,169.79,3,0.89
c617da33-4852-56f1-9051-5da530b6d6fc,305c3db0-ec21-5433-b74d-df0a6664988f,"Miracle-Gro potting mix, 25 qt",b37366c7-b51f-5b63-95f1-e4bd96f6ad3e,9.38,1,0.75
5a47d6c4-77a1-5945-b2bd-98fb2c20060d,305c3db0-ec21-5433-b74d-df0a6664988f,"Husky heavy-duty storage bin, 27 gal",b37366c7-b51f-5b63-95f1-e4bd96f6ad3e,7.99,3,0.94
a1c7fe77-d69b-5e1e-8654-d79a16e8574f,305c3db0-ec21-5433-b74d-df0a6664988f,"Ryobi drill bit set, 20 piece",b37366c7-b51f-5b63-95f1-e4bd96f6ad3e,9.48,1,0.94
7b4f394f-a7b2-5bf0-98f7-1254be396e08,305c3db0-ec21-5433-b74d-df0a6664988f,"Husky heavy-duty storage bin, 27 gal",b37366c7-b51f-5b63-95f1-e4bd96f6ad3e,6.34,2,0.82
7e77958d-daad-5aae-8be9-290bb0d13ca6,305c3db0-ec21-5433-b74d-df0a6664988f,"Ryobi drill bit set, 20 piece",b37366c7-b51f-5b63-95f1-e4bd96f6ad3e,18.28,2,0.89
fa5705a0-1f22-5317-a5b2-7a5423d919e5,9fe101f1-7a1d-5a51-b578-6dde330f3613,Spinach feta breakfast wrap,9f0065b4-325d-5ecd-9328-d24b02759cfc,4.71,2,0.76
00e62706-c13c-58ac-abf9-fa066de34042,9fe101f1-7a1d-5a51-b578-6dde330f3613,Iced brown sugar shaken espresso,1f008adf-0619-503a-a18b-d7efc791afea,7.27,2,0.84
18e5ad9d-25e8-525d-8ed3-654d413682b8,6c51609c-c0f2-51ff-a971-a6449d28fa54,"Husky heavy-duty storage bin, 27 gal",b37366c7-b51f-5b63-95f1-e4bd96f6ad3e,22.96,1,0.9
b70c132e-2abb-5b22-a1b1-c80e765b273d,6c51609c-c0f2-51ff-a971-a6449d28fa54,"Husky heavy-duty storage bin, 27 gal",b37366c7-b51f-5b63-95f1-e4bd96f6ad3e,34.85,3,0.75
2335b955-5b6f-5808-a48f-e367cf18a9d3,6c51609c-c0f2-51ff-a971-a6449d28fa54,"Miracle-Gro potting mix, 25 qt",b37366c7-b51f-5b63-95f1-e4bd96f6ad3e,43.29,1,0.78
df353827-1228-563a-a30f-c490a0a4dcf6,6c51609c-c0f2-51ff-a971-a6449d28fa54,"Miracle-Gro potting mix, 25 qt",b37366c7-b51f-5b63-95f1-e4bd96f6ad3e,44.09,2,0.82
ada0955c-e82b-5d81-86f5-8b2a5bde01a7,6c51609c-c0f2-51ff-a971-a6449d28fa54,"Miracle-Gro potting mix, 25 qt",b37366c7-b51f-5b63-95f1-e4bd96f6ad3e,34.60,2,0.84
22af04b2-621d-54a2-800f-bd5fc2827603,6c51609c-c0f2-51ff-a971-a6449d28fa54,"Husky heavy-duty storage bin, 27 gal",b37366c7-b51f-5b63-95f1-e4bd96f6ad3e,56.34,3,0.98
ba82c94c-ce02-589d-a317-541f4a134f45,0187df47-120d-5747-8205-3dedf0c9685f,"Kirkland Signature paper towels, 12 rolls",b37366c7-b51f-5b63-95f1-e4bd96f6ad3e,36.65,3,0.79
9e1e5f10-427d-517b-923e-9e106c2ffc90,0187df47-120d-5747-8205-3dedf0c9685f,"Kirkland sparkling water variety pack, 35 ct",1f008adf-0619-503a-a18b-d7efc791afea,46.58,3,0.84
518736a7-51f6-5692-a788-6b95d1e5d0f6,0187df47-120d-5747-8205-3dedf0c9685f,"Kirkland Colombian coffee beans, 3 lb",1f008adf-0619-503a-a18b-d7efc791afea,85.88,1,0.86
a967c008-2374-5f10-b568-2e5c89079021,0187df47-120d-5747-8205-3dedf0c9685f,"Tillamook cheddar cheese block, 2.5 lb",968cb096-c18d-575b-81f5-6d06a9ee3a17,121.00,2,0.75
63d29423-91d5-5d9c-aef1-9ad60cf950db,59ff4507-feb0-5bc9-952e-72d8c57a0199,Charter Club wrinkle-resistant dress shirt,95b5aa5e-4831-5a09-8b4c-36da6ac64ad5,10.19,2,0.95
11a31609-9438-5d56-947e-591f6d3a053a,59ff4507-feb0-5bc9-952e-72d8c57a0199,Clinique moisture surge gel cream,875ccc19-66e7-5835-86a5-73be20384685,13.31,3,0.85
e149c6c9-ba82-551c-b7ab-fd792feab895,59ff4507-feb0-5bc9-952e-72d8c57a0199,Clinique moisture surge gel cream,875ccc19-66e7-5835-86a5-73be20384685,11.40,2,0.72
fa88d030-a877-5320-be9e-c4c5a40a3f29,59ff4507-feb0-5bc9-952e-72d8c57a0199,Hotel Collection bath robe,95b5aa5e-4831-5a09-8b4c-36da6ac64ad5,10.12,1,0.88
5c3458f9-3382-591f-ba42-ab4421379346,59ff4507-feb0-5bc9-952e-72d8c57a0199,Calvin Klein slim-fit chinos,95b5aa5e-4831-5a09-8b4c-36da6ac64ad5,26.65,3,0.83
c27cbb08-5c17-54d5-833b-c4d7e8fde736,cc39faa8-181b-508e-ad71-b709fcec32d0,"Husky heavy-duty storage bin, 27 gal",b37366c7-b51f-5b63-95f1-e4bd96f6ad3e,49.25,1,0.87
f810dd6a-398a-5baf-bd86-0702bc7b79e6,cc39faa8-181b-508e-ad71-b709fcec32d0,"Ryobi drill bit set, 20 piece",b37366c7-b51f-5b63-95f1-e4bd96f6ad3e,53.90,3,0.82
d203e73c-d636-52c5-abb5-82fb7a0877d0,cc39faa8-181b-508e-ad71-b709fcec32d0,"Husky heavy-duty storage bin, 27 gal",b37366c7-b51f-5b63-95f1-e4bd96f6ad3e,40.33,2,0.96
5ed19b0d-4d4b-5cb0-9c64-e4090138b920,cc39faa8-181b-508e-ad71-b709fcec32d0,"Ryobi drill bit set, 20 piece",b37366c7-b51f-5b63-95f1-e4bd96f6ad3e,79.30,2,0.88
8afe1275-b2bc-5645-95fe-0882d64fadf6,844d8e46-345f-56e3-8088-185fc6d76c9e,Charter Club wrinkle-resistant dress shirt,95b5aa5e-4831-5a09-8b4c-36da6ac64ad5,7.09,3,0.88
b6fbd3b7-6fcb-55b5-b1e1-5267c4f580d5,844d8e46-345f-56e3-8088-185fc6d76c9e,Hotel Collection bath robe,95b5aa5e-4831-5a09-8b4c-36da6ac64ad5,16.57,2,0.74
dc799fbd-7244-5626-94b4-44f07820ac57,a30bb3d4-97cd-550f-91ba-0f94d8a232ec,"Husky heavy-duty storage bin, 27 gal",b37366c7-b51f-5b63-95f1-e4bd96f6ad3e,23.24,1,0.96
1b4d109a-d218-5f21-b1b3-0b65ffd6b371,a30bb3d4-97cd-550f-91ba-0f94d8a232ec,"Husky heavy-duty storage bin, 27 gal",b37366c7-b51f-5b63-95f1-e4bd96f6ad3e,29.99,1,0.7
29065354-2bf0-5e46-a6d9-9007e1bb88c2,a30bb3d4-97cd-550f-91ba-0f94d8a232ec,"Behr Premium Plus interior paint, 1 gal",b37366c7-b51f-5b63-95f1-e4bd96f6ad3e,28.31,3,0.84
bb9dc9aa-ea2c-5a4f-ac96-b91e2e70df38,a30bb3d4-97cd-550f-91ba-0f94d8a232ec,"Husky heavy-duty storage bin, 27 gal",b37366c7-b51f-5b63-95f1-e4bd96f6ad3e,38.95,2,0.76
ea759fc1-9073-5a8b-a010-6e6be30b9295,a30bb3d4-97cd-550f-91ba-0f94d8a232ec,"Miracle-Gro potting mix, 25 qt",b37366c7-b51f-5b63-95f1-e4bd96f6ad3e,69.33,3,0.87
d596babd-af00-56ec-8216-25a97f85aaba,d99d39b9-67d4-576e-9655-1cfc0a5e4361,"Ryobi drill bit set, 20 piece",b37366c7-b51f-5b63-95f1-e4bd96f6ad3e,32.93,2,0.75
3c82bfb5-6870-5e08-8542-07e8b8080e6b,d99d39b9-67d4-576e-9655-1cfc0a5e4361,"Ryobi drill bit set, 20 piece",b37366c7-b51f-5b63-95f1-e4bd96f6ad3e,45.23,2,0.73
73073524-e52e-5cf0-ab2b-321705ce4c9c,d99d39b9-67d4-576e-9655-1cfc0a5e4361,"Husky heavy-duty storage bin, 27 gal",b37366c7-b51f-5b63-95f1-e4bd96f6ad3e,45.54,1,0.81
d87e1d80-0a28-53ef-bc88-7099a0bd0701,d99d39b9-67d4-576e-9655-1cfc0a5e4361,"Behr Premium Plus interior paint, 1 gal",b37366c7-b51f-5b63-95f1-e4bd96f6ad3e,98.97,2,0.84
5b377de9-3efc-5621-9e47-13cdbbba4aeb,ded52d59-8761-5027-bcbe-ff2ee1114559,Logitech MX Master 3S wireless mouse,dfc56eef-4ac9-50ce-b4c8-81cc669c4374,6.30,1,0.76
09d3e3ad-9ae4-509d-b7eb-b7a2c52ad1cd,ded52d59-8761-5027-bcbe-ff2ee1114559,"SanDisk Extreme portable SSD, 1TB",dfc56eef-4ac9-50ce-b4c8-81cc669c4374,6.82,3,0.77
b5031106-d836-5817-88f6-8eb49215a2f1,ded52d59-8761-5027-bcbe-ff2ee1114559,"SanDisk Extreme portable SSD, 1TB",dfc56eef-4ac9-50ce-b4c8-81cc669c4374,5.93,3,0.81
f17db79c-0c3d-57f1-97dd-f2f45df3b099,ded52d59-8761-5027-bcbe-ff2ee1114559,"Apple AirTag, single pack",dfc56eef-4ac9-50ce-b4c8-81cc669c4374,5.76,3,0.95
6abb9215-a5bb-5dd1-90c0-eccaa69b226e,ded52d59-8761-5027-bcbe-ff2ee1114559,"SanDisk Extreme portable SSD, 1TB",dfc56eef-4ac9-50ce-b4c8-81cc669c4374,10.45,2,0.71
8d333ee2-b2a3-5acf-8c52-f2367e9a28b9,ded52d59-8761-5027-bcbe-ff2ee1114559,Logitech MX Master 3S wireless mouse,dfc56eef-4ac9-50ce-b4c8-81cc669c4374,13.13,3,0.97
bc5b6c15-3979-5faa-bd7a-c8d304229b0c,7323a133-e3bb-530d-920a-c1f5c15d6da7,"Sony WH-CH520 wireless headphones, black",dfc56eef-4ac9-50ce-b4c8-81cc669c4374,9.39,1,0.95
25554102-e6af-5e83-aa39-539400e7bfb0,7323a133-e3bb-530d-920a-c1f5c15d6da7,"Ninja replacement blender cups, 2-pack",b37366c7-b51f-5b63-95f1-e4bd96f6ad3e,13.60,3,0.85
6f436fcf-cc15-56cf-896e-f4a5392d697b,7323a133-e3bb-530d-920a-c1f5c15d6da7,"Amazon Basics braided HDMI cable, 6 ft",dfc56eef-4ac9-50ce-b4c8-81cc669c4374,18.69,3,0.81
67ad8339-1666-5845-a515-b7cc5da93bfc,d0b0f2ed-61ff-5658-819c-bd35a3bc6e8d,"Ryobi drill bit set, 20 piece",b37366c7-b51f-5b63-95f1-e4bd96f6ad3e,49.66,1,0.98
552914ab-938c-513e-abfc-06c8400bf4c9,d0b0f2ed-61ff-5658-819c-bd35a3bc6e8d,"Ryobi drill bit set, 20 piece",b37366c7-b51f-5b63-95f1-e4bd96f6ad3e,50.82,2,0.91
bcaa00f0-310b-5c34-9060-8f12ce87eece,d0b0f2ed-61ff-5658-819c-bd35a3bc6e8d,"Miracle-Gro potting mix, 25 qt",b37366c7-b51f-5b63-95f1-e4bd96f6ad3e,46.03,2,0.78
1b43199a-5221-5d6a-8a06-3ed563ede107,d0b0f2ed-61ff-5658-819c-bd35a3bc6e8d,"Miracle-Gro potting mix, 25 qt",b37366c7-b51f-5b63-95f1-e4bd96f6ad3e,70.83,2,0.88
39554ff5-a441-551e-9820-097a1905ea8e,d0b0f2ed-61ff-5658-819c-bd35a3bc6e8d,"Miracle-Gro potting mix, 25 qt",b37366c7-b51f-5b63-95f1-e4bd96f6ad3e,78.21,1,0.91
0daa72dc-12b4-5085-b1c8-549e4aab06dd,eb532f21-4247-59ca-a2e0-6d72997ecfbd,"Husky heavy-duty storage bin, 27 gal",b37366c7-b51f-5b63-95f1-e4bd96f6ad3e,11.84,1,0.87
78fb1431-ba97-52f4-8f66-65587f54bc2f,eb532f21-4247-59ca-a2e0-6d72997ecfbd,"Miracle-Gro potting mix, 25 qt",b37366c7-b51f-5b63-95f1-e4bd96f6ad3e,22.11,1,0.74
2e4fcefe-a85e-5877-b24d-a434b871a5d8,e5734011-0cf0-5d49-b954-3379ade0ee6e,"Husky heavy-duty storage bin, 27 gal",b37366c7-b51f-5b63-95f1-e4bd96f6ad3e,34.39,2,0.9
d1dfe777-8781-5ebe-95f2-80b86d37dfc2,e5734011-0cf0-5d49-b954-3379ade0ee6e,"Miracle-Gro potting mix, 25 qt",b37366c7-b51f-5b63-95f1-e4bd96f6ad3e,77.89,1,0.96
716d97dc-b836-5ee3-8bc4-cb10e919cf0a,d621ec39-4f2e-5ba9-a258-d24b324930ab,Calvin Klein slim-fit chinos,95b5aa5e-4831-5a09-8b4c-36da6ac64ad5,96.14,1,0.75
1570f5d3-5fd0-510e-bbdd-224d9730c8f8,d621ec39-4f2e-5ba9-a258-d24b324930ab,Charter Club wrinkle-resistant dress shirt,95b5aa5e-4831-5a09-8b4c-36da6ac64ad5,117.22,3,0.97
b8c9fb80-4b13-5bbc-b726-aa65e725f53b,fe14d87b-fc5e-5ef5-9446-ac16024af214,Bottled water and road snack,9f0065b4-325d-5ecd-9328-d24b02759cfc,19.00,3,1.0
ebe836e0-d5b1-5294-9b8f-9ef23d4912eb,fe14d87b-fc5e-5ef5-9446-ac16024af214,Car wash express package,b37366c7-b51f-5b63-95f1-e4bd96f6ad3e,15.50,3,0.87
a80ec7b2-6169-5967-a3db-8bfd40571fc8,fe14d87b-fc5e-5ef5-9446-ac16024af214,Car wash express package,b37366c7-b51f-5b63-95f1-e4bd96f6ad3e,30.00,1,0.99
7be1a6f5-ba37-5e9a-bef0-23f8c355152d,342bdb71-78ce-5a44-b602-7b7ea395cd31,"Kirkland Colombian coffee beans, 3 lb",1f008adf-0619-503a-a18b-d7efc791afea,13.64,1,0.85
43d4fbdb-fcce-5be1-a331-ff1134516a16,342bdb71-78ce-5a44-b602-7b7ea395cd31,"Kirkland Signature paper towels, 12 rolls",b37366c7-b51f-5b63-95f1-e4bd96f6ad3e,22.95,2,0.8
d4525b12-a743-571e-925e-5b6686eb1300,342bdb71-78ce-5a44-b602-7b7ea395cd31,"Kirkland organic chicken breast, family pack",968cb096-c18d-575b-81f5-6d06a9ee3a17,23.37,1,0.89
7e23275a-902b-5bb2-a83a-5c9eb3f85601,97fe4008-e244-523f-8310-4d642b7210fa,"Behr Premium Plus interior paint, 1 gal",b37366c7-b51f-5b63-95f1-e4bd96f6ad3e,44.96,1,0.73
5326b855-4d98-5047-b6f2-31eab3f192b5,97fe4008-e244-523f-8310-4d642b7210fa,"Behr Premium Plus interior paint, 1 gal",b37366c7-b51f-5b63-95f1-e4bd96f6ad3e,87.78,2,0.94
8814c274-21d3-572e-a3a0-6bf8ae67c1a1,97fe4008-e244-523f-8310-4d642b7210fa,"Husky heavy-duty storage bin, 27 gal",b37366c7-b51f-5b63-95f1-e4bd96f6ad3e,92.16,1,0.71
98d15aa4-de84-5c16-a1ab-6dfd08212e47,92714e53-51c3-57f9-b179-724e829eb70d,Home Chef ready-to-cook salmon meal,9f0065b4-325d-5ecd-9328-d24b02759cfc,6.60,3,0.99
3fa740ad-2ac4-5705-8a2c-b63a3f6d9a83,92714e53-51c3-57f9-b179-724e829eb70d,Private Selection sourdough bread,9f0065b4-325d-5ecd-9328-d24b02759cfc,10.53,1,0.76
c8c6643b-e213-5cae-9a96-563d0d660f63,92714e53-51c3-57f9-b179-724e829eb70d,"Kroger gala apples, 3 lb bag",968cb096-c18d-575b-81f5-6d06a9ee3a17,14.24,1,0.75
8a327b87-c18e-5ca5-9ffa-22c3899b0991,aed1a1e0-261c-597e-808d-01ab93701c64,"Husky heavy-duty storage bin, 27 gal",b37366c7-b51f-5b63-95f1-e4bd96f6ad3e,17.62,1,0.88
5c74a1e8-1429-5167-a0cf-c3e067bb9c67,aed1a1e0-261c-597e-808d-01ab93701c64,"Ryobi drill bit set, 20 piece",b37366c7-b51f-5b63-95f1-e4bd96f6ad3e,9.19,2,0.84
d8110af7-7ee6-549c-8cbc-3768eee353ec,aed1a1e0-261c-597e-808d-01ab93701c64,"Miracle-Gro potting mix, 25 qt",b37366c7-b51f-5b63-95f1-e4bd96f6ad3e,14.42,2,0.96
e90bfe5f-77e5-5042-a1f0-3cb498e0bbce,aed1a1e0-261c-597e-808d-01ab93701c64,"Husky heavy-duty storage bin, 27 gal",b37366c7-b51f-5b63-95f1-e4bd96f6ad3e,15.74,1,0.92
c0fb14eb-e410-53a1-b58e-3b500c295ace,aed1a1e0-261c-597e-808d-01ab93701c64,"Behr Premium Plus interior paint, 1 gal",b37366c7-b51f-5b63-95f1-e4bd96f6ad3e,16.89,1,0.94
0291d082-7a9f-5a58-a5bc-6ee751afcf6c,aed1a1e0-261c-597e-808d-01ab93701c64,"Miracle-Gro potting mix, 25 qt",b37366c7-b51f-5b63-95f1-e4bd96f6ad3e,31.88,3,0.74
5fc1fb49-7ac4-5e80-8fb9-2be6ca7c6133,f8b2b55d-e2da-55d0-ae63-78906cdbbfd4,10 piece Chicken McNuggets,9f0065b4-325d-5ecd-9328-d24b02759cfc,1.41,2,0.77
ea132bb9-3ac4-5e7d-9ee2-734c967b441c,f8b2b55d-e2da-55d0-ae63-78906cdbbfd4,10 piece Chicken McNuggets,9f0065b4-325d-5ecd-9328-d24b02759cfc,1.90,2,0.83
70a321e3-26cf-5557-af02-2b0fe3b1400c,f8b2b55d-e2da-55d0-ae63-78906cdbbfd4,Quarter Pounder meal,9f0065b4-325d-5ecd-9328-d24b02759cfc,3.20,2,0.99
82448512-5b00-5f56-950d-c29809867a49,2a265c38-93c9-57af-bc11-c3c2b42b08da,Kindle ebook: personal finance workbook,a9848b00-9c7c-507a-b1f6-7ae28230a56b,38.92,3,0.79
2e5cdbcd-4f54-5cba-86c2-81f22178ea82,2a265c38-93c9-57af-bc11-c3c2b42b08da,"Sony WH-CH520 wireless headphones, black",dfc56eef-4ac9-50ce-b4c8-81cc669c4374,40.98,1,0.88
98913f76-3dc1-54de-8ad5-a3f11b4351cb,2a265c38-93c9-57af-bc11-c3c2b42b08da,Kindle ebook: personal finance workbook,a9848b00-9c7c-507a-b1f6-7ae28230a56b,42.42,3,0.81
3711cc32-d25e-5825-a1ed-8abb5a8bc97d,2a265c38-93c9-57af-bc11-c3c2b42b08da,"Command picture hanging strips, medium",b37366c7-b51f-5b63-95f1-e4bd96f6ad3e,68.51,1,0.81
d0adb5e9-a7c4-5cf2-9b87-8aecee82e17c,e5181f71-67ed-5227-a257-e72fb13ab19f,"Miracle-Gro potting mix, 25 qt",b37366c7-b51f-5b63-95f1-e4bd96f6ad3e,7.77,3,0.74
88d87912-3e10-589f-a490-b720db3caf16,e5181f71-67ed-5227-a257-e72fb13ab19f,"Ryobi drill bit set, 20 piece",b37366c7-b51f-5b63-95f1-e4bd96f6ad3e,5.58,2,1.0
9a7c86a5-3916-5d36-9433-4ba3ef974832,e5181f71-67ed-5227-a257-e72fb13ab19f,"Husky heavy-duty storage bin, 27 gal",b37366c7-b51f-5b63-95f1-e4bd96f6ad3e,8.31,3,0.76
78a8d266-865d-5258-b71d-7a6027fa681c,e5181f71-67ed-5227-a257-e72fb13ab19f,"Behr Premium Plus interior paint, 1 gal",b37366c7-b51f-5b63-95f1-e4bd96f6ad3e,12.41,2,0.92
9b7faf45-d020-5973-b66a-3032c983a95b,3ca54b29-3ffe-55df-b13f-c3e5e3f1e112,"Behr Premium Plus interior paint, 1 gal",b37366c7-b51f-5b63-95f1-e4bd96f6ad3e,28.74,1,0.83
bab8c084-b8f2-5c2f-ba5c-a1e0338ef9c2,3ca54b29-3ffe-55df-b13f-c3e5e3f1e112,"Ryobi drill bit set, 20 piece",b37366c7-b51f-5b63-95f1-e4bd96f6ad3e,23.04,1,0.77
9746f0e8-6cf8-5be4-8183-308407c83414,3ca54b29-3ffe-55df-b13f-c3e5e3f1e112,"Behr Premium Plus interior paint, 1 gal",b37366c7-b51f-5b63-95f1-e4bd96f6ad3e,59.60,1,0.89
ae7c2856-d86e-5391-8fbb-d478df162679,6db93488-faca-59a1-b8ea-ac7fcb34b51a,Quarter Pounder meal,9f0065b4-325d-5ecd-9328-d24b02759cfc,2.25,1,0.88
be98eb6c-ac59-572b-b2d6-8187e086039f,6db93488-faca-59a1-b8ea-ac7fcb34b51a,10 piece Chicken McNuggets,9f0065b4-325d-5ecd-9328-d24b02759cfc,1.85,2,0.7
01dbd5ae-9717-5133-8176-bd00c3818b87,6db93488-faca-59a1-b8ea-ac7fcb34b51a,10 piece Chicken McNuggets,9f0065b4-325d-5ecd-9328-d24b02759cfc,2.95,2,0.85
e635580e-dcce-59c9-8347-d4d549d8e61f,6db93488-faca-59a1-b8ea-ac7fcb34b51a,McCafe medium latte,1f008adf-0619-503a-a18b-d7efc791afea,3.41,1,0.75
0d53ae87-0556-5b1f-986d-fa267ef49fac,6db93488-faca-59a1-b8ea-ac7fcb34b51a,Quarter Pounder meal,9f0065b4-325d-5ecd-9328-d24b02759cfc,4.04,3,0.92
f77aa671-bfc3-58c2-910c-82dd3681b9d4,fe655967-0ba7-59e7-b9d6-1ceead9f1b05,"Behr Premium Plus interior paint, 1 gal",b37366c7-b51f-5b63-95f1-e4bd96f6ad3e,8.53,1,0.82
68b73201-cd04-5577-9931-92d25701ccf3,fe655967-0ba7-59e7-b9d6-1ceead9f1b05,"Husky heavy-duty storage bin, 27 gal",b37366c7-b51f-5b63-95f1-e4bd96f6ad3e,8.61,1,0.93
cc439f3b-673a-5d55-b981-d0fc6bbd5201,fe655967-0ba7-59e7-b9d6-1ceead9f1b05,"Ryobi drill bit set, 20 piece",b37366c7-b51f-5b63-95f1-e4bd96f6ad3e,15.52,3,0.9
80489b35-36bc-54be-9067-546d863af4af,fe655967-0ba7-59e7-b9d6-1ceead9f1b05,"Ryobi drill bit set, 20 piece",b37366c7-b51f-5b63-95f1-e4bd96f6ad3e,17.99,2,0.84
7980c6fc-f35e-5bc0-9943-243731f026b0,fe655967-0ba7-59e7-b9d6-1ceead9f1b05,"Husky heavy-duty storage bin, 27 gal",b37366c7-b51f-5b63-95f1-e4bd96f6ad3e,20.15,3,0.97
f0a116ac-4012-5857-8fdd-8fd67384519c,c3d25e09-3783-5367-9eb1-c9f96f207f1d,"Miracle-Gro potting mix, 25 qt",b37366c7-b51f-5b63-95f1-e4bd96f6ad3e,24.55,3,0.88
009dad36-29b4-5aad-904c-32891b2905d7,c3d25e09-3783-5367-9eb1-c9f96f207f1d,"Husky heavy-duty storage bin, 27 gal",b37366c7-b51f-5b63-95f1-e4bd96f6ad3e,23.39,1,0.88
302a00a5-c18a-538e-a416-e9ddcde7871b,c3d25e09-3783-5367-9eb1-c9f96f207f1d,"Behr Premium Plus interior paint, 1 gal",b37366c7-b51f-5b63-95f1-e4bd96f6ad3e,28.74,1,0.89
e91447d5-0a19-5f20-afba-f604f0136490,ac8ed9c7-2ab9-5b3e-a4ea-41a143cd17ee,Neutrogena Ultra Sheer sunscreen SPF 55,875ccc19-66e7-5835-86a5-73be20384685,8.14,3,0.87
dd91f3a4-9c28-512b-9f92-059aedf58140,ac8ed9c7-2ab9-5b3e-a4ea-41a143cd17ee,Neutrogena Ultra Sheer sunscreen SPF 55,875ccc19-66e7-5835-86a5-73be20384685,7.86,2,0.75
f186ef26-7cb0-50c8-a34c-3220368f24cc,ac8ed9c7-2ab9-5b3e-a4ea-41a143cd17ee,"Band-Aid flexible fabric bandages, 30 ct",b37366c7-b51f-5b63-95f1-e4bd96f6ad3e,19.57,2,0.84
28cbdedc-5265-55e7-9e77-78d0ad4a6215,6dc65563-9934-50e4-a93a-1f8f2ea5911d,"Behr Premium Plus interior paint, 1 gal",b37366c7-b51f-5b63-95f1-e4bd96f6ad3e,4.08,3,0.88
381b7f86-2633-59d5-a9ef-7915de79bd8b,6dc65563-9934-50e4-a93a-1f8f2ea5911d,"Ryobi drill bit set, 20 piece",b37366c7-b51f-5b63-95f1-e4bd96f6ad3e,3.48,1,0.79
0e092864-0958-5070-806d-f428bf21f420,6dc65563-9934-50e4-a93a-1f8f2ea5911d,"Miracle-Gro potting mix, 25 qt",b37366c7-b51f-5b63-95f1-e4bd96f6ad3e,4.88,3,0.88
db33926f-dea5-534e-bf42-bdb797c2745f,6dc65563-9934-50e4-a93a-1f8f2ea5911d,"Behr Premium Plus interior paint, 1 gal",b37366c7-b51f-5b63-95f1-e4bd96f6ad3e,7.18,3,0.85
a7d96dcc-2352-5196-a947-e7ccfe575c0b,09774611-e5dd-5e69-8970-f4d6f4eca0bb,"Behr Premium Plus interior paint, 1 gal",b37366c7-b51f-5b63-95f1-e4bd96f6ad3e,14.92,2,0.96
e9e6eef4-d6c5-553c-b4b1-c9fbbede4093,09774611-e5dd-5e69-8970-f4d6f4eca0bb,"Miracle-Gro potting mix, 25 qt",b37366c7-b51f-5b63-95f1-e4bd96f6ad3e,26.00,2,0.85
6ad12429-54dc-5c10-a311-2f986cdb29a9,09774611-e5dd-5e69-8970-f4d6f4eca0bb,"Husky heavy-duty storage bin, 27 gal",b37366c7-b51f-5b63-95f1-e4bd96f6ad3e,20.50,1,0.71
d633d927-cb46-5789-92f1-fbd2e61738ca,09774611-e5dd-5e69-8970-f4d6f4eca0bb,"Husky heavy-duty storage bin, 27 gal",b37366c7-b51f-5b63-95f1-e4bd96f6ad3e,21.30,3,0.76
6fc03277-f7e1-53c8-b5eb-26fe463a3eb1,09774611-e5dd-5e69-8970-f4d6f4eca0bb,"Ryobi drill bit set, 20 piece",b37366c7-b51f-5b63-95f1-e4bd96f6ad3e,57.14,3,0.78
e344b3e6-f17f-5126-a7e4-24d11efd5198,2afbc326-1280-5454-b4fb-29933a69f581,"Husky heavy-duty storage bin, 27 gal",b37366c7-b51f-5b63-95f1-e4bd96f6ad3e,13.04,2,0.8
3a014ae9-21a9-5de5-aee8-9cc0ab75d8b6,2afbc326-1280-5454-b4fb-29933a69f581,"Ryobi drill bit set, 20 piece",b37366c7-b51f-5b63-95f1-e4bd96f6ad3e,17.13,3,0.86
7f1d9be9-a414-5dff-bbb5-d9b95a733872,2afbc326-1280-5454-b4fb-29933a69f581,"Ryobi drill bit set, 20 piece",b37366c7-b51f-5b63-95f1-e4bd96f6ad3e,17.37,3,0.78
8a149410-b69f-5322-bde5-267c3b03b568,2afbc326-1280-5454-b4fb-29933a69f581,"Ryobi drill bit set, 20 piece",b37366c7-b51f-5b63-95f1-e4bd96f6ad3e,14.78,3,0.85
fc31df85-0510-5b1f-83fb-b1fc00cf518d,2afbc326-1280-5454-b4fb-29933a69f581,"Ryobi drill bit set, 20 piece",b37366c7-b51f-5b63-95f1-e4bd96f6ad3e,31.74,2,0.97
516669ac-d6d6-5c1b-b7bb-b3440bf37bf2,09147cf3-8bd3-5e49-bbfb-39f6f17a613f,"Steak tacos, three count",9f0065b4-325d-5ecd-9328-d24b02759cfc,1.91,3,0.87
2b55f5f2-1b36-5204-b558-b2a2a939dba3,09147cf3-8bd3-5e49-bbfb-39f6f17a613f,Chicken burrito bowl with guacamole,9f0065b4-325d-5ecd-9328-d24b02759cfc,1.50,2,0.89
92929c6a-0abb-5bd5-82f7-034fca88ff9b,09147cf3-8bd3-5e49-bbfb-39f6f17a613f,Chicken burrito bowl with guacamole,9f0065b4-325d-5ecd-9328-d24b02759cfc,2.06,2,0.83
6a876f3d-cac2-5338-bd12-6d5039146ecc,09147cf3-8bd3-5e49-bbfb-39f6f17a613f,Chicken burrito bowl with guacamole,9f0065b4-325d-5ecd-9328-d24b02759cfc,1.97,1,0.74
11e38812-c31b-5bc0-bdfc-0443d96f01ae,09147cf3-8bd3-5e49-bbfb-39f6f17a613f,Chicken burrito bowl with guacamole,9f0065b4-325d-5ecd-9328-d24b02759cfc,3.08,1,0.95
6bbc515e-203f-58d7-b23b-7345404dea4c,09147cf3-8bd3-5e49-bbfb-39f6f17a613f,"Steak tacos, three count",9f0065b4-325d-5ecd-9328-d24b02759cfc,3.93,1,0.86
e4dc8013-04fa-5df1-85cc-fa56deee9f6b,4ad53d8d-0bbe-5a9e-b595-7f2542d8d445,Private Selection sourdough bread,9f0065b4-325d-5ecd-9328-d24b02759cfc,18.31,3,0.95
859bd3fc-a420-54fb-9d06-9d52bba0c3d2,4ad53d8d-0bbe-5a9e-b595-7f2542d8d445,"Simple Truth organic Greek yogurt, 32 oz",968cb096-c18d-575b-81f5-6d06a9ee3a17,25.97,2,0.76
dc70b81a-b6c2-550d-a511-e242d4af63cb,4ad53d8d-0bbe-5a9e-b595-7f2542d8d445,"Kroger gala apples, 3 lb bag",968cb096-c18d-575b-81f5-6d06a9ee3a17,35.75,2,0.82
19a19912-dfc7-500f-86a3-33b6d22cbcd1,161f568a-a0ee-57a7-9943-813a338e2193,"Husky heavy-duty storage bin, 27 gal",b37366c7-b51f-5b63-95f1-e4bd96f6ad3e,49.92,1,0.88
d8987957-9fb2-52d3-b5e0-b1c8a48ec8ed,161f568a-a0ee-57a7-9943-813a338e2193,"Ryobi drill bit set, 20 piece",b37366c7-b51f-5b63-95f1-e4bd96f6ad3e,87.30,1,0.86
85481d87-6ac7-5864-96b5-ddccb68998ab,161f568a-a0ee-57a7-9943-813a338e2193,"Ryobi drill bit set, 20 piece",b37366c7-b51f-5b63-95f1-e4bd96f6ad3e,137.59,2,0.74
de915337-1125-5c61-b4ff-b1ba80bb282a,5ba87378-018f-5cea-8353-73a1fec85a49,"Miracle-Gro potting mix, 25 qt",b37366c7-b51f-5b63-95f1-e4bd96f6ad3e,10.70,2,0.96
f751a54a-1efb-57e2-afca-d88b65c6e6ad,5ba87378-018f-5cea-8353-73a1fec85a49,"Miracle-Gro potting mix, 25 qt",b37366c7-b51f-5b63-95f1-e4bd96f6ad3e,12.02,1,0.77
4ac55982-987d-5504-a169-79c043725eef,5ba87378-018f-5cea-8353-73a1fec85a49,"Behr Premium Plus interior paint, 1 gal",b37366c7-b51f-5b63-95f1-e4bd96f6ad3e,10.26,2,0.81
88b5a3d2-abe9-5888-9e04-053f5caf5f92,5ba87378-018f-5cea-8353-73a1fec85a49,"Miracle-Gro potting mix, 25 qt",b37366c7-b51f-5b63-95f1-e4bd96f6ad3e,14.67,3,0.96
34d58540-9ec5-529e-af6f-a6d32ba4be53,5ba87378-018f-5cea-8353-73a1fec85a49,"Behr Premium Plus interior paint, 1 gal",b37366c7-b51f-5b63-95f1-e4bd96f6ad3e,28.79,3,0.79
0afd4254-6722-572b-91c3-67139429a045,1c3a2b69-de59-5bec-9dac-3a0f8bf86f42,"Organic jasmine rice, 3 lb",968cb096-c18d-575b-81f5-6d06a9ee3a17,3.56,3,0.92
8a8b2804-e805-5a48-8997-30b2b0c7dc6e,1c3a2b69-de59-5bec-9dac-3a0f8bf86f42,Everything but the Bagel seasoning,968cb096-c18d-575b-81f5-6d06a9ee3a17,5.67,2,0.8
57613378-d6de-5434-aea1-0b7f89bb0ff2,1c3a2b69-de59-5bec-9dac-3a0f8bf86f42,"Unexpected cheddar cheese, 7 oz",968cb096-c18d-575b-81f5-6d06a9ee3a17,6.85,1,0.74
06a5fc63-9c02-58eb-aa55-3d642b9ac737,1c3a2b69-de59-5bec-9dac-3a0f8bf86f42,"Mandarin orange chicken, frozen",9f0065b4-325d-5ecd-9328-d24b02759cfc,8.02,3,0.82
5d2d6868-3903-50fe-ab50-a67e2e85afb9,1c3a2b69-de59-5bec-9dac-3a0f8bf86f42,"Mandarin orange chicken, frozen",9f0065b4-325d-5ecd-9328-d24b02759cfc,5.97,1,0.79
528568bd-c232-5522-9abd-d3d6204dcbf9,1c3a2b69-de59-5bec-9dac-3a0f8bf86f42,Everything but the Bagel seasoning,968cb096-c18d-575b-81f5-6d06a9ee3a17,11.15,1,0.83
894499b8-cd88-5634-b4ed-de48ce4631fe,f00de29f-46d3-5ff3-b15c-2397272b359c,"Colgate Optic White toothpaste, 4.2 oz",b37366c7-b51f-5b63-95f1-e4bd96f6ad3e,4.63,3,0.85
8c81aaa2-70ec-53e6-83ec-5d2dde9ef7e8,f00de29f-46d3-5ff3-b15c-2397272b359c,"Band-Aid flexible fabric bandages, 30 ct",b37366c7-b51f-5b63-95f1-e4bd96f6ad3e,2.64,2,0.89
034c6910-620f-58bd-bb9c-5701c00bdd3d,f00de29f-46d3-5ff3-b15c-2397272b359c,"Band-Aid flexible fabric bandages, 30 ct",b37366c7-b51f-5b63-95f1-e4bd96f6ad3e,5.57,2,0.87
e59121f3-bd1d-52c5-b2c6-1819b8f64312,f00de29f-46d3-5ff3-b15c-2397272b359c,Neutrogena Ultra Sheer sunscreen SPF 55,875ccc19-66e7-5835-86a5-73be20384685,4.38,3,0.9
d836b463-a2b8-58c8-b238-96f74914951e,f00de29f-46d3-5ff3-b15c-2397272b359c,"Colgate Optic White toothpaste, 4.2 oz",b37366c7-b51f-5b63-95f1-e4bd96f6ad3e,6.93,3,0.9
5326a57c-36d4-5706-9aac-49677aff5d35,1a3457a9-9575-58af-b1c8-72ed3715dd66,"Ryobi drill bit set, 20 piece",b37366c7-b51f-5b63-95f1-e4bd96f6ad3e,8.61,1,0.95
2797c46b-f6a5-51b3-bbfd-0afcea59dfdd,1a3457a9-9575-58af-b1c8-72ed3715dd66,"Husky heavy-duty storage bin, 27 gal",b37366c7-b51f-5b63-95f1-e4bd96f6ad3e,11.02,1,0.84
47f549a7-0a2a-5b78-bade-91a9fb16a2c1,1a3457a9-9575-58af-b1c8-72ed3715dd66,"Behr Premium Plus interior paint, 1 gal",b37366c7-b51f-5b63-95f1-e4bd96f6ad3e,8.63,3,0.86
d89d03eb-2f24-5c63-a7b4-941131052373,1a3457a9-9575-58af-b1c8-72ed3715dd66,"Miracle-Gro potting mix, 25 qt",b37366c7-b51f-5b63-95f1-e4bd96f6ad3e,11.63,2,0.87
4b9b62e0-b397-59ed-8034-27671ffb2d28,1a3457a9-9575-58af-b1c8-72ed3715dd66,"Husky heavy-duty storage bin, 27 gal",b37366c7-b51f-5b63-95f1-e4bd96f6ad3e,12.85,1,0.89
f7c966e2-edb4-5937-a2e3-2b4f7c8bb79c,1a3457a9-9575-58af-b1c8-72ed3715dd66,"Behr Premium Plus interior paint, 1 gal",b37366c7-b51f-5b63-95f1-e4bd96f6ad3e,26.73,2,0.98
6707a528-b68a-5f22-9848-feeec361cf75,970a895d-c26a-579e-b1df-fd4fb120b774,"Ryobi drill bit set, 20 piece",b37366c7-b51f-5b63-95f1-e4bd96f6ad3e,40.49,1,0.82
092b2837-3aa2-5ce2-bd71-c6812014d85a,970a895d-c26a-579e-b1df-fd4fb120b774,"Husky heavy-duty storage bin, 27 gal",b37366c7-b51f-5b63-95f1-e4bd96f6ad3e,35.40,3,0.84
1a5a7b9b-df1a-56fe-937e-e2f8c7c25557,970a895d-c26a-579e-b1df-fd4fb120b774,"Ryobi drill bit set, 20 piece",b37366c7-b51f-5b63-95f1-e4bd96f6ad3e,42.65,2,0.9
47c124de-8c02-544c-9dde-cafbd63e0b95,970a895d-c26a-579e-b1df-fd4fb120b774,"Miracle-Gro potting mix, 25 qt",b37366c7-b51f-5b63-95f1-e4bd96f6ad3e,60.57,1,0.94
660cbba0-98bc-5f72-9e4d-56a57d620000,970a895d-c26a-579e-b1df-fd4fb120b774,"Ryobi drill bit set, 20 piece",b37366c7-b51f-5b63-95f1-e4bd96f6ad3e,72.95,3,0.8
c4189d12-ac5b-5eea-82f6-109a7250eaa5,258c61d9-abd5-5df6-9381-e455f0472652,"Miracle-Gro potting mix, 25 qt",b37366c7-b51f-5b63-95f1-e4bd96f6ad3e,9.09,2,0.74
d0350ce3-8c7a-5ae0-82d4-af3e53b89e85,258c61d9-abd5-5df6-9381-e455f0472652,"Ryobi drill bit set, 20 piece",b37366c7-b51f-5b63-95f1-e4bd96f6ad3e,9.31,3,0.76
1507bb8e-90fa-5375-adc3-94bbb1a6d9b5,258c61d9-abd5-5df6-9381-e455f0472652,"Miracle-Gro potting mix, 25 qt",b37366c7-b51f-5b63-95f1-e4bd96f6ad3e,13.34,3,0.71
efdfe495-ca6d-5793-8bca-5e5203d0b863,313a849e-705e-524a-875e-f208477a5650,"Miracle-Gro potting mix, 25 qt",b37366c7-b51f-5b63-95f1-e4bd96f6ad3e,55.57,3,0.79
f41f85c8-321a-50bb-a5bb-309153e4f9e9,313a849e-705e-524a-875e-f208477a5650,"Husky heavy-duty storage bin, 27 gal",b37366c7-b51f-5b63-95f1-e4bd96f6ad3e,63.58,1,0.96
5b95c3fd-1d70-59f8-b620-e5b5987bd7b8,313a849e-705e-524a-875e-f208477a5650,"Ryobi drill bit set, 20 piece",b37366c7-b51f-5b63-95f1-e4bd96f6ad3e,39.46,2,0.73
afed374e-177f-5345-ac96-d0987d9df515,313a849e-705e-524a-875e-f208477a5650,"Ryobi drill bit set, 20 piece",b37366c7-b51f-5b63-95f1-e4bd96f6ad3e,96.11,1,0.71
ddd1690e-dc53-515f-9ea2-feaa5eeaddae,3cd098e9-42bf-5e63-899d-c3fb60f8ae56,"Ryobi drill bit set, 20 piece",b37366c7-b51f-5b63-95f1-e4bd96f6ad3e,52.12,3,0.82
f5a49c8d-3002-59b9-97a2-134e3d2df766,3cd098e9-42bf-5e63-899d-c3fb60f8ae56,"Husky heavy-duty storage bin, 27 gal",b37366c7-b51f-5b63-95f1-e4bd96f6ad3e,69.78,2,0.93
70ddb40f-c42c-5323-ba28-5ca7d6af005c,3cd098e9-42bf-5e63-899d-c3fb60f8ae56,"Behr Premium Plus interior paint, 1 gal",b37366c7-b51f-5b63-95f1-e4bd96f6ad3e,112.80,2,0.99
f1842b93-e42d-5a83-b032-78df226650c5,ec42c282-f367-565e-aba8-4478e8c44b71,"Behr Premium Plus interior paint, 1 gal",b37366c7-b51f-5b63-95f1-e4bd96f6ad3e,17.98,1,0.98
67ff0ce8-fc34-5098-a402-793599880385,ec42c282-f367-565e-aba8-4478e8c44b71,"Ryobi drill bit set, 20 piece",b37366c7-b51f-5b63-95f1-e4bd96f6ad3e,20.78,1,0.86
d9994b34-e4a4-5e93-ba8f-03bc1adf4abb,ec42c282-f367-565e-aba8-4478e8c44b71,"Miracle-Gro potting mix, 25 qt",b37366c7-b51f-5b63-95f1-e4bd96f6ad3e,19.32,1,0.8
4a7f85a7-20a9-5e33-a327-0c974249711b,ec42c282-f367-565e-aba8-4478e8c44b71,"Miracle-Gro potting mix, 25 qt",b37366c7-b51f-5b63-95f1-e4bd96f6ad3e,22.73,1,0.73
2c0c5118-24be-5572-9ebb-aec0f6a3b66f,ec42c282-f367-565e-aba8-4478e8c44b71,"Ryobi drill bit set, 20 piece",b37366c7-b51f-5b63-95f1-e4bd96f6ad3e,41.88,1,0.9
e4917614-d4c0-5dc6-ab8b-204536027e9e,ec42c282-f367-565e-aba8-4478e8c44b71,"Ryobi drill bit set, 20 piece",b37366c7-b51f-5b63-95f1-e4bd96f6ad3e,44.86,2,0.75
65224280-40f7-5491-8557-18260552554d,90601db9-a31c-5b4a-9c23-59533a1fca79,Charter Club wrinkle-resistant dress shirt,95b5aa5e-4831-5a09-8b4c-36da6ac64ad5,22.40,2,0.8
8dcda682-7cf3-54bc-ac6a-244ab297ba2b,90601db9-a31c-5b4a-9c23-59533a1fca79,Hotel Collection bath robe,95b5aa5e-4831-5a09-8b4c-36da6ac64ad5,17.20,3,0.74
233b1938-1ed7-5e1b-8e4d-b4fb1a787bac,90601db9-a31c-5b4a-9c23-59533a1fca79,Clinique moisture surge gel cream,875ccc19-66e7-5835-86a5-73be20384685,21.51,1,0.81
3fec58a5-5691-56a1-949e-db7dc319bc1e,90601db9-a31c-5b4a-9c23-59533a1fca79,Charter Club wrinkle-resistant dress shirt,95b5aa5e-4831-5a09-8b4c-36da6ac64ad5,30.07,2,0.75
2a263204-53db-56e2-a040-57ac26aab769,407e7c47-899b-5c54-b841-90d5fb66b4a1,"CVS Health ibuprofen 200mg caplets, 100 ct",b37366c7-b51f-5b63-95f1-e4bd96f6ad3e,1.86,1,0.84
4b35c404-1dcc-55b4-8640-5e0633279749,407e7c47-899b-5c54-b841-90d5fb66b4a1,Neutrogena Ultra Sheer sunscreen SPF 55,875ccc19-66e7-5835-86a5-73be20384685,1.77,1,1.0
f93af04f-4af0-5b6e-846b-3d950db29460,407e7c47-899b-5c54-b841-90d5fb66b4a1,Neutrogena Ultra Sheer sunscreen SPF 55,875ccc19-66e7-5835-86a5-73be20384685,4.25,2,0.92
f379b29c-4afe-5a7a-bd99-0c1c97ef7271,407e7c47-899b-5c54-b841-90d5fb66b4a1,"CVS Health ibuprofen 200mg caplets, 100 ct",b37366c7-b51f-5b63-95f1-e4bd96f6ad3e,4.55,2,0.96
e1c30a6b-425a-5b20-bb77-91575e3c65d3,f02bef3a-1306-5db0-a2dd-d282b1406903,"Behr Premium Plus interior paint, 1 gal",b37366c7-b51f-5b63-95f1-e4bd96f6ad3e,22.01,1,0.71
b140cc71-42ba-50ec-9483-1b39a127fb87,f02bef3a-1306-5db0-a2dd-d282b1406903,"Behr Premium Plus interior paint, 1 gal",b37366c7-b51f-5b63-95f1-e4bd96f6ad3e,25.69,3,0.86
d0ce7ed3-0233-5323-8976-70439e3b68d1,f02bef3a-1306-5db0-a2dd-d282b1406903,"Ryobi drill bit set, 20 piece",b37366c7-b51f-5b63-95f1-e4bd96f6ad3e,33.55,3,0.9
f6d681a2-1484-54f1-b4e1-2882765a1730,f02bef3a-1306-5db0-a2dd-d282b1406903,"Miracle-Gro potting mix, 25 qt",b37366c7-b51f-5b63-95f1-e4bd96f6ad3e,25.06,1,0.79
56ef8750-0b37-5e8e-9044-3dbccb53a5a1,f02bef3a-1306-5db0-a2dd-d282b1406903,"Behr Premium Plus interior paint, 1 gal",b37366c7-b51f-5b63-95f1-e4bd96f6ad3e,52.37,3,0.8
f3375e49-dc30-500d-8228-257f5f599e5f,f02bef3a-1306-5db0-a2dd-d282b1406903,"Behr Premium Plus interior paint, 1 gal",b37366c7-b51f-5b63-95f1-e4bd96f6ad3e,59.18,1,0.72
0a8fc41d-f056-5526-a3a8-b873e227285b,7fdf288a-1642-5de3-b8d2-f9179b863280,Calvin Klein slim-fit chinos,95b5aa5e-4831-5a09-8b4c-36da6ac64ad5,18.38,2,0.73
c87c99da-7daf-5a46-b289-e3e0a23146ee,7fdf288a-1642-5de3-b8d2-f9179b863280,Clinique moisture surge gel cream,875ccc19-66e7-5835-86a5-73be20384685,16.45,2,0.75
2338cf19-76f4-5aad-b660-5ce69178c93f,7fdf288a-1642-5de3-b8d2-f9179b863280,Hotel Collection bath robe,95b5aa5e-4831-5a09-8b4c-36da6ac64ad5,25.29,3,0.72
8e5d9f25-cb86-5501-b182-2d87134e3e85,7fdf288a-1642-5de3-b8d2-f9179b863280,Clinique moisture surge gel cream,875ccc19-66e7-5835-86a5-73be20384685,21.99,3,0.77
2c4502e9-ff34-550b-991f-443824719095,7fdf288a-1642-5de3-b8d2-f9179b863280,Calvin Klein slim-fit chinos,95b5aa5e-4831-5a09-8b4c-36da6ac64ad5,38.50,3,0.96
96c9533b-b5b8-54a6-8db3-b6cd3f9100c0,4568cf5f-0981-5730-a38d-7ec0c2606a69,"Ryobi drill bit set, 20 piece",b37366c7-b51f-5b63-95f1-e4bd96f6ad3e,86.76,3,0.82
cdfaa1d3-a815-5d88-951d-6c8694fa398f,4568cf5f-0981-5730-a38d-7ec0c2606a69,"Behr Premium Plus interior paint, 1 gal",b37366c7-b51f-5b63-95f1-e4bd96f6ad3e,186.11,3,0.99
c3c9978e-8ef3-5500-9b5f-2b3446e7d5b8,a733f6d1-7b08-5f8c-a61c-8794588db775,"Organic jasmine rice, 3 lb",968cb096-c18d-575b-81f5-6d06a9ee3a17,10.89,1,0.91
5746a548-c33e-5d11-b085-b231c4cfa8b3,a733f6d1-7b08-5f8c-a61c-8794588db775,Everything but the Bagel seasoning,968cb096-c18d-575b-81f5-6d06a9ee3a17,9.59,1,0.82
14ffaffc-e50b-534d-9103-6256d29fce3d,a733f6d1-7b08-5f8c-a61c-8794588db775,"Mandarin orange chicken, frozen",9f0065b4-325d-5ecd-9328-d24b02759cfc,25.19,1,0.84
f43f1951-b1a7-5718-9249-662b2b200959,4be2e146-c0a6-58ed-8375-9839458e52f7,Spinach feta breakfast wrap,9f0065b4-325d-5ecd-9328-d24b02759cfc,2.37,2,0.72
ef09534f-0795-507d-bb16-f449863b0079,4be2e146-c0a6-58ed-8375-9839458e52f7,Iced brown sugar shaken espresso,1f008adf-0619-503a-a18b-d7efc791afea,3.44,1,0.71
a2a4915d-bee9-5651-8c32-0ea1b4af997e,4be2e146-c0a6-58ed-8375-9839458e52f7,Iced brown sugar shaken espresso,1f008adf-0619-503a-a18b-d7efc791afea,6.06,3,0.76
eacec24d-2465-53dc-a089-8baa20b2b9b8,205797bd-b8cc-5634-a73c-31625d38a911,Hotel Collection bath robe,95b5aa5e-4831-5a09-8b4c-36da6ac64ad5,20.76,1,0.73
6d0a2b39-7619-514e-8f35-582806076745,205797bd-b8cc-5634-a73c-31625d38a911,Charter Club wrinkle-resistant dress shirt,95b5aa5e-4831-5a09-8b4c-36da6ac64ad5,22.14,1,0.82
3960f9d6-f514-5dcb-ad24-9a3d3d26f912,205797bd-b8cc-5634-a73c-31625d38a911,Calvin Klein slim-fit chinos,95b5aa5e-4831-5a09-8b4c-36da6ac64ad5,30.32,2,0.91
6b27bcf0-1f99-5d2f-a37c-9f13fc7f2153,205797bd-b8cc-5634-a73c-31625d38a911,Clinique moisture surge gel cream,875ccc19-66e7-5835-86a5-73be20384685,39.64,2,0.75
11f0c3c9-2a15-5ffc-bbd5-644a57fed218,205797bd-b8cc-5634-a73c-31625d38a911,Calvin Klein slim-fit chinos,95b5aa5e-4831-5a09-8b4c-36da6ac64ad5,49.50,2,0.83
dc5e0af9-9f1b-5eac-958f-9e7db041fa13,205797bd-b8cc-5634-a73c-31625d38a911,Hotel Collection bath robe,95b5aa5e-4831-5a09-8b4c-36da6ac64ad5,49.63,2,0.79
9a2d2681-5258-526c-aa0a-b257395a71cd,3f43edfe-67d1-50d1-b43c-f781e4876e8a,Neutrogena Ultra Sheer sunscreen SPF 55,875ccc19-66e7-5835-86a5-73be20384685,2.18,2,0.86
5e07daa7-d398-55dc-8041-f5f08ea3a1e5,3f43edfe-67d1-50d1-b43c-f781e4876e8a,"CVS Health ibuprofen 200mg caplets, 100 ct",b37366c7-b51f-5b63-95f1-e4bd96f6ad3e,3.97,2,0.85
640ed335-41bb-5719-bf9d-3f9d0f694d34,3f43edfe-67d1-50d1-b43c-f781e4876e8a,"Colgate Optic White toothpaste, 4.2 oz",b37366c7-b51f-5b63-95f1-e4bd96f6ad3e,4.07,1,0.91
45ab2cfa-3b35-5230-a3d2-b7136cd709ca,3f43edfe-67d1-50d1-b43c-f781e4876e8a,"Colgate Optic White toothpaste, 4.2 oz",b37366c7-b51f-5b63-95f1-e4bd96f6ad3e,2.48,3,0.83
f9c36d46-d98c-57bc-8aa7-725903b948ba,3f43edfe-67d1-50d1-b43c-f781e4876e8a,"CVS Health ibuprofen 200mg caplets, 100 ct",b37366c7-b51f-5b63-95f1-e4bd96f6ad3e,3.97,3,0.93
a6b27b8d-bf19-5092-aa97-cdbbb43cd0e9,3f43edfe-67d1-50d1-b43c-f781e4876e8a,"Band-Aid flexible fabric bandages, 30 ct",b37366c7-b51f-5b63-95f1-e4bd96f6ad3e,7.20,1,0.9
4c83447c-4929-59c8-a699-91158b65bf2f,dbd2289c-85a4-5a73-bded-85346513f591,"Ryobi drill bit set, 20 piece",b37366c7-b51f-5b63-95f1-e4bd96f6ad3e,23.19,2,0.9
f9c5242b-ad6d-575d-82b6-357adfda8133,dbd2289c-85a4-5a73-bded-85346513f591,"Husky heavy-duty storage bin, 27 gal",b37366c7-b51f-5b63-95f1-e4bd96f6ad3e,22.66,3,0.81
9abe32b9-1005-56c6-ba82-1e5b0c99c5b5,dbd2289c-85a4-5a73-bded-85346513f591,"Behr Premium Plus interior paint, 1 gal",b37366c7-b51f-5b63-95f1-e4bd96f6ad3e,20.02,3,0.84
f526380f-5d79-5e3c-a502-ef52a3f7d39c,dbd2289c-85a4-5a73-bded-85346513f591,"Miracle-Gro potting mix, 25 qt",b37366c7-b51f-5b63-95f1-e4bd96f6ad3e,56.83,1,0.77
80fcde5a-4c51-5c2b-bdeb-89725450bd27,46cade0c-d88f-5d2d-b756-d66c56025dfe,Iced brown sugar shaken espresso,1f008adf-0619-503a-a18b-d7efc791afea,1.15,3,0.92
ee95b5f6-57ed-59b5-9950-2fff77c8b8cd,46cade0c-d88f-5d2d-b756-d66c56025dfe,Iced brown sugar shaken espresso,1f008adf-0619-503a-a18b-d7efc791afea,1.40,2,0.99
f26e4835-628d-5a2c-8228-02c6e9d5e3e8,46cade0c-d88f-5d2d-b756-d66c56025dfe,Iced brown sugar shaken espresso,1f008adf-0619-503a-a18b-d7efc791afea,2.00,2,0.85
204fd151-bf37-5914-8a03-ee66cce92317,46cade0c-d88f-5d2d-b756-d66c56025dfe,Iced brown sugar shaken espresso,1f008adf-0619-503a-a18b-d7efc791afea,2.48,1,0.81
5aa54e61-f73c-5fe1-bb4f-2571cc827941,46cade0c-d88f-5d2d-b756-d66c56025dfe,Iced brown sugar shaken espresso,1f008adf-0619-503a-a18b-d7efc791afea,2.31,3,0.72
8decfcd8-936b-5bc4-a4b7-e547bc5961da,46cade0c-d88f-5d2d-b756-d66c56025dfe,Spinach feta breakfast wrap,9f0065b4-325d-5ecd-9328-d24b02759cfc,2.93,1,0.75
68c9e81b-471c-5e6e-b960-0b9c404a8a30,76fad141-7a78-5cd8-85ef-5d5c743707f8,"Ryobi drill bit set, 20 piece",b37366c7-b51f-5b63-95f1-e4bd96f6ad3e,24.14,1,0.84
74425f99-b040-583a-b023-c97a59b6b99f,76fad141-7a78-5cd8-85ef-5d5c743707f8,"Miracle-Gro potting mix, 25 qt",b37366c7-b51f-5b63-95f1-e4bd96f6ad3e,27.85,2,0.98
5cc687cd-e718-517b-bb6b-72c3479fabe2,76fad141-7a78-5cd8-85ef-5d5c743707f8,"Miracle-Gro potting mix, 25 qt",b37366c7-b51f-5b63-95f1-e4bd96f6ad3e,79.19,1,0.81
17e9a452-2797-56a8-870a-3b97cdadc187,429c26c8-1baf-532a-9cfa-9b3740859c67,"Ryobi drill bit set, 20 piece",b37366c7-b51f-5b63-95f1-e4bd96f6ad3e,34.95,2,0.8
1cd3d6ba-01a2-5c4c-baf0-4231191b3abf,429c26c8-1baf-532a-9cfa-9b3740859c67,"Behr Premium Plus interior paint, 1 gal",b37366c7-b51f-5b63-95f1-e4bd96f6ad3e,77.79,1,0.78
a28e037b-4fc3-5933-9c3f-8767acae0ada,c28698fe-5b17-5aaa-8ad1-6273ac411e52,"Sony WH-CH520 wireless headphones, black",dfc56eef-4ac9-50ce-b4c8-81cc669c4374,14.78,3,0.83
90703ebc-701a-5fcd-8c09-00a93bf74f37,c28698fe-5b17-5aaa-8ad1-6273ac411e52,"Ninja replacement blender cups, 2-pack",b37366c7-b51f-5b63-95f1-e4bd96f6ad3e,14.48,3,0.79
5a5497bf-285a-5cb7-a80c-3e0280a7474b,c28698fe-5b17-5aaa-8ad1-6273ac411e52,"Sony WH-CH520 wireless headphones, black",dfc56eef-4ac9-50ce-b4c8-81cc669c4374,14.49,3,0.92
6f5e9427-a86e-5e9d-9ce7-1524d9950a65,c28698fe-5b17-5aaa-8ad1-6273ac411e52,"Ninja replacement blender cups, 2-pack",b37366c7-b51f-5b63-95f1-e4bd96f6ad3e,16.81,1,0.97
51d6cd71-99a0-50d6-8019-3dac6c107726,c28698fe-5b17-5aaa-8ad1-6273ac411e52,"Sony WH-CH520 wireless headphones, black",dfc56eef-4ac9-50ce-b4c8-81cc669c4374,14.05,2,0.87
720b1ad9-a2b0-580d-8cc9-433652bee9dc,c28698fe-5b17-5aaa-8ad1-6273ac411e52,"Command picture hanging strips, medium",b37366c7-b51f-5b63-95f1-e4bd96f6ad3e,29.33,3,0.77
97442edb-9241-53e7-aea6-9a0e078c1922,cbfd3399-fcb3-53a4-9d92-abdf1f236922,"Up & Up paper towels, 6 double rolls",b37366c7-b51f-5b63-95f1-e4bd96f6ad3e,15.36,2,0.97
33a26fcf-bca6-57f2-be5f-6c21f5b917b7,cbfd3399-fcb3-53a4-9d92-abdf1f236922,Cat & Jack kids graphic t-shirt,95b5aa5e-4831-5a09-8b4c-36da6ac64ad5,9.66,3,0.87
5c9daf69-920a-5dc3-ae5d-e183c76edb94,cbfd3399-fcb3-53a4-9d92-abdf1f236922,"Good & Gather organic whole milk, 1 gal",968cb096-c18d-575b-81f5-6d06a9ee3a17,15.12,3,0.94
caf98fae-97f8-5d8d-b2aa-9eef34c2cc07,cbfd3399-fcb3-53a4-9d92-abdf1f236922,Cat & Jack kids graphic t-shirt,95b5aa5e-4831-5a09-8b4c-36da6ac64ad5,27.06,2,0.88
e515196a-db2c-5ba1-8fbf-e94dab298842,a0c58b7d-8dd4-56a1-b086-b03d9cc16787,Half dozen assorted donuts,9f0065b4-325d-5ecd-9328-d24b02759cfc,2.06,2,0.87
070cbabc-26c0-508a-ac32-a3d138b9e6cb,a0c58b7d-8dd4-56a1-b086-b03d9cc16787,Medium iced coffee with oat milk,1f008adf-0619-503a-a18b-d7efc791afea,2.45,2,0.95
e53a4275-f30a-5253-9f38-8c54c94ec3f5,a0c58b7d-8dd4-56a1-b086-b03d9cc16787,Bacon egg and cheese croissant,9f0065b4-325d-5ecd-9328-d24b02759cfc,2.50,2,0.86
734d7a54-0e47-5fb7-b28f-329b0558e320,64708d38-64f0-5687-8ff9-22a61bf65de2,"Oatly oat milk, original, 64 fl oz",1f008adf-0619-503a-a18b-d7efc791afea,8.29,3,0.74
7d05ee19-6a4a-56b9-abf3-cff26936e86e,64708d38-64f0-5687-8ff9-22a61bf65de2,"365 organic baby spinach, 5 oz",968cb096-c18d-575b-81f5-6d06a9ee3a17,5.50,3,0.94
b0b661af-3467-526f-8ea7-3cefe3a113e4,64708d38-64f0-5687-8ff9-22a61bf65de2,"Oatly oat milk, original, 64 fl oz",1f008adf-0619-503a-a18b-d7efc791afea,9.67,3,0.89
886f59e3-a8f3-59ef-97af-8a51eedc5198,64708d38-64f0-5687-8ff9-22a61bf65de2,"Oatly oat milk, original, 64 fl oz",1f008adf-0619-503a-a18b-d7efc791afea,8.68,1,0.99
f534c0fe-6cae-5a08-9f15-d064dda816fe,64708d38-64f0-5687-8ff9-22a61bf65de2,"Organic strawberries, 1 lb",968cb096-c18d-575b-81f5-6d06a9ee3a17,14.87,3,0.98
2892559d-d576-54c2-be20-39c53e1770fb,150b7177-564c-5490-b9f9-572b3943a806,"Kirkland organic chicken breast, family pack",968cb096-c18d-575b-81f5-6d06a9ee3a17,22.84,1,0.81
88bc9ad0-e0a7-5acf-b303-4dda14a6f3de,150b7177-564c-5490-b9f9-572b3943a806,"Kirkland organic chicken breast, family pack",968cb096-c18d-575b-81f5-6d06a9ee3a17,61.87,2,0.77
8898c6cd-9d33-54dc-9b03-d37a97ce20e9,89f996cb-5edf-54a9-ac62-92283724c544,"Colgate Optic White toothpaste, 4.2 oz",b37366c7-b51f-5b63-95f1-e4bd96f6ad3e,2.64,3,0.77
13672e40-881b-5cbf-87d0-492de309ce84,89f996cb-5edf-54a9-ac62-92283724c544,"Colgate Optic White toothpaste, 4.2 oz",b37366c7-b51f-5b63-95f1-e4bd96f6ad3e,1.60,3,0.9
61109f5e-fdd4-52fa-9cd8-b4d2a584481d,89f996cb-5edf-54a9-ac62-92283724c544,"CVS Health ibuprofen 200mg caplets, 100 ct",b37366c7-b51f-5b63-95f1-e4bd96f6ad3e,2.18,2,0.77
497ab200-405e-55eb-9446-cf8fe2e2ff1d,89f996cb-5edf-54a9-ac62-92283724c544,"CVS Health ibuprofen 200mg caplets, 100 ct",b37366c7-b51f-5b63-95f1-e4bd96f6ad3e,3.38,2,0.94
a17f28e3-b3b6-576d-9cbe-7988b7bdefeb,89f996cb-5edf-54a9-ac62-92283724c544,"Band-Aid flexible fabric bandages, 30 ct",b37366c7-b51f-5b63-95f1-e4bd96f6ad3e,4.34,2,0.9
10de802c-8be2-5a75-b87b-88f4e6ae0fc5,a116f7ef-f162-581e-8c36-3c18fa0c1ac5,"Husky heavy-duty storage bin, 27 gal",b37366c7-b51f-5b63-95f1-e4bd96f6ad3e,43.18,1,1.0
933d0a46-8f9d-597b-8a99-74bba0fe54a2,a116f7ef-f162-581e-8c36-3c18fa0c1ac5,"Ryobi drill bit set, 20 piece",b37366c7-b51f-5b63-95f1-e4bd96f6ad3e,60.70,1,0.93
c15fbb16-fc4d-56ef-80bd-f1d0e298306c,a116f7ef-f162-581e-8c36-3c18fa0c1ac5,"Miracle-Gro potting mix, 25 qt",b37366c7-b51f-5b63-95f1-e4bd96f6ad3e,60.12,1,0.91
a98c5d55-8680-55be-8d22-c35aa1521259,a116f7ef-f162-581e-8c36-3c18fa0c1ac5,"Miracle-Gro potting mix, 25 qt",b37366c7-b51f-5b63-95f1-e4bd96f6ad3e,96.13,3,0.75
1c8729c5-43d4-589b-b683-7905f38f0222,c936bccb-cd25-5fb2-93ef-e41e35e2f7d4,Calvin Klein slim-fit chinos,95b5aa5e-4831-5a09-8b4c-36da6ac64ad5,56.58,3,0.8
33bd09e6-4116-5966-85e9-8effb4016ff6,c936bccb-cd25-5fb2-93ef-e41e35e2f7d4,Clinique moisture surge gel cream,875ccc19-66e7-5835-86a5-73be20384685,137.20,2,0.78
75295b20-bfc0-552d-8c2d-305e667252da,e73fcc1d-8cfd-5ae2-b4f2-847551eda2f4,"Husky heavy-duty storage bin, 27 gal",b37366c7-b51f-5b63-95f1-e4bd96f6ad3e,27.18,3,0.75
a4a93233-8022-5278-a8a8-e97c07ce12d3,e73fcc1d-8cfd-5ae2-b4f2-847551eda2f4,"Husky heavy-duty storage bin, 27 gal",b37366c7-b51f-5b63-95f1-e4bd96f6ad3e,41.48,2,0.84
f6ba40a5-3119-5011-b513-3ed44467cd1b,e73fcc1d-8cfd-5ae2-b4f2-847551eda2f4,"Behr Premium Plus interior paint, 1 gal",b37366c7-b51f-5b63-95f1-e4bd96f6ad3e,51.78,1,0.94
1c7e93d1-64c5-5f37-97b2-79e0654d83da,e73fcc1d-8cfd-5ae2-b4f2-847551eda2f4,"Miracle-Gro potting mix, 25 qt",b37366c7-b51f-5b63-95f1-e4bd96f6ad3e,60.42,2,0.71
1ce7a5fe-5661-51ab-b826-33b98b0bd10a,748c091f-6f9f-54e9-9b5f-278d194b05a0,"Ryobi drill bit set, 20 piece",b37366c7-b51f-5b63-95f1-e4bd96f6ad3e,19.95,2,0.96
16f56e15-4234-5726-9814-c3f9cb0b2b7a,748c091f-6f9f-54e9-9b5f-278d194b05a0,"Ryobi drill bit set, 20 piece",b37366c7-b51f-5b63-95f1-e4bd96f6ad3e,15.60,3,0.8
f4df5d80-ab7d-59b5-9143-f3520a5795b4,748c091f-6f9f-54e9-9b5f-278d194b05a0,"Ryobi drill bit set, 20 piece",b37366c7-b51f-5b63-95f1-e4bd96f6ad3e,27.30,3,0.89
a3b8e190-c130-566f-88cb-0b2be4a42d58,748c091f-6f9f-54e9-9b5f-278d194b05a0,"Miracle-Gro potting mix, 25 qt",b37366c7-b51f-5b63-95f1-e4bd96f6ad3e,28.93,2,0.94
a0e55b20-7175-560b-b05e-4a37ca92ced7,748c091f-6f9f-54e9-9b5f-278d194b05a0,"Ryobi drill bit set, 20 piece",b37366c7-b51f-5b63-95f1-e4bd96f6ad3e,37.85,3,0.95
a97a90ad-8561-5658-8d53-8cdca840475b,d09855fe-cbd8-52f3-a90f-729cefe2384e,"Behr Premium Plus interior paint, 1 gal",b37366c7-b51f-5b63-95f1-e4bd96f6ad3e,54.95,1,0.76
cf4ca02b-0c7c-5310-bca8-eec0a6a05da1,d09855fe-cbd8-52f3-a90f-729cefe2384e,"Behr Premium Plus interior paint, 1 gal",b37366c7-b51f-5b63-95f1-e4bd96f6ad3e,63.46,3,0.79
ec6b8601-f2e7-52ea-8e40-3135e4b458c9,d09855fe-cbd8-52f3-a90f-729cefe2384e,"Behr Premium Plus interior paint, 1 gal",b37366c7-b51f-5b63-95f1-e4bd96f6ad3e,158.57,1,0.81
3dadc09e-9b4b-530c-94d6-deb96fa83275,fe064046-d9be-5aec-8189-f48dfa598faf,"Miracle-Gro potting mix, 25 qt",b37366c7-b51f-5b63-95f1-e4bd96f6ad3e,23.16,2,0.8
1b8995c1-9dec-5ff2-84f2-d710c2fca861,fe064046-d9be-5aec-8189-f48dfa598faf,"Ryobi drill bit set, 20 piece",b37366c7-b51f-5b63-95f1-e4bd96f6ad3e,21.82,3,0.89
cd0a8391-b8c8-5f56-9db8-8c6785ac101d,fe064046-d9be-5aec-8189-f48dfa598faf,"Miracle-Gro potting mix, 25 qt",b37366c7-b51f-5b63-95f1-e4bd96f6ad3e,28.15,1,0.81
70cc5dbb-53b6-5701-897d-6eb0b9eae99c,14b7bd90-0d85-52cb-96d2-5b3fbc2aab31,"Husky heavy-duty storage bin, 27 gal",b37366c7-b51f-5b63-95f1-e4bd96f6ad3e,9.95,1,0.74
3630f684-432e-5efc-ba27-ee6caa1df7c3,14b7bd90-0d85-52cb-96d2-5b3fbc2aab31,"Behr Premium Plus interior paint, 1 gal",b37366c7-b51f-5b63-95f1-e4bd96f6ad3e,9.29,1,0.94
75455707-e39d-5893-bd98-c60badae45c5,14b7bd90-0d85-52cb-96d2-5b3fbc2aab31,"Behr Premium Plus interior paint, 1 gal",b37366c7-b51f-5b63-95f1-e4bd96f6ad3e,7.33,3,0.76
8794c37c-c363-5dc5-8131-9ce7c035c31b,14b7bd90-0d85-52cb-96d2-5b3fbc2aab31,"Behr Premium Plus interior paint, 1 gal",b37366c7-b51f-5b63-95f1-e4bd96f6ad3e,5.99,2,0.93
5269e66f-2ddb-5fc6-8319-d2652e07c02c,14b7bd90-0d85-52cb-96d2-5b3fbc2aab31,"Miracle-Gro potting mix, 25 qt",b37366c7-b51f-5b63-95f1-e4bd96f6ad3e,10.66,3,0.85
95c0d6a5-4fd2-5ac0-8d88-79b38e347eaf,14b7bd90-0d85-52cb-96d2-5b3fbc2aab31,"Miracle-Gro potting mix, 25 qt",b37366c7-b51f-5b63-95f1-e4bd96f6ad3e,17.98,2,0.91
578e6a6e-0b7c-5c96-ad4b-69bbd4252355,1c0d2844-60c0-546b-99ae-4b27e35b5ca9,"Tillamook cheddar cheese block, 2.5 lb",968cb096-c18d-575b-81f5-6d06a9ee3a17,31.25,2,0.73
a47919ce-a757-53d6-9eb5-e960306fdd39,1c0d2844-60c0-546b-99ae-4b27e35b5ca9,"Kirkland organic chicken breast, family pack",968cb096-c18d-575b-81f5-6d06a9ee3a17,18.22,1,0.96
9b7b8c56-7cd0-5531-9eb9-9b0b332a2dc6,1c0d2844-60c0-546b-99ae-4b27e35b5ca9,"Kirkland Signature paper towels, 12 rolls",b37366c7-b51f-5b63-95f1-e4bd96f6ad3e,29.97,1,0.93
76399c91-20f5-5733-8658-72763542b446,1c0d2844-60c0-546b-99ae-4b27e35b5ca9,"Kirkland organic chicken breast, family pack",968cb096-c18d-575b-81f5-6d06a9ee3a17,33.59,3,0.98
f0d4650c-b3bc-5b5f-bc0e-c2740aad54a6,1c0d2844-60c0-546b-99ae-4b27e35b5ca9,"Kirkland sparkling water variety pack, 35 ct",1f008adf-0619-503a-a18b-d7efc791afea,38.96,1,0.73
56080476-b461-5e8b-b3d9-18b22ec40e5e,1c0d2844-60c0-546b-99ae-4b27e35b5ca9,"Kirkland organic chicken breast, family pack",968cb096-c18d-575b-81f5-6d06a9ee3a17,50.12,2,0.78
9105982b-11dc-5260-837e-3dd1bcb0bc7e,b1c0e322-3b08-5483-bf0a-73e196be3242,"Steak tacos, three count",9f0065b4-325d-5ecd-9328-d24b02759cfc,1.52,1,0.87
9d50f784-a660-5fc2-af1d-20cb96a38aa7,b1c0e322-3b08-5483-bf0a-73e196be3242,Chicken burrito bowl with guacamole,9f0065b4-325d-5ecd-9328-d24b02759cfc,1.92,1,0.88
d990dac6-f23f-5892-ae52-54a113fefb6f,b1c0e322-3b08-5483-bf0a-73e196be3242,Chicken burrito bowl with guacamole,9f0065b4-325d-5ecd-9328-d24b02759cfc,2.16,3,0.76
a1739fd1-e839-56da-a9bd-101a6e16da06,b1c0e322-3b08-5483-bf0a-73e196be3242,"Steak tacos, three count",9f0065b4-325d-5ecd-9328-d24b02759cfc,3.20,3,0.81
a339ed53-bdb3-5216-ba6f-97bc24336420,b1c0e322-3b08-5483-bf0a-73e196be3242,Chips and tomatillo salsa,9f0065b4-325d-5ecd-9328-d24b02759cfc,3.22,3,0.9
3ec80ea5-8ebc-5d1d-9fd9-39d9ec5f2c4b,b1c0e322-3b08-5483-bf0a-73e196be3242,Chicken burrito bowl with guacamole,9f0065b4-325d-5ecd-9328-d24b02759cfc,3.97,3,0.9
197cf52f-a9f8-5ea3-ae30-af50b0fb8a8d,ebad581d-e31c-578a-8e36-f512e575469e,"Behr Premium Plus interior paint, 1 gal",b37366c7-b51f-5b63-95f1-e4bd96f6ad3e,15.37,3,0.93
6adbc128-96a0-5bb9-8645-af1570585920,ebad581d-e31c-578a-8e36-f512e575469e,"Behr Premium Plus interior paint, 1 gal",b37366c7-b51f-5b63-95f1-e4bd96f6ad3e,33.45,1,1.0
a0921b17-90a2-5009-b7e3-dbcb485bb568,cbac3eab-9bff-5ac4-92ad-9ef7604d6af4,Quarter Pounder meal,9f0065b4-325d-5ecd-9328-d24b02759cfc,1.82,2,0.77
1ce682d8-f894-5aa2-bd12-d44ccdcf2c1f,cbac3eab-9bff-5ac4-92ad-9ef7604d6af4,McCafe medium latte,1f008adf-0619-503a-a18b-d7efc791afea,1.12,3,0.9
ad5a9631-e357-5938-8cf7-f8039a829cbe,cbac3eab-9bff-5ac4-92ad-9ef7604d6af4,McCafe medium latte,1f008adf-0619-503a-a18b-d7efc791afea,2.17,2,0.78
3be59389-3fe5-5725-9c73-f6fab7bde465,cbac3eab-9bff-5ac4-92ad-9ef7604d6af4,10 piece Chicken McNuggets,9f0065b4-325d-5ecd-9328-d24b02759cfc,2.18,3,0.89
3fd81935-a56b-53c2-96cf-e0ed4e53cb49,cbac3eab-9bff-5ac4-92ad-9ef7604d6af4,Quarter Pounder meal,9f0065b4-325d-5ecd-9328-d24b02759cfc,2.50,3,0.91
bdffcb8b-db4a-5d4f-998b-2e9e8b7f76a3,db1f5e4b-8fe2-5839-b397-3b8443124c70,10 piece Chicken McNuggets,9f0065b4-325d-5ecd-9328-d24b02759cfc,1.35,2,0.87
cdc9c56c-54e8-5e43-8c0a-4fb806a98238,db1f5e4b-8fe2-5839-b397-3b8443124c70,Quarter Pounder meal,9f0065b4-325d-5ecd-9328-d24b02759cfc,1.33,2,0.75
41c1fcb2-2506-5bc1-84ac-6aa32f7bd0bb,db1f5e4b-8fe2-5839-b397-3b8443124c70,10 piece Chicken McNuggets,9f0065b4-325d-5ecd-9328-d24b02759cfc,2.46,1,0.86
2afa2ccf-645c-55e5-94d8-e9a7780a1a1d,7a3ed9df-5af4-526c-b851-9ad2bfe40448,"Colgate Optic White toothpaste, 4.2 oz",b37366c7-b51f-5b63-95f1-e4bd96f6ad3e,3.20,2,0.72
e4555c67-311f-5331-90a0-e6ae4e823016,7a3ed9df-5af4-526c-b851-9ad2bfe40448,"CVS Health ibuprofen 200mg caplets, 100 ct",b37366c7-b51f-5b63-95f1-e4bd96f6ad3e,5.56,2,0.81
144042a0-9fd3-594f-8ddc-c1ca2057c0ef,62169d52-5b4a-5310-857b-98bdd1e769f0,"Husky heavy-duty storage bin, 27 gal",b37366c7-b51f-5b63-95f1-e4bd96f6ad3e,1.67,3,0.94
86966f6e-807a-53e5-93cc-c04dde924ecb,62169d52-5b4a-5310-857b-98bdd1e769f0,"Miracle-Gro potting mix, 25 qt",b37366c7-b51f-5b63-95f1-e4bd96f6ad3e,3.25,1,0.95
22dccf09-39a4-5f61-a44f-ad9fa6771466,62169d52-5b4a-5310-857b-98bdd1e769f0,"Miracle-Gro potting mix, 25 qt",b37366c7-b51f-5b63-95f1-e4bd96f6ad3e,3.61,2,0.95
a6a497b4-e09e-5618-9395-e25388ff1252,62169d52-5b4a-5310-857b-98bdd1e769f0,"Miracle-Gro potting mix, 25 qt",b37366c7-b51f-5b63-95f1-e4bd96f6ad3e,3.60,1,0.72
193b286a-e191-5fe0-bae1-ec85beebf52b,62169d52-5b4a-5310-857b-98bdd1e769f0,"Husky heavy-duty storage bin, 27 gal",b37366c7-b51f-5b63-95f1-e4bd96f6ad3e,3.11,1,0.91
3b6b95bb-22b0-58a5-86a6-92ee17cd5103,62169d52-5b4a-5310-857b-98bdd1e769f0,"Miracle-Gro potting mix, 25 qt",b37366c7-b51f-5b63-95f1-e4bd96f6ad3e,4.73,1,0.71
1bce7e00-8f83-59a6-b3cb-901027615b76,2ab7bf00-55da-5088-b9f4-f5dc70fe1724,"Unexpected cheddar cheese, 7 oz",968cb096-c18d-575b-81f5-6d06a9ee3a17,9.41,3,0.77
3eec1bfe-462f-5cd9-bb34-f3df019594dd,2ab7bf00-55da-5088-b9f4-f5dc70fe1724,"Organic jasmine rice, 3 lb",968cb096-c18d-575b-81f5-6d06a9ee3a17,12.10,1,0.95
7fccafdf-a8ca-544a-888a-f888e8ad21df,587a4720-4947-5dec-b405-7ed14c151204,"Apple AirTag, single pack",dfc56eef-4ac9-50ce-b4c8-81cc669c4374,2.32,2,0.93
5d85d86d-6f73-5560-8c0c-f285da10093b,587a4720-4947-5dec-b405-7ed14c151204,"Apple AirTag, single pack",dfc56eef-4ac9-50ce-b4c8-81cc669c4374,2.93,3,0.77
aceebd24-b716-58d2-b704-54ae2836ad54,587a4720-4947-5dec-b405-7ed14c151204,"Apple AirTag, single pack",dfc56eef-4ac9-50ce-b4c8-81cc669c4374,2.16,3,0.83
3f07a4c8-ce3d-51c1-91ef-509c80f1dec7,587a4720-4947-5dec-b405-7ed14c151204,"Apple AirTag, single pack",dfc56eef-4ac9-50ce-b4c8-81cc669c4374,2.62,2,0.88
fe402e88-5aea-505b-8f2f-7309f4c85f00,587a4720-4947-5dec-b405-7ed14c151204,Logitech MX Master 3S wireless mouse,dfc56eef-4ac9-50ce-b4c8-81cc669c4374,5.00,2,0.97
5fdfad2d-ed2c-5e6b-8539-cb1d0df21c0b,587a4720-4947-5dec-b405-7ed14c151204,Logitech MX Master 3S wireless mouse,dfc56eef-4ac9-50ce-b4c8-81cc669c4374,6.42,1,0.76
c1ef9582-dcf8-51b3-96ee-a59fbde3e043,705c238b-6630-50b6-a4e0-935997913af0,"Husky heavy-duty storage bin, 27 gal",b37366c7-b51f-5b63-95f1-e4bd96f6ad3e,21.89,3,0.9
f622949a-ac54-5d39-9652-1335faec5a0b,705c238b-6630-50b6-a4e0-935997913af0,"Behr Premium Plus interior paint, 1 gal",b37366c7-b51f-5b63-95f1-e4bd96f6ad3e,40.18,3,0.94
f370f96e-7584-53af-80ce-cf7405c374cf,3eafd692-55a1-52e0-950b-02d1ba0204c0,Cat & Jack kids graphic t-shirt,95b5aa5e-4831-5a09-8b4c-36da6ac64ad5,10.87,3,0.9
2c3d940d-4df7-550f-9235-0bb3ad9fa509,3eafd692-55a1-52e0-950b-02d1ba0204c0,"Olay Regenerist face moisturizer, 1.7 oz",875ccc19-66e7-5835-86a5-73be20384685,14.31,1,0.84
ced4ee5f-5aec-5c3b-819e-d9b09d193f0f,3eafd692-55a1-52e0-950b-02d1ba0204c0,"Olay Regenerist face moisturizer, 1.7 oz",875ccc19-66e7-5835-86a5-73be20384685,16.96,3,0.98
b070aff2-bea0-5290-9843-d7871e9ae1fe,3eafd692-55a1-52e0-950b-02d1ba0204c0,LEGO Speed Champions car set,a0c8e4f4-727a-54fd-8788-686976c4a82e,14.89,1,0.78
93be3be6-4a7b-57b8-a665-eeefbb98dfb9,3eafd692-55a1-52e0-950b-02d1ba0204c0,Cat & Jack kids graphic t-shirt,95b5aa5e-4831-5a09-8b4c-36da6ac64ad5,18.11,3,0.74
728de6d6-50e1-5640-8015-d682c6453753,3eafd692-55a1-52e0-950b-02d1ba0204c0,"Good & Gather organic whole milk, 1 gal",968cb096-c18d-575b-81f5-6d06a9ee3a17,27.49,3,0.83
7b436dae-39d3-5a1d-8e61-6040f5b8a048,68e17f81-0dca-5eb4-8fb1-cd339a61c8b1,Chicken burrito bowl with guacamole,9f0065b4-325d-5ecd-9328-d24b02759cfc,1.62,2,0.86
a8dbcb3e-0b4f-55f4-8750-8bd419a72f33,68e17f81-0dca-5eb4-8fb1-cd339a61c8b1,Chips and tomatillo salsa,9f0065b4-325d-5ecd-9328-d24b02759cfc,1.27,1,0.88
6b5a9468-e201-565c-8787-e9b980585d48,68e17f81-0dca-5eb4-8fb1-cd339a61c8b1,Chicken burrito bowl with guacamole,9f0065b4-325d-5ecd-9328-d24b02759cfc,1.65,2,0.82
0df5f826-1e54-5afc-83f0-aeef54e893e4,68e17f81-0dca-5eb4-8fb1-cd339a61c8b1,Chips and tomatillo salsa,9f0065b4-325d-5ecd-9328-d24b02759cfc,1.03,2,0.88
d72b0f9d-059b-5948-bc58-3a5aa70ca2f3,68e17f81-0dca-5eb4-8fb1-cd339a61c8b1,Chicken burrito bowl with guacamole,9f0065b4-325d-5ecd-9328-d24b02759cfc,1.16,3,0.95
b05a0e92-936e-5c2b-9025-c4703edb6eee,68e17f81-0dca-5eb4-8fb1-cd339a61c8b1,Chicken burrito bowl with guacamole,9f0065b4-325d-5ecd-9328-d24b02759cfc,3.19,2,0.72
b0fa9714-7ca6-555b-8533-623f870ef59c,9d1f642e-0810-54ea-a1e8-2355c26d0bbd,"Ryobi drill bit set, 20 piece",b37366c7-b51f-5b63-95f1-e4bd96f6ad3e,20.35,2,0.87
acfbe807-989e-5f06-b1a1-225d5832300b,9d1f642e-0810-54ea-a1e8-2355c26d0bbd,"Ryobi drill bit set, 20 piece",b37366c7-b51f-5b63-95f1-e4bd96f6ad3e,26.43,3,0.71
ab17bdc9-e2f6-5d69-9fd6-4f34bd8056ec,9d1f642e-0810-54ea-a1e8-2355c26d0bbd,"Husky heavy-duty storage bin, 27 gal",b37366c7-b51f-5b63-95f1-e4bd96f6ad3e,70.18,2,0.97
14902dda-04be-516a-afc4-4b3459f700f8,d0ca7b90-eb6b-5931-a07a-f0a6ed9d366a,"Kirkland sparkling water variety pack, 35 ct",1f008adf-0619-503a-a18b-d7efc791afea,37.04,2,0.97
aad1c1da-b3c7-5026-a432-1ddb8ece0c9c,d0ca7b90-eb6b-5931-a07a-f0a6ed9d366a,"Kirkland sparkling water variety pack, 35 ct",1f008adf-0619-503a-a18b-d7efc791afea,63.75,1,0.93
7b1081ba-e905-5745-a846-161cf8365c05,8b6ee4fd-e27f-5860-8f19-bc24702c13fc,McCafe medium latte,1f008adf-0619-503a-a18b-d7efc791afea,1.17,1,0.71
74943126-02f3-5045-a1d3-d0e8d74791a8,8b6ee4fd-e27f-5860-8f19-bc24702c13fc,10 piece Chicken McNuggets,9f0065b4-325d-5ecd-9328-d24b02759cfc,1.94,3,0.79
8234ed60-6495-56e8-93e7-4a511ab79baa,8b6ee4fd-e27f-5860-8f19-bc24702c13fc,10 piece Chicken McNuggets,9f0065b4-325d-5ecd-9328-d24b02759cfc,1.45,3,0.78
ccf6fff9-c3be-579b-8a71-e48d36795aa2,8b6ee4fd-e27f-5860-8f19-bc24702c13fc,McCafe medium latte,1f008adf-0619-503a-a18b-d7efc791afea,1.53,2,0.9
c3142352-202b-53f9-ae3a-20ce5a144124,8b6ee4fd-e27f-5860-8f19-bc24702c13fc,10 piece Chicken McNuggets,9f0065b4-325d-5ecd-9328-d24b02759cfc,2.31,3,0.88
85293778-1c98-50d7-8673-92a28602cdbb,8b6ee4fd-e27f-5860-8f19-bc24702c13fc,McCafe medium latte,1f008adf-0619-503a-a18b-d7efc791afea,4.93,2,0.82
b9fcac1a-b477-5443-9a32-3598e936f85b,e5ff129d-fc2e-5e91-a981-1e4bfc07e5a6,"Husky heavy-duty storage bin, 27 gal",b37366c7-b51f-5b63-95f1-e4bd96f6ad3e,25.71,3,0.94
2c131569-f870-544f-8051-cc1a486e58db,e5ff129d-fc2e-5e91-a981-1e4bfc07e5a6,"Husky heavy-duty storage bin, 27 gal",b37366c7-b51f-5b63-95f1-e4bd96f6ad3e,13.55,1,0.96
d4ca5b9c-83de-57d9-b0b2-22711529c699,e5ff129d-fc2e-5e91-a981-1e4bfc07e5a6,"Miracle-Gro potting mix, 25 qt",b37366c7-b51f-5b63-95f1-e4bd96f6ad3e,22.41,2,0.93
cc912df6-f6fd-5f55-a248-e285679f83aa,e5ff129d-fc2e-5e91-a981-1e4bfc07e5a6,"Husky heavy-duty storage bin, 27 gal",b37366c7-b51f-5b63-95f1-e4bd96f6ad3e,43.03,2,0.8
d07b23cb-3ed8-5f9c-b66a-53d1e7b7c05e,ed45948d-459a-58c3-baeb-3af054097e1f,"Tide hygienic clean detergent, 92 fl oz",b37366c7-b51f-5b63-95f1-e4bd96f6ad3e,1.91,2,0.82
feeb55ab-ff78-5092-8792-627a8bb93773,ed45948d-459a-58c3-baeb-3af054097e1f,"Mainstays bath towel, charcoal",b37366c7-b51f-5b63-95f1-e4bd96f6ad3e,2.07,1,0.82
1e33071f-b7c6-5ef5-a420-a8b89f5bce61,ed45948d-459a-58c3-baeb-3af054097e1f,"Equate daily multivitamin tablets, 200 count",b37366c7-b51f-5b63-95f1-e4bd96f6ad3e,1.34,2,0.91
ff25a3ff-55f8-5942-9c34-e7d6daef6217,ed45948d-459a-58c3-baeb-3af054097e1f,"Fresh bananas, per lb",968cb096-c18d-575b-81f5-6d06a9ee3a17,1.64,3,0.94
31fe5bfd-bf99-5112-9b04-9e45ebbeb796,ed45948d-459a-58c3-baeb-3af054097e1f,"Fresh bananas, per lb",968cb096-c18d-575b-81f5-6d06a9ee3a17,4.32,3,0.94
d8808a4b-4e97-5c07-87a3-e05257465213,c8c5449f-8168-5da1-a0b6-696706596f91,"Husky heavy-duty storage bin, 27 gal",b37366c7-b51f-5b63-95f1-e4bd96f6ad3e,19.79,2,1.0
d0632a79-ce16-5624-b1f9-8348c24fe02c,c8c5449f-8168-5da1-a0b6-696706596f91,"Husky heavy-duty storage bin, 27 gal",b37366c7-b51f-5b63-95f1-e4bd96f6ad3e,19.62,2,0.74
1097da4b-8804-5a5c-9ac8-1f46d336916c,c8c5449f-8168-5da1-a0b6-696706596f91,"Husky heavy-duty storage bin, 27 gal",b37366c7-b51f-5b63-95f1-e4bd96f6ad3e,17.05,3,0.8
a8e8c858-e685-5557-a2f0-a9b7aae417fa,c8c5449f-8168-5da1-a0b6-696706596f91,"Ryobi drill bit set, 20 piece",b37366c7-b51f-5b63-95f1-e4bd96f6ad3e,23.75,2,0.94
7af48bd1-7636-5c13-bbfa-cd54f60491c9,9f0c10e8-7a17-52b2-8d93-bfba20df0064,"Miracle-Gro potting mix, 25 qt",b37366c7-b51f-5b63-95f1-e4bd96f6ad3e,27.03,3,0.98
bd8ad24f-5549-5eea-b814-3690f6a8c89d,9f0c10e8-7a17-52b2-8d93-bfba20df0064,"Behr Premium Plus interior paint, 1 gal",b37366c7-b51f-5b63-95f1-e4bd96f6ad3e,30.14,2,0.83
1378ef3c-a9fb-5f5c-abda-abd42ba0a67d,9f0c10e8-7a17-52b2-8d93-bfba20df0064,"Husky heavy-duty storage bin, 27 gal",b37366c7-b51f-5b63-95f1-e4bd96f6ad3e,31.86,1,0.9
e3da51e0-0714-5a8f-97bb-f8a87f9b1459,9f0c10e8-7a17-52b2-8d93-bfba20df0064,"Husky heavy-duty storage bin, 27 gal",b37366c7-b51f-5b63-95f1-e4bd96f6ad3e,30.67,2,0.75
00e121eb-d08a-56f4-9994-0fab9b2a54ed,9f0c10e8-7a17-52b2-8d93-bfba20df0064,"Miracle-Gro potting mix, 25 qt",b37366c7-b51f-5b63-95f1-e4bd96f6ad3e,24.18,3,0.75
72228b53-5b44-5d4f-9629-da9dd311a7e8,9f0c10e8-7a17-52b2-8d93-bfba20df0064,"Behr Premium Plus interior paint, 1 gal",b37366c7-b51f-5b63-95f1-e4bd96f6ad3e,57.00,2,0.81
936f1373-ba6f-5fc6-a4a2-359c791bf364,b74ca726-b1e6-5d07-a7d4-c66da59ec249,Charter Club wrinkle-resistant dress shirt,95b5aa5e-4831-5a09-8b4c-36da6ac64ad5,32.36,2,0.8
67f86b25-021d-5219-bd9c-6fdc6957f7a5,b74ca726-b1e6-5d07-a7d4-c66da59ec249,Clinique moisture surge gel cream,875ccc19-66e7-5835-86a5-73be20384685,26.76,2,0.98
9049af5e-5718-5ab4-93df-5a1f35083cb7,b74ca726-b1e6-5d07-a7d4-c66da59ec249,Clinique moisture surge gel cream,875ccc19-66e7-5835-86a5-73be20384685,50.80,2,0.83
463d1725-62da-584c-8a8d-51928c9c2bcd,b74ca726-b1e6-5d07-a7d4-c66da59ec249,Calvin Klein slim-fit chinos,95b5aa5e-4831-5a09-8b4c-36da6ac64ad5,47.96,3,0.96
24d1e46b-332a-5b67-873a-769713c39d10,b74ca726-b1e6-5d07-a7d4-c66da59ec249,Charter Club wrinkle-resistant dress shirt,95b5aa5e-4831-5a09-8b4c-36da6ac64ad5,57.11,2,0.88
285880d0-ca50-5237-8372-14746a4574ee,14fd7237-ca22-5de6-8cc2-a2bdeee817d2,"Husky heavy-duty storage bin, 27 gal",b37366c7-b51f-5b63-95f1-e4bd96f6ad3e,32.48,1,1.0
b8cabd13-dad9-5be8-8996-8158671bd9dc,14fd7237-ca22-5de6-8cc2-a2bdeee817d2,"Miracle-Gro potting mix, 25 qt",b37366c7-b51f-5b63-95f1-e4bd96f6ad3e,30.70,1,0.82
21d0cde1-c41e-5dec-a647-2d3efde8b059,14fd7237-ca22-5de6-8cc2-a2bdeee817d2,"Husky heavy-duty storage bin, 27 gal",b37366c7-b51f-5b63-95f1-e4bd96f6ad3e,35.04,1,0.86
74b5cbe6-310b-5d14-81d3-16e3d41f16b2,14fd7237-ca22-5de6-8cc2-a2bdeee817d2,"Behr Premium Plus interior paint, 1 gal",b37366c7-b51f-5b63-95f1-e4bd96f6ad3e,30.11,3,0.87
0d5423a3-8e6b-5ee4-91d5-1b2db0997f5b,14fd7237-ca22-5de6-8cc2-a2bdeee817d2,"Husky heavy-duty storage bin, 27 gal",b37366c7-b51f-5b63-95f1-e4bd96f6ad3e,42.88,1,0.74
14310236-6ffa-5f4a-96f2-04e17867376d,14fd7237-ca22-5de6-8cc2-a2bdeee817d2,"Behr Premium Plus interior paint, 1 gal",b37366c7-b51f-5b63-95f1-e4bd96f6ad3e,46.27,1,0.76
ac24e6bd-a367-5e05-b59a-33b091031057,b282a1cf-6062-59f5-b867-72b86b96d711,"Miracle-Gro potting mix, 25 qt",b37366c7-b51f-5b63-95f1-e4bd96f6ad3e,21.78,1,0.79
0f59ed16-4e87-52b9-996c-93350da9b71d,b282a1cf-6062-59f5-b867-72b86b96d711,"Husky heavy-duty storage bin, 27 gal",b37366c7-b51f-5b63-95f1-e4bd96f6ad3e,39.84,3,0.79
6081c45e-5af3-587e-8a6b-e7843314edff,b282a1cf-6062-59f5-b867-72b86b96d711,"Husky heavy-duty storage bin, 27 gal",b37366c7-b51f-5b63-95f1-e4bd96f6ad3e,27.99,3,0.98
b4190dc1-d2e0-5b85-a958-349d27ed0195,b282a1cf-6062-59f5-b867-72b86b96d711,"Behr Premium Plus interior paint, 1 gal",b37366c7-b51f-5b63-95f1-e4bd96f6ad3e,56.86,2,0.78
5dcc40d2-d6b7-5a83-9372-ae3c180c2036,bbbef17d-9697-5c4c-9949-e7a787866d19,"Ryobi drill bit set, 20 piece",b37366c7-b51f-5b63-95f1-e4bd96f6ad3e,41.83,3,0.84
4a4716f3-e3ac-5319-ace1-1b907d295045,bbbef17d-9697-5c4c-9949-e7a787866d19,"Behr Premium Plus interior paint, 1 gal",b37366c7-b51f-5b63-95f1-e4bd96f6ad3e,35.67,2,0.93
66f523e8-aca0-58d1-ab41-79bcab2d7d8d,bbbef17d-9697-5c4c-9949-e7a787866d19,"Miracle-Gro potting mix, 25 qt",b37366c7-b51f-5b63-95f1-e4bd96f6ad3e,43.70,2,0.86
cabb5d1b-79c0-57b2-85d9-de8b007e5494,bbbef17d-9697-5c4c-9949-e7a787866d19,"Husky heavy-duty storage bin, 27 gal",b37366c7-b51f-5b63-95f1-e4bd96f6ad3e,33.41,2,0.86
bef23474-2cf5-5231-8632-43f792ff77f1,bbbef17d-9697-5c4c-9949-e7a787866d19,"Miracle-Gro potting mix, 25 qt",b37366c7-b51f-5b63-95f1-e4bd96f6ad3e,47.61,1,0.82
d0c740d2-a63d-5983-ab23-3fbe5b9e6eec,bbbef17d-9697-5c4c-9949-e7a787866d19,"Miracle-Gro potting mix, 25 qt",b37366c7-b51f-5b63-95f1-e4bd96f6ad3e,73.88,1,0.86
6a769e49-98f7-5915-b416-d7bdc85827bd,d2110d25-6636-57bb-aa24-ea7b6d731597,"Husky heavy-duty storage bin, 27 gal",b37366c7-b51f-5b63-95f1-e4bd96f6ad3e,30.35,1,0.94
ecb67f71-e584-5c1d-9c3f-61b5697af632,d2110d25-6636-57bb-aa24-ea7b6d731597,"Ryobi drill bit set, 20 piece",b37366c7-b51f-5b63-95f1-e4bd96f6ad3e,32.10,1,0.84
fa6d79ab-83a9-5816-8d49-b2a0993892ac,d2110d25-6636-57bb-aa24-ea7b6d731597,"Behr Premium Plus interior paint, 1 gal",b37366c7-b51f-5b63-95f1-e4bd96f6ad3e,37.09,3,0.92
3b8f8258-b312-538e-80dc-b26126d048d6,d2110d25-6636-57bb-aa24-ea7b6d731597,"Miracle-Gro potting mix, 25 qt",b37366c7-b51f-5b63-95f1-e4bd96f6ad3e,41.32,3,0.76
1510151e-03dd-5bce-b7c7-e5be9d342de0,d2110d25-6636-57bb-aa24-ea7b6d731597,"Husky heavy-duty storage bin, 27 gal",b37366c7-b51f-5b63-95f1-e4bd96f6ad3e,33.66,2,0.73
a1ea2a99-ff4d-55a5-a973-47aefea8d0d4,d2110d25-6636-57bb-aa24-ea7b6d731597,"Miracle-Gro potting mix, 25 qt",b37366c7-b51f-5b63-95f1-e4bd96f6ad3e,91.62,1,0.83
2e3626cb-32e8-5a63-996a-101db435383f,665c6a01-7497-515f-8f63-4227e1905fe2,Hotel Collection bath robe,95b5aa5e-4831-5a09-8b4c-36da6ac64ad5,6.01,1,0.82
d8eea0a1-b9e1-5182-a4bb-7f6ab1849aa3,665c6a01-7497-515f-8f63-4227e1905fe2,Clinique moisture surge gel cream,875ccc19-66e7-5835-86a5-73be20384685,15.15,1,0.84
e7b7f00c-8777-5c4c-8337-d926341923f3,0180abf7-d825-59bd-a12a-2facc09107a5,"Husky heavy-duty storage bin, 27 gal",b37366c7-b51f-5b63-95f1-e4bd96f6ad3e,19.90,1,0.71
bdcec86c-2c6b-508f-a9e9-6f914567ee0c,0180abf7-d825-59bd-a12a-2facc09107a5,"Miracle-Gro potting mix, 25 qt",b37366c7-b51f-5b63-95f1-e4bd96f6ad3e,30.91,3,0.79
178b0e5c-7d47-5648-9055-87098042aaa9,0180abf7-d825-59bd-a12a-2facc09107a5,"Miracle-Gro potting mix, 25 qt",b37366c7-b51f-5b63-95f1-e4bd96f6ad3e,23.37,2,0.97
9b5021d3-df32-5a53-ac88-cd7dc02c4f60,0180abf7-d825-59bd-a12a-2facc09107a5,"Behr Premium Plus interior paint, 1 gal",b37366c7-b51f-5b63-95f1-e4bd96f6ad3e,52.52,3,0.87
6bb50fdf-e3f1-515b-92b3-6f3f4ee5992a,0180abf7-d825-59bd-a12a-2facc09107a5,"Ryobi drill bit set, 20 piece",b37366c7-b51f-5b63-95f1-e4bd96f6ad3e,62.27,3,0.91
8ec4b157-963a-5210-9ba2-c5526294d84b,6716f446-9794-56a2-a9d7-ef1fa0cb0566,"Husky heavy-duty storage bin, 27 gal",b37366c7-b51f-5b63-95f1-e4bd96f6ad3e,65.03,2,0.76
2de8148c-564c-5c4a-81f3-24233f73115e,6716f446-9794-56a2-a9d7-ef1fa0cb0566,"Ryobi drill bit set, 20 piece",b37366c7-b51f-5b63-95f1-e4bd96f6ad3e,67.73,3,0.72
f177ff90-ad21-55f7-944a-e82a3cc987bf,e34a5e43-96ef-532f-b33f-af68c77ef3bc,"SanDisk Extreme portable SSD, 1TB",dfc56eef-4ac9-50ce-b4c8-81cc669c4374,11.59,3,0.79
0e6c7adf-6012-5a3e-8005-bc2dac79b419,e34a5e43-96ef-532f-b33f-af68c77ef3bc,"SanDisk Extreme portable SSD, 1TB",dfc56eef-4ac9-50ce-b4c8-81cc669c4374,7.34,2,0.98
86639719-e497-5c11-b1ce-3179f1f9ca5c,e34a5e43-96ef-532f-b33f-af68c77ef3bc,Insignia 6-outlet surge protector,dfc56eef-4ac9-50ce-b4c8-81cc669c4374,13.53,2,0.97
bad831db-134d-5efd-8fca-17f7d2857db6,e34a5e43-96ef-532f-b33f-af68c77ef3bc,Logitech MX Master 3S wireless mouse,dfc56eef-4ac9-50ce-b4c8-81cc669c4374,16.57,2,0.8
e2917ef3-b87c-5b0b-b786-51da3295fffd,e95e0301-fb28-5248-932a-f3af1d5385f1,"Ryobi drill bit set, 20 piece",b37366c7-b51f-5b63-95f1-e4bd96f6ad3e,63.75,3,0.98
7ca07cab-bf22-572a-94dc-49342566b7ce,e95e0301-fb28-5248-932a-f3af1d5385f1,"Miracle-Gro potting mix, 25 qt",b37366c7-b51f-5b63-95f1-e4bd96f6ad3e,159.48,1,0.91
c7f3b4ff-9b07-5339-a615-a4b718120e5b,58e20151-e9b3-565e-a595-ccb2035a9a0f,Home Chef ready-to-cook salmon meal,9f0065b4-325d-5ecd-9328-d24b02759cfc,10.38,2,0.96
ea51b17c-c0e8-5a66-afc6-1d09933c3df5,58e20151-e9b3-565e-a595-ccb2035a9a0f,"Simple Truth organic Greek yogurt, 32 oz",968cb096-c18d-575b-81f5-6d06a9ee3a17,6.38,2,0.93
463aa254-c363-5919-98f1-3538b54da1c9,58e20151-e9b3-565e-a595-ccb2035a9a0f,Private Selection sourdough bread,9f0065b4-325d-5ecd-9328-d24b02759cfc,12.65,1,0.8
113e0fde-5c3a-5b4f-b5b0-94fd409e0aba,58e20151-e9b3-565e-a595-ccb2035a9a0f,"Kroger gala apples, 3 lb bag",968cb096-c18d-575b-81f5-6d06a9ee3a17,17.12,1,0.96
de89bd03-4ec7-5020-ae9d-fb2d349ab887,9e245cff-cb3b-52d1-8d76-7a84ecf927a8,"Mainstays bath towel, charcoal",b37366c7-b51f-5b63-95f1-e4bd96f6ad3e,5.12,2,0.89
ab1d11b6-623f-52b1-a345-40827f7ad5cf,9e245cff-cb3b-52d1-8d76-7a84ecf927a8,"Equate daily multivitamin tablets, 200 count",b37366c7-b51f-5b63-95f1-e4bd96f6ad3e,10.61,3,0.8
e10c2f1b-577a-5a5f-ac3e-03e0c48a9552,9e245cff-cb3b-52d1-8d76-7a84ecf927a8,"Equate daily multivitamin tablets, 200 count",b37366c7-b51f-5b63-95f1-e4bd96f6ad3e,9.18,3,0.81
8d8f26b1-af88-5ac5-83ac-85b952977f10,9e245cff-cb3b-52d1-8d76-7a84ecf927a8,"Equate daily multivitamin tablets, 200 count",b37366c7-b51f-5b63-95f1-e4bd96f6ad3e,13.55,2,0.91
938849c0-b386-52c2-b078-35b90de97688,32b19ebe-80de-55bf-b49d-d62ad90290d8,"Husky heavy-duty storage bin, 27 gal",b37366c7-b51f-5b63-95f1-e4bd96f6ad3e,4.16,2,0.85
f25f891c-841a-5ce8-975d-32de0d1f9e7a,32b19ebe-80de-55bf-b49d-d62ad90290d8,"Husky heavy-duty storage bin, 27 gal",b37366c7-b51f-5b63-95f1-e4bd96f6ad3e,7.84,3,0.97
bc27de15-05b7-539d-aafb-5fee27135247,32b19ebe-80de-55bf-b49d-d62ad90290d8,"Husky heavy-duty storage bin, 27 gal",b37366c7-b51f-5b63-95f1-e4bd96f6ad3e,6.06,3,0.95
87f83404-31f7-5365-af7a-e30db99e9d6a,32b19ebe-80de-55bf-b49d-d62ad90290d8,"Ryobi drill bit set, 20 piece",b37366c7-b51f-5b63-95f1-e4bd96f6ad3e,13.85,3,0.91
8d87c7ab-ce26-5806-b086-eeabdfe770fa,d238295f-e5f0-5da4-bbb9-b28ad571cb10,Quarter Pounder meal,9f0065b4-325d-5ecd-9328-d24b02759cfc,2.64,2,0.73
826abae6-f680-5779-9efe-cc7be94ac61d,d238295f-e5f0-5da4-bbb9-b28ad571cb10,Quarter Pounder meal,9f0065b4-325d-5ecd-9328-d24b02759cfc,2.19,3,0.72
7ee90a64-e517-5f6a-a17e-08593ec359c9,d238295f-e5f0-5da4-bbb9-b28ad571cb10,Quarter Pounder meal,9f0065b4-325d-5ecd-9328-d24b02759cfc,3.51,3,0.98
9c31ad4a-5c5a-5d59-b635-1d197742d719,2e5d95ad-df10-59b5-a72c-94e91e31837c,"Miracle-Gro potting mix, 25 qt",b37366c7-b51f-5b63-95f1-e4bd96f6ad3e,14.18,3,0.78
d3f4f008-b457-5b77-bcd6-e2a593f5de39,2e5d95ad-df10-59b5-a72c-94e91e31837c,"Behr Premium Plus interior paint, 1 gal",b37366c7-b51f-5b63-95f1-e4bd96f6ad3e,9.65,1,0.82
a0104d38-5370-5df6-9fad-b77d3f619823,2e5d95ad-df10-59b5-a72c-94e91e31837c,"Husky heavy-duty storage bin, 27 gal",b37366c7-b51f-5b63-95f1-e4bd96f6ad3e,15.44,3,0.98
86aeaafe-a3f1-552a-821b-4a75563cbe9f,2e5d95ad-df10-59b5-a72c-94e91e31837c,"Ryobi drill bit set, 20 piece",b37366c7-b51f-5b63-95f1-e4bd96f6ad3e,14.97,2,0.8
1f263312-2dc0-502c-8525-93e10e053bc0,2e5d95ad-df10-59b5-a72c-94e91e31837c,"Miracle-Gro potting mix, 25 qt",b37366c7-b51f-5b63-95f1-e4bd96f6ad3e,25.85,2,0.96
488f3b7e-d0eb-51f1-99ec-afc3ec10d3b6,2e5d95ad-df10-59b5-a72c-94e91e31837c,"Husky heavy-duty storage bin, 27 gal",b37366c7-b51f-5b63-95f1-e4bd96f6ad3e,29.25,1,0.75
da5d3b31-ac55-5622-925d-63b99ab05e0c,0c5790c7-a46c-5577-a6fd-0f485d229267,Cold brew coffee concentrate,1f008adf-0619-503a-a18b-d7efc791afea,3.29,1,0.91
99a3c24c-ba61-5e56-864f-6e6d6d503500,0c5790c7-a46c-5577-a6fd-0f485d229267,Cold brew coffee concentrate,1f008adf-0619-503a-a18b-d7efc791afea,2.76,1,0.73
aacd6214-905e-5711-97bf-d9d439ef2eb3,0c5790c7-a46c-5577-a6fd-0f485d229267,Everything but the Bagel seasoning,968cb096-c18d-575b-81f5-6d06a9ee3a17,4.02,1,0.91
0d595436-e2a8-5b8c-8d05-cf000805df8b,0c5790c7-a46c-5577-a6fd-0f485d229267,"Organic jasmine rice, 3 lb",968cb096-c18d-575b-81f5-6d06a9ee3a17,7.95,1,0.75
ef83defc-ee81-5959-a835-469e0e01e564,19e0b401-faf4-5636-850e-c58ae4d209c3,"Amazon Basics braided HDMI cable, 6 ft",dfc56eef-4ac9-50ce-b4c8-81cc669c4374,25.20,1,0.78
9eaf7eef-b1c0-5a3a-9d12-4d26f9439e94,19e0b401-faf4-5636-850e-c58ae4d209c3,"Ninja replacement blender cups, 2-pack",b37366c7-b51f-5b63-95f1-e4bd96f6ad3e,34.48,2,0.9
ed307aa4-d183-58ca-a04d-e1e07d32136c,19e0b401-faf4-5636-850e-c58ae4d209c3,"Command picture hanging strips, medium",b37366c7-b51f-5b63-95f1-e4bd96f6ad3e,73.50,1,0.98
8eb04274-27ab-5d41-b2ec-dbd69635ccf2,4cb9c1be-b672-59b7-b3b0-c8f545055b14,"Behr Premium Plus interior paint, 1 gal",b37366c7-b51f-5b63-95f1-e4bd96f6ad3e,77.75,2,0.78
dbb65dff-44ca-5ea4-9240-d36220073000,4cb9c1be-b672-59b7-b3b0-c8f545055b14,"Husky heavy-duty storage bin, 27 gal",b37366c7-b51f-5b63-95f1-e4bd96f6ad3e,141.58,1,0.9
75aeb835-bd36-58d1-b6ab-1ba3a8305748,9e4c3c4e-964a-56fe-9b94-0ae6590974ab,"Duracell AA batteries, 40 pack",dfc56eef-4ac9-50ce-b4c8-81cc669c4374,13.02,2,0.99
ac078c09-a779-5bdd-8a96-da03cc12d2cd,9e4c3c4e-964a-56fe-9b94-0ae6590974ab,"Kirkland Signature paper towels, 12 rolls",b37366c7-b51f-5b63-95f1-e4bd96f6ad3e,13.54,2,0.77
29166d25-73e6-5751-9a34-adcca598e961,9e4c3c4e-964a-56fe-9b94-0ae6590974ab,"Kirkland organic chicken breast, family pack",968cb096-c18d-575b-81f5-6d06a9ee3a17,10.26,1,0.87
3e1625a3-2e0f-5e5c-a8de-a2cf3292233a,9e4c3c4e-964a-56fe-9b94-0ae6590974ab,"Kirkland Colombian coffee beans, 3 lb",1f008adf-0619-503a-a18b-d7efc791afea,15.29,2,0.72
551ec355-20f4-5301-af97-549f287d19bb,9e4c3c4e-964a-56fe-9b94-0ae6590974ab,"Tillamook cheddar cheese block, 2.5 lb",968cb096-c18d-575b-81f5-6d06a9ee3a17,18.62,2,0.93
54614149-dcc8-5415-88fd-33795bdaf016,73a6072c-eb8c-58e1-b49b-8bc7405455d8,"Kirkland Colombian coffee beans, 3 lb",1f008adf-0619-503a-a18b-d7efc791afea,17.20,1,0.98
bdbb2f0e-6f8b-558c-8fac-bf6047e5aacf,73a6072c-eb8c-58e1-b49b-8bc7405455d8,"Kirkland sparkling water variety pack, 35 ct",1f008adf-0619-503a-a18b-d7efc791afea,17.35,1,0.72
9f8ca6af-86af-51d5-8ae1-e7e7674cb373,73a6072c-eb8c-58e1-b49b-8bc7405455d8,"Kirkland sparkling water variety pack, 35 ct",1f008adf-0619-503a-a18b-d7efc791afea,49.72,2,0.95
8b73ddff-18a2-5f4f-a539-53aac90382d7,02bbd418-945a-5c76-afb4-bdb9cac3910f,Hotel Collection bath robe,95b5aa5e-4831-5a09-8b4c-36da6ac64ad5,35.21,1,0.83
981a031f-7e5b-514e-a9db-4b00536c159e,02bbd418-945a-5c76-afb4-bdb9cac3910f,Calvin Klein slim-fit chinos,95b5aa5e-4831-5a09-8b4c-36da6ac64ad5,38.61,1,0.75
3dc3083f-f2fa-513d-9cf3-0e49a610f5ee,02bbd418-945a-5c76-afb4-bdb9cac3910f,Charter Club wrinkle-resistant dress shirt,95b5aa5e-4831-5a09-8b4c-36da6ac64ad5,26.35,3,0.91
07426e4e-0a0f-593e-b581-e73e356f735e,02bbd418-945a-5c76-afb4-bdb9cac3910f,Clinique moisture surge gel cream,875ccc19-66e7-5835-86a5-73be20384685,23.12,3,0.98
4e57fcd9-6843-5ddb-b492-4150afcb3b97,02bbd418-945a-5c76-afb4-bdb9cac3910f,Charter Club wrinkle-resistant dress shirt,95b5aa5e-4831-5a09-8b4c-36da6ac64ad5,37.40,2,0.76
3d6e0309-97a2-5fbd-889a-10545e85150e,02bbd418-945a-5c76-afb4-bdb9cac3910f,Hotel Collection bath robe,95b5aa5e-4831-5a09-8b4c-36da6ac64ad5,77.12,3,0.74
a6090516-36de-59a1-9534-893fefc3c6f8,39fea4f7-7569-5389-9ffd-10013ecc2cd1,"Apple AirTag, single pack",dfc56eef-4ac9-50ce-b4c8-81cc669c4374,108.99,1,0.9
a1e0e108-5da9-5687-923e-9653556ee99b,39fea4f7-7569-5389-9ffd-10013ecc2cd1,"Apple AirTag, single pack",dfc56eef-4ac9-50ce-b4c8-81cc669c4374,191.10,1,0.73
50a92a54-fa1a-53fb-ab82-440de7ed46a6,4c58f59e-1ffd-56ba-8237-b53f5e183f48,Neutrogena Ultra Sheer sunscreen SPF 55,875ccc19-66e7-5835-86a5-73be20384685,3.30,1,0.89
4a50e225-0081-5a89-bf9e-93bcf20a2512,4c58f59e-1ffd-56ba-8237-b53f5e183f48,Neutrogena Ultra Sheer sunscreen SPF 55,875ccc19-66e7-5835-86a5-73be20384685,3.87,1,0.94
b4eea327-a72a-5a79-b13b-59ab5d002e37,4c58f59e-1ffd-56ba-8237-b53f5e183f48,"CVS Health ibuprofen 200mg caplets, 100 ct",b37366c7-b51f-5b63-95f1-e4bd96f6ad3e,8.28,1,0.98
3b73dcf7-7649-5933-af0b-e2549351f8e9,4c58f59e-1ffd-56ba-8237-b53f5e183f48,"CVS Health ibuprofen 200mg caplets, 100 ct",b37366c7-b51f-5b63-95f1-e4bd96f6ad3e,5.96,1,0.71
492fc29e-0a7b-5ace-a05e-0a11f0863a54,4c58f59e-1ffd-56ba-8237-b53f5e183f48,"Colgate Optic White toothpaste, 4.2 oz",b37366c7-b51f-5b63-95f1-e4bd96f6ad3e,11.47,2,0.96
693b4520-5bf1-5146-b0d5-2a2c6bb97322,3d5bad4d-5226-53b9-9ae8-4d121b100568,"Sony WH-CH520 wireless headphones, black",dfc56eef-4ac9-50ce-b4c8-81cc669c4374,26.35,2,0.81
5a18f90d-2042-5181-bb9a-fba331db9da4,3d5bad4d-5226-53b9-9ae8-4d121b100568,"Amazon Basics braided HDMI cable, 6 ft",dfc56eef-4ac9-50ce-b4c8-81cc669c4374,61.61,3,0.93
38a5f0db-58ca-5e49-900d-438ac279005e,df49cfd9-36bb-579c-8836-bc3060ed6936,Insignia 6-outlet surge protector,dfc56eef-4ac9-50ce-b4c8-81cc669c4374,62.02,2,0.84
c4c2785d-0ef1-5370-8a1d-6eaddcb6c64a,df49cfd9-36bb-579c-8836-bc3060ed6936,Insignia 6-outlet surge protector,dfc56eef-4ac9-50ce-b4c8-81cc669c4374,57.70,1,0.74
22e14979-869a-5372-bc9e-2d1ceb395bda,df49cfd9-36bb-579c-8836-bc3060ed6936,"SanDisk Extreme portable SSD, 1TB",dfc56eef-4ac9-50ce-b4c8-81cc669c4374,100.82,3,0.99
08df1685-630c-5dd7-b60a-cc9961e5dde6,df49cfd9-36bb-579c-8836-bc3060ed6936,"SanDisk Extreme portable SSD, 1TB",dfc56eef-4ac9-50ce-b4c8-81cc669c4374,102.88,1,0.98
8227d7ab-78a6-577d-8871-ee41a623d19b,5e067d48-6e38-5d64-975b-ddd9eb2c806e,"Ryobi drill bit set, 20 piece",b37366c7-b51f-5b63-95f1-e4bd96f6ad3e,14.10,1,0.96
9846889f-2dd3-5115-84cd-266068452dfc,5e067d48-6e38-5d64-975b-ddd9eb2c806e,"Behr Premium Plus interior paint, 1 gal",b37366c7-b51f-5b63-95f1-e4bd96f6ad3e,34.09,3,0.87
c5c61a7e-1f66-561e-a95c-5b7c0e5e103a,5e067d48-6e38-5d64-975b-ddd9eb2c806e,"Husky heavy-duty storage bin, 27 gal",b37366c7-b51f-5b63-95f1-e4bd96f6ad3e,35.85,1,0.97
6862f71b-5522-5655-a38b-cc5b912174f1,bef5621e-a7c5-5dd0-b075-00730f21f95b,"Kirkland Signature paper towels, 12 rolls",b37366c7-b51f-5b63-95f1-e4bd96f6ad3e,52.65,3,0.96
32312fbc-2802-5df9-b6a4-cf06026f5e57,bef5621e-a7c5-5dd0-b075-00730f21f95b,"Kirkland organic chicken breast, family pack",968cb096-c18d-575b-81f5-6d06a9ee3a17,51.21,3,0.9
0e52df17-9e99-5a97-b42f-51511b3cee59,bef5621e-a7c5-5dd0-b075-00730f21f95b,"Kirkland organic chicken breast, family pack",968cb096-c18d-575b-81f5-6d06a9ee3a17,85.69,2,0.72
9b4db1d1-f5b2-5d28-94cb-38a8e9b51780,9a4da279-2a51-5fa6-bbae-f54c1540e9f0,"Ryobi drill bit set, 20 piece",b37366c7-b51f-5b63-95f1-e4bd96f6ad3e,100.83,1,0.87
1d21952e-bff0-50e3-90e1-5843427859d5,9a4da279-2a51-5fa6-bbae-f54c1540e9f0,"Miracle-Gro potting mix, 25 qt",b37366c7-b51f-5b63-95f1-e4bd96f6ad3e,113.39,1,0.8
97252661-69d0-5eb5-9b6b-4c24276edf02,04aa100b-c727-535d-b38d-3236da62c2dd,"Unexpected cheddar cheese, 7 oz",968cb096-c18d-575b-81f5-6d06a9ee3a17,20.45,3,0.79
af260f05-21de-53f7-9cc2-66e3bf1174bd,04aa100b-c727-535d-b38d-3236da62c2dd,"Organic jasmine rice, 3 lb",968cb096-c18d-575b-81f5-6d06a9ee3a17,15.74,3,0.93
c4d5da3b-f1c5-52f7-82d0-f8069417d471,04aa100b-c727-535d-b38d-3236da62c2dd,"Organic jasmine rice, 3 lb",968cb096-c18d-575b-81f5-6d06a9ee3a17,25.55,2,0.8
6b344f1c-0e99-57ad-b909-dc1b70a4bff0,d86f01bf-08f8-5238-8431-25e49c83b0fb,"Behr Premium Plus interior paint, 1 gal",b37366c7-b51f-5b63-95f1-e4bd96f6ad3e,13.97,1,0.92
cdc70f54-e4ff-5132-a851-3834c3ec1e1d,d86f01bf-08f8-5238-8431-25e49c83b0fb,"Miracle-Gro potting mix, 25 qt",b37366c7-b51f-5b63-95f1-e4bd96f6ad3e,21.20,2,0.86
6fc1bf13-ec83-57ed-9c47-22b2e8ef5071,d86f01bf-08f8-5238-8431-25e49c83b0fb,"Husky heavy-duty storage bin, 27 gal",b37366c7-b51f-5b63-95f1-e4bd96f6ad3e,26.25,2,0.87
5e155b4a-c8da-52dc-90a9-126924c2b94f,d86f01bf-08f8-5238-8431-25e49c83b0fb,"Miracle-Gro potting mix, 25 qt",b37366c7-b51f-5b63-95f1-e4bd96f6ad3e,39.58,1,0.87
da9b73f1-e142-59a0-97bd-dcf408992f11,f047fb1b-51f1-504c-8091-206893d74fd3,"Duracell AA batteries, 40 pack",dfc56eef-4ac9-50ce-b4c8-81cc669c4374,16.28,1,0.9
665dbe26-0148-5465-a69e-62a04053e282,f047fb1b-51f1-504c-8091-206893d74fd3,"Kirkland organic chicken breast, family pack",968cb096-c18d-575b-81f5-6d06a9ee3a17,15.93,3,0.84
c5572ede-a099-5f8d-b104-b81f78dfc295,f047fb1b-51f1-504c-8091-206893d74fd3,"Tillamook cheddar cheese block, 2.5 lb",968cb096-c18d-575b-81f5-6d06a9ee3a17,30.75,3,0.91
5c7df9a0-b462-546d-87de-0922e8bfc688,f047fb1b-51f1-504c-8091-206893d74fd3,"Kirkland sparkling water variety pack, 35 ct",1f008adf-0619-503a-a18b-d7efc791afea,47.13,2,0.93
608a3a43-34f9-539d-9428-7dd130a3249f,21891fd7-3efc-5ccc-ae72-ac37fc6fb702,Car wash express package,b37366c7-b51f-5b63-95f1-e4bd96f6ad3e,5.91,1,1.0
098bd6d3-d97f-5382-bba7-dda9d054ddfe,21891fd7-3efc-5ccc-ae72-ac37fc6fb702,Car wash express package,b37366c7-b51f-5b63-95f1-e4bd96f6ad3e,8.36,1,0.75
11ab4d78-5013-55c7-a2e4-180be719521a,21891fd7-3efc-5ccc-ae72-ac37fc6fb702,Car wash express package,b37366c7-b51f-5b63-95f1-e4bd96f6ad3e,11.58,1,0.75
705f02da-c95e-52bb-95bb-b63b0ac35549,21891fd7-3efc-5ccc-ae72-ac37fc6fb702,Bottled water and road snack,9f0065b4-325d-5ecd-9328-d24b02759cfc,18.56,3,0.98
78e0f765-dfaa-5934-bfbc-810b8d209c9b,53d2a5fb-21b1-57f0-9875-46f4b4fd7aef,Cat & Jack kids graphic t-shirt,95b5aa5e-4831-5a09-8b4c-36da6ac64ad5,9.98,1,0.77
e37c0dce-071b-58d2-91db-029feb413246,53d2a5fb-21b1-57f0-9875-46f4b4fd7aef,"Threshold cotton sheet set, queen",b37366c7-b51f-5b63-95f1-e4bd96f6ad3e,6.87,2,0.72
b684e2a5-5374-50bc-b309-704062eec6e0,53d2a5fb-21b1-57f0-9875-46f4b4fd7aef,LEGO Speed Champions car set,a0c8e4f4-727a-54fd-8788-686976c4a82e,15.04,1,0.9
9e483d57-df73-55b7-883e-ad2eaa259bf6,f49095ad-6c0d-5b97-9611-a1a0b45af072,"Miracle-Gro potting mix, 25 qt",b37366c7-b51f-5b63-95f1-e4bd96f6ad3e,70.44,1,0.98
c791b410-ac25-5a17-8ee5-a16f3fb43a82,f49095ad-6c0d-5b97-9611-a1a0b45af072,"Behr Premium Plus interior paint, 1 gal",b37366c7-b51f-5b63-95f1-e4bd96f6ad3e,91.77,1,0.84
569ca918-d9c1-5313-9ff7-6c6d4eef3d48,f49095ad-6c0d-5b97-9611-a1a0b45af072,"Husky heavy-duty storage bin, 27 gal",b37366c7-b51f-5b63-95f1-e4bd96f6ad3e,112.21,1,0.9
8caf4ff9-a65f-5e96-b58c-729c57ce3386,d91905c6-99ed-5bbb-bcb9-5a974347cc1d,Calvin Klein slim-fit chinos,95b5aa5e-4831-5a09-8b4c-36da6ac64ad5,30.39,2,0.72
d6146e04-967e-56f0-9df8-b9bcbc1c05be,d91905c6-99ed-5bbb-bcb9-5a974347cc1d,Calvin Klein slim-fit chinos,95b5aa5e-4831-5a09-8b4c-36da6ac64ad5,32.08,3,0.96
a23f7b3e-789b-56e5-8fa9-d3233fbb92e0,d91905c6-99ed-5bbb-bcb9-5a974347cc1d,Hotel Collection bath robe,95b5aa5e-4831-5a09-8b4c-36da6ac64ad5,39.42,3,0.74
b69a2819-615c-5b1c-820b-aa72229286c8,d91905c6-99ed-5bbb-bcb9-5a974347cc1d,Charter Club wrinkle-resistant dress shirt,95b5aa5e-4831-5a09-8b4c-36da6ac64ad5,70.04,1,0.75
066488f8-a0ae-5ec8-a867-d3d1f1c661d3,6834762d-9b77-54f7-a79b-b19b0b6f47af,"Behr Premium Plus interior paint, 1 gal",b37366c7-b51f-5b63-95f1-e4bd96f6ad3e,17.81,2,0.79
dcdefb9b-75a5-58fa-a155-7b3e9372b083,6834762d-9b77-54f7-a79b-b19b0b6f47af,"Behr Premium Plus interior paint, 1 gal",b37366c7-b51f-5b63-95f1-e4bd96f6ad3e,31.17,3,0.98
b23f1e31-d287-5f8c-bd57-306e312ee505,edb758fe-b79f-5c94-afc9-10288a37876a,"Simple Truth organic Greek yogurt, 32 oz",968cb096-c18d-575b-81f5-6d06a9ee3a17,5.10,1,0.81
e3544130-0ad2-517e-9de8-1f87fd2aae0c,edb758fe-b79f-5c94-afc9-10288a37876a,"Simple Truth organic Greek yogurt, 32 oz",968cb096-c18d-575b-81f5-6d06a9ee3a17,4.77,1,0.81
844cbaaa-3b58-5802-afac-9160b4851c8f,edb758fe-b79f-5c94-afc9-10288a37876a,"Kroger gala apples, 3 lb bag",968cb096-c18d-575b-81f5-6d06a9ee3a17,5.54,3,0.94
9d0b7d99-ba7a-5026-8d59-d34e444b2af1,edb758fe-b79f-5c94-afc9-10288a37876a,"Kroger purified water, 24 pack",1f008adf-0619-503a-a18b-d7efc791afea,7.07,1,0.97
89915920-58d3-5f61-b140-f6feeb5eb883,edb758fe-b79f-5c94-afc9-10288a37876a,Private Selection sourdough bread,9f0065b4-325d-5ecd-9328-d24b02759cfc,8.52,3,0.86
09fe6035-191e-5ca8-b990-969d0f706b8d,edb758fe-b79f-5c94-afc9-10288a37876a,"Simple Truth organic Greek yogurt, 32 oz",968cb096-c18d-575b-81f5-6d06a9ee3a17,11.06,1,0.99
1ce874e6-298e-5fce-926f-578a159e3439,14462067-ebc1-5a06-b784-abf021d79de2,Hotel Collection bath robe,95b5aa5e-4831-5a09-8b4c-36da6ac64ad5,9.22,1,0.78
51c238a2-42de-529b-99b6-136ccfc8f321,14462067-ebc1-5a06-b784-abf021d79de2,Hotel Collection bath robe,95b5aa5e-4831-5a09-8b4c-36da6ac64ad5,7.89,2,0.8
1a5a59c2-1c61-530a-9760-6205bd306a00,14462067-ebc1-5a06-b784-abf021d79de2,Clinique moisture surge gel cream,875ccc19-66e7-5835-86a5-73be20384685,6.80,3,0.75
08d787e5-a64b-55cd-abad-5aa0c64f277a,14462067-ebc1-5a06-b784-abf021d79de2,Hotel Collection bath robe,95b5aa5e-4831-5a09-8b4c-36da6ac64ad5,9.38,2,0.86
56eb0c8c-14c7-58a8-9fce-29cfb549bc53,14462067-ebc1-5a06-b784-abf021d79de2,Calvin Klein slim-fit chinos,95b5aa5e-4831-5a09-8b4c-36da6ac64ad5,8.65,1,0.9
310bdf94-b70e-50b3-b25c-28a49d56a8cb,14462067-ebc1-5a06-b784-abf021d79de2,Calvin Klein slim-fit chinos,95b5aa5e-4831-5a09-8b4c-36da6ac64ad5,21.64,1,0.88
1f9f755f-11a6-5c1a-b835-adbabbbdbb41,72cdcd61-3d8e-5f22-8158-2e024fba0621,"Husky heavy-duty storage bin, 27 gal",b37366c7-b51f-5b63-95f1-e4bd96f6ad3e,7.81,3,0.86
3c1b7c06-ab07-5082-a410-391bac6fd443,72cdcd61-3d8e-5f22-8158-2e024fba0621,"Behr Premium Plus interior paint, 1 gal",b37366c7-b51f-5b63-95f1-e4bd96f6ad3e,8.97,2,0.87
f55f8bcf-3c72-5806-8d7d-e1acc074de7b,72cdcd61-3d8e-5f22-8158-2e024fba0621,"Husky heavy-duty storage bin, 27 gal",b37366c7-b51f-5b63-95f1-e4bd96f6ad3e,10.40,3,0.96
3b6d0c72-fa91-5561-b7a2-d089a4e41484,5491a987-f3c0-55e3-9c99-c2328782cfb1,"Behr Premium Plus interior paint, 1 gal",b37366c7-b51f-5b63-95f1-e4bd96f6ad3e,31.27,1,0.84
9b85b8d1-60d7-5547-a539-ccd0b9e9eedb,5491a987-f3c0-55e3-9c99-c2328782cfb1,"Husky heavy-duty storage bin, 27 gal",b37366c7-b51f-5b63-95f1-e4bd96f6ad3e,29.14,2,0.88
6bd5c103-6a83-599e-bf0e-47fb5f5ad88f,5491a987-f3c0-55e3-9c99-c2328782cfb1,"Ryobi drill bit set, 20 piece",b37366c7-b51f-5b63-95f1-e4bd96f6ad3e,30.15,3,0.91
ed087f27-9c2d-5628-85c8-a471258763a8,5491a987-f3c0-55e3-9c99-c2328782cfb1,"Husky heavy-duty storage bin, 27 gal",b37366c7-b51f-5b63-95f1-e4bd96f6ad3e,22.14,3,0.91
e3ba13f5-45e5-5622-84da-5bc2df082cb4,5491a987-f3c0-55e3-9c99-c2328782cfb1,"Behr Premium Plus interior paint, 1 gal",b37366c7-b51f-5b63-95f1-e4bd96f6ad3e,27.49,1,0.77
c0d50460-25d3-513d-9efe-79ab042a0a7b,5491a987-f3c0-55e3-9c99-c2328782cfb1,"Miracle-Gro potting mix, 25 qt",b37366c7-b51f-5b63-95f1-e4bd96f6ad3e,71.51,2,0.82
d1005fb2-2d5f-5879-aaec-ab45f71af036,6519e015-b986-5459-b4c6-5a24e66117a0,Calvin Klein slim-fit chinos,95b5aa5e-4831-5a09-8b4c-36da6ac64ad5,78.05,2,0.77
ff529699-5043-56a1-a917-1fd29b505c37,6519e015-b986-5459-b4c6-5a24e66117a0,Calvin Klein slim-fit chinos,95b5aa5e-4831-5a09-8b4c-36da6ac64ad5,157.29,3,0.91
bf135565-3133-5dc3-a8c7-81aab78bba3f,79761693-9998-5eeb-9898-ddd4e87836e9,"Miracle-Gro potting mix, 25 qt",b37366c7-b51f-5b63-95f1-e4bd96f6ad3e,30.13,1,0.84
2db2a953-12b9-5c02-94f8-1d28825dd4dd,79761693-9998-5eeb-9898-ddd4e87836e9,"Behr Premium Plus interior paint, 1 gal",b37366c7-b51f-5b63-95f1-e4bd96f6ad3e,33.09,2,0.99
a476f93e-0252-5259-bb99-9acaa46eeb9e,79761693-9998-5eeb-9898-ddd4e87836e9,"Husky heavy-duty storage bin, 27 gal",b37366c7-b51f-5b63-95f1-e4bd96f6ad3e,33.18,3,0.91
d69971e3-f685-57a7-99f4-9bf72bab17c6,79761693-9998-5eeb-9898-ddd4e87836e9,"Miracle-Gro potting mix, 25 qt",b37366c7-b51f-5b63-95f1-e4bd96f6ad3e,34.62,1,0.92
f578a4d7-4ad9-5c47-84b5-f244392611a3,79761693-9998-5eeb-9898-ddd4e87836e9,"Husky heavy-duty storage bin, 27 gal",b37366c7-b51f-5b63-95f1-e4bd96f6ad3e,30.31,3,0.82
bfcc9371-0581-59e3-a4d5-5f5ea1dca094,79761693-9998-5eeb-9898-ddd4e87836e9,"Ryobi drill bit set, 20 piece",b37366c7-b51f-5b63-95f1-e4bd96f6ad3e,88.94,3,0.99
1a190bfa-7597-5f59-a820-35357506b806,326c854d-4f87-5ee9-9ee8-7489531aab81,"Behr Premium Plus interior paint, 1 gal",b37366c7-b51f-5b63-95f1-e4bd96f6ad3e,10.49,1,0.7
6ef80ebf-0fc2-5e73-836f-7b713cd0d34e,326c854d-4f87-5ee9-9ee8-7489531aab81,"Husky heavy-duty storage bin, 27 gal",b37366c7-b51f-5b63-95f1-e4bd96f6ad3e,16.04,3,0.94
5fa215b6-ae31-55ac-bb76-d54951caa154,326c854d-4f87-5ee9-9ee8-7489531aab81,"Ryobi drill bit set, 20 piece",b37366c7-b51f-5b63-95f1-e4bd96f6ad3e,11.71,3,0.94
c320c9a3-6017-5720-9a07-de65bd470bc3,326c854d-4f87-5ee9-9ee8-7489531aab81,"Husky heavy-duty storage bin, 27 gal",b37366c7-b51f-5b63-95f1-e4bd96f6ad3e,23.51,3,0.88
0bbb66a3-8bb5-5f61-8d70-1130495a4b2d,0c333368-f67c-5f35-9c05-21cbc986fdec,"Kroger gala apples, 3 lb bag",968cb096-c18d-575b-81f5-6d06a9ee3a17,17.91,2,0.83
3a858103-d304-5d9f-bd6d-52af8dacf4ce,0c333368-f67c-5f35-9c05-21cbc986fdec,"Kroger purified water, 24 pack",1f008adf-0619-503a-a18b-d7efc791afea,9.55,3,0.97
68fa6174-f377-53de-b2fa-ba9447b41a8a,0c333368-f67c-5f35-9c05-21cbc986fdec,Home Chef ready-to-cook salmon meal,9f0065b4-325d-5ecd-9328-d24b02759cfc,17.38,2,0.75
bdbd9026-3cbd-54ff-9351-a3652c75d542,0c333368-f67c-5f35-9c05-21cbc986fdec,Private Selection sourdough bread,9f0065b4-325d-5ecd-9328-d24b02759cfc,21.45,1,0.73
5ee7495d-469e-55ce-ba33-a1f5fc29faaf,0c333368-f67c-5f35-9c05-21cbc986fdec,"Simple Truth organic Greek yogurt, 32 oz",968cb096-c18d-575b-81f5-6d06a9ee3a17,24.24,2,0.81
91c6489c-20c3-5704-9319-4ccaf1e4d762,af828b7c-5221-537c-b443-ece695db626d,McCafe medium latte,1f008adf-0619-503a-a18b-d7efc791afea,1.64,1,0.9
4840b807-f311-52d1-9d84-adaaa324896f,af828b7c-5221-537c-b443-ece695db626d,Quarter Pounder meal,9f0065b4-325d-5ecd-9328-d24b02759cfc,1.90,3,0.93
5431bfa9-1f0b-5aa0-9cfc-e432ae794f01,af828b7c-5221-537c-b443-ece695db626d,10 piece Chicken McNuggets,9f0065b4-325d-5ecd-9328-d24b02759cfc,1.21,1,0.89
b8e47dfe-3a24-5ef4-9717-73449754ab55,af828b7c-5221-537c-b443-ece695db626d,Quarter Pounder meal,9f0065b4-325d-5ecd-9328-d24b02759cfc,1.71,2,0.93
7f803206-c674-53d6-adc6-0bbb5731cb28,af828b7c-5221-537c-b443-ece695db626d,10 piece Chicken McNuggets,9f0065b4-325d-5ecd-9328-d24b02759cfc,2.97,3,0.86
fb371ccd-149c-5d60-b685-7cb0a95e3dc7,4a7f88e8-66dc-5d09-9df0-dc9fba282b23,"365 organic baby spinach, 5 oz",968cb096-c18d-575b-81f5-6d06a9ee3a17,12.56,3,0.8
e77aa078-e678-51f9-be26-98d4697aab6c,4a7f88e8-66dc-5d09-9df0-dc9fba282b23,"365 organic baby spinach, 5 oz",968cb096-c18d-575b-81f5-6d06a9ee3a17,17.94,2,0.72
23597e3c-8caf-54b7-88aa-e4c825a47830,4a7f88e8-66dc-5d09-9df0-dc9fba282b23,"365 organic baby spinach, 5 oz",968cb096-c18d-575b-81f5-6d06a9ee3a17,20.29,3,0.96
6255de23-9c3c-5811-86e2-5bdf88a5a0c2,4a7f88e8-66dc-5d09-9df0-dc9fba282b23,"365 organic baby spinach, 5 oz",968cb096-c18d-575b-81f5-6d06a9ee3a17,40.45,2,0.79
6e926151-0d56-52e8-a5f8-4025b3633c3f,e1568d8c-1f7c-5436-95a0-b55c37cac820,"Behr Premium Plus interior paint, 1 gal",b37366c7-b51f-5b63-95f1-e4bd96f6ad3e,33.65,3,0.76
086766ec-6b9d-517d-ba91-731bc44345df,e1568d8c-1f7c-5436-95a0-b55c37cac820,"Husky heavy-duty storage bin, 27 gal",b37366c7-b51f-5b63-95f1-e4bd96f6ad3e,38.19,2,0.98
3c17c3ad-bf4e-5593-a384-cb5b18f0925d,dd6e14db-5cb1-5397-b0b7-3fe0dfe22137,Insignia 6-outlet surge protector,dfc56eef-4ac9-50ce-b4c8-81cc669c4374,11.11,1,0.74
c40548f7-88c2-56eb-9a2f-e01417659b40,dd6e14db-5cb1-5397-b0b7-3fe0dfe22137,"Apple AirTag, single pack",dfc56eef-4ac9-50ce-b4c8-81cc669c4374,11.75,2,0.95
f00ade65-423c-5fad-a087-b2f0f7fcadaa,dd6e14db-5cb1-5397-b0b7-3fe0dfe22137,Insignia 6-outlet surge protector,dfc56eef-4ac9-50ce-b4c8-81cc669c4374,9.07,3,0.77
4e1db2a2-4606-5ba9-8da7-544cd2205bb2,dd6e14db-5cb1-5397-b0b7-3fe0dfe22137,Logitech MX Master 3S wireless mouse,dfc56eef-4ac9-50ce-b4c8-81cc669c4374,20.86,1,0.85
15181146-21ff-5d60-a4d0-7fc6d7e3b825,764203cd-152e-53a4-a360-16878ad467ca,"Ryobi drill bit set, 20 piece",b37366c7-b51f-5b63-95f1-e4bd96f6ad3e,22.19,2,0.78
9ff821d3-591e-58ac-94c9-d38aae96cc2b,764203cd-152e-53a4-a360-16878ad467ca,"Ryobi drill bit set, 20 piece",b37366c7-b51f-5b63-95f1-e4bd96f6ad3e,41.83,3,0.93
6d9706c4-20fd-5fd9-875d-1f3c2bdda84b,764203cd-152e-53a4-a360-16878ad467ca,"Miracle-Gro potting mix, 25 qt",b37366c7-b51f-5b63-95f1-e4bd96f6ad3e,41.67,3,0.81
52451985-e7e8-55cc-a1c3-ec8e67828797,764203cd-152e-53a4-a360-16878ad467ca,"Husky heavy-duty storage bin, 27 gal",b37366c7-b51f-5b63-95f1-e4bd96f6ad3e,46.02,3,0.97
d94473ce-19f3-5808-9662-c25a65e8d0d2,6263460a-959c-5e1f-84c5-f6e2cc8049da,"Behr Premium Plus interior paint, 1 gal",b37366c7-b51f-5b63-95f1-e4bd96f6ad3e,28.56,3,0.92
c9471e48-49a1-5d93-9d65-b8d38a2b246e,6263460a-959c-5e1f-84c5-f6e2cc8049da,"Ryobi drill bit set, 20 piece",b37366c7-b51f-5b63-95f1-e4bd96f6ad3e,23.93,1,0.96
c2fad135-41b0-5142-beb3-69e1f44faeb8,6263460a-959c-5e1f-84c5-f6e2cc8049da,"Miracle-Gro potting mix, 25 qt",b37366c7-b51f-5b63-95f1-e4bd96f6ad3e,33.39,1,0.82
59e73685-b435-561d-aefc-102d45cf5b2c,6263460a-959c-5e1f-84c5-f6e2cc8049da,"Miracle-Gro potting mix, 25 qt",b37366c7-b51f-5b63-95f1-e4bd96f6ad3e,54.69,1,0.81
fb7e393d-6fbf-517c-8792-bcac0e9b3892,6263460a-959c-5e1f-84c5-f6e2cc8049da,"Miracle-Gro potting mix, 25 qt",b37366c7-b51f-5b63-95f1-e4bd96f6ad3e,41.18,1,0.77
459da890-8872-5a69-9c97-dd9a8782a2b6,6263460a-959c-5e1f-84c5-f6e2cc8049da,"Ryobi drill bit set, 20 piece",b37366c7-b51f-5b63-95f1-e4bd96f6ad3e,76.31,3,0.92
aea6db38-2516-5d40-a86c-006d6d6014ba,8fec6465-3209-5a35-99c5-5b9d285c4a53,"Kroger gala apples, 3 lb bag",968cb096-c18d-575b-81f5-6d06a9ee3a17,3.64,2,0.95
387114d7-1286-5a4d-9626-75acda847225,8fec6465-3209-5a35-99c5-5b9d285c4a53,"Kroger purified water, 24 pack",1f008adf-0619-503a-a18b-d7efc791afea,5.11,3,0.76
bef42ada-e3e9-571f-b22e-2494ff885c35,8fec6465-3209-5a35-99c5-5b9d285c4a53,"Kroger gala apples, 3 lb bag",968cb096-c18d-575b-81f5-6d06a9ee3a17,11.38,1,0.73
2553611c-609b-5ec6-b75e-9e5ecea2feb3,8f0871eb-76f1-5602-a3f0-ac80c64d13fa,"Kroger gala apples, 3 lb bag",968cb096-c18d-575b-81f5-6d06a9ee3a17,2.63,1,0.79
770f205f-52ca-5baa-89e2-42b5df7a58c5,8f0871eb-76f1-5602-a3f0-ac80c64d13fa,"Kroger purified water, 24 pack",1f008adf-0619-503a-a18b-d7efc791afea,3.04,2,0.78
335e1dae-e10e-5baf-ad02-9e129da26c32,8f0871eb-76f1-5602-a3f0-ac80c64d13fa,"Kroger purified water, 24 pack",1f008adf-0619-503a-a18b-d7efc791afea,3.92,1,0.71
77527198-8906-50f1-9f6e-79ee6c1da43f,8f0871eb-76f1-5602-a3f0-ac80c64d13fa,"Kroger purified water, 24 pack",1f008adf-0619-503a-a18b-d7efc791afea,2.49,2,0.89
f8fc0779-3138-5374-b7c7-afdb5ee083b8,8f0871eb-76f1-5602-a3f0-ac80c64d13fa,"Simple Truth organic Greek yogurt, 32 oz",968cb096-c18d-575b-81f5-6d06a9ee3a17,6.54,2,0.86
adbb9140-d0dd-52fb-b79c-8a96f1d01690,d6806f79-97c2-515e-9408-a91cc6798d78,"Miracle-Gro potting mix, 25 qt",b37366c7-b51f-5b63-95f1-e4bd96f6ad3e,14.31,1,0.76
11079c41-eb6c-5eb4-848c-84b263dd3cf9,d6806f79-97c2-515e-9408-a91cc6798d78,"Husky heavy-duty storage bin, 27 gal",b37366c7-b51f-5b63-95f1-e4bd96f6ad3e,15.34,2,0.78
706c166b-7e0b-5ecd-898b-9954c3e1f68b,d6806f79-97c2-515e-9408-a91cc6798d78,"Behr Premium Plus interior paint, 1 gal",b37366c7-b51f-5b63-95f1-e4bd96f6ad3e,19.33,2,0.72
22357175-8808-5d7e-9335-874e9cd54272,d6806f79-97c2-515e-9408-a91cc6798d78,"Husky heavy-duty storage bin, 27 gal",b37366c7-b51f-5b63-95f1-e4bd96f6ad3e,46.95,1,0.97
9c99b69c-8c5e-5752-a03f-2b9d4212bba3,4491e768-4fec-5a8a-a104-4ae6819ff82d,"Ninja replacement blender cups, 2-pack",b37366c7-b51f-5b63-95f1-e4bd96f6ad3e,7.48,2,0.91
addbaaa8-0589-5afa-99cd-5c066fdb6429,4491e768-4fec-5a8a-a104-4ae6819ff82d,"Amazon Basics braided HDMI cable, 6 ft",dfc56eef-4ac9-50ce-b4c8-81cc669c4374,18.56,1,0.98
2c7aadf1-d44d-585e-bd28-3cc7d0dc7493,a7ce3686-25cf-54b5-8d38-dd6cb4e07d1b,"Behr Premium Plus interior paint, 1 gal",b37366c7-b51f-5b63-95f1-e4bd96f6ad3e,49.43,2,0.73
132efdd8-3738-5712-8180-09e0caaa4a95,a7ce3686-25cf-54b5-8d38-dd6cb4e07d1b,"Behr Premium Plus interior paint, 1 gal",b37366c7-b51f-5b63-95f1-e4bd96f6ad3e,34.51,2,0.95
d6b18aef-c2ec-53c6-ad8a-2665e5df2220,a7ce3686-25cf-54b5-8d38-dd6cb4e07d1b,"Ryobi drill bit set, 20 piece",b37366c7-b51f-5b63-95f1-e4bd96f6ad3e,51.97,1,0.82
075a6968-71db-5e55-b5b0-9c11bdeda532,a7ce3686-25cf-54b5-8d38-dd6cb4e07d1b,"Husky heavy-duty storage bin, 27 gal",b37366c7-b51f-5b63-95f1-e4bd96f6ad3e,90.91,1,0.93
fe5633af-0857-53cf-b82a-8d64551166f6,8d8baada-0837-5452-a51c-8e701d4a273c,"Behr Premium Plus interior paint, 1 gal",b37366c7-b51f-5b63-95f1-e4bd96f6ad3e,40.59,2,0.99
7a8264a5-c7e5-59ab-8f9d-91c9ea8e2465,8d8baada-0837-5452-a51c-8e701d4a273c,"Behr Premium Plus interior paint, 1 gal",b37366c7-b51f-5b63-95f1-e4bd96f6ad3e,69.04,1,0.94
0600b52a-f51f-5206-bbd4-9297dd75cad8,8d8baada-0837-5452-a51c-8e701d4a273c,"Miracle-Gro potting mix, 25 qt",b37366c7-b51f-5b63-95f1-e4bd96f6ad3e,110.63,3,0.79
e76d1b4d-8eed-5621-a46c-a923d2297ab1,fdcc9874-fdf5-532b-8a0a-61fd3d22b4b3,10 piece Chicken McNuggets,9f0065b4-325d-5ecd-9328-d24b02759cfc,1.36,1,0.82
fdfc962e-7d9b-58f8-bb10-515f5e491888,fdcc9874-fdf5-532b-8a0a-61fd3d22b4b3,10 piece Chicken McNuggets,9f0065b4-325d-5ecd-9328-d24b02759cfc,1.57,1,0.95
1c198800-378d-5106-b3bc-eb58ead230e0,fdcc9874-fdf5-532b-8a0a-61fd3d22b4b3,Quarter Pounder meal,9f0065b4-325d-5ecd-9328-d24b02759cfc,1.44,2,0.86
1fc2d233-b210-5dcd-87f3-b61f3ca4598b,fdcc9874-fdf5-532b-8a0a-61fd3d22b4b3,McCafe medium latte,1f008adf-0619-503a-a18b-d7efc791afea,1.26,2,0.98
6d20cf2e-a8ca-53c8-baec-60da45db130c,fdcc9874-fdf5-532b-8a0a-61fd3d22b4b3,Quarter Pounder meal,9f0065b4-325d-5ecd-9328-d24b02759cfc,2.78,1,0.77
b5380180-3a62-51e0-a334-8eebd491a2c4,5ae99051-da85-54a2-80e3-c27a889b506c,"Behr Premium Plus interior paint, 1 gal",b37366c7-b51f-5b63-95f1-e4bd96f6ad3e,10.51,1,0.86
ed6f4e23-b56b-5b3c-940c-047b2965aa24,5ae99051-da85-54a2-80e3-c27a889b506c,"Ryobi drill bit set, 20 piece",b37366c7-b51f-5b63-95f1-e4bd96f6ad3e,18.04,3,0.91
960c3678-4e54-5272-8b77-5ccaef5be3be,5ae99051-da85-54a2-80e3-c27a889b506c,"Miracle-Gro potting mix, 25 qt",b37366c7-b51f-5b63-95f1-e4bd96f6ad3e,34.38,2,0.77
4a97d385-a9b1-5ca7-addc-3796626d352c,fd6cb46e-4377-574a-a632-055e2a3c9c83,"Miracle-Gro potting mix, 25 qt",b37366c7-b51f-5b63-95f1-e4bd96f6ad3e,20.89,3,0.88
002911af-1dfe-5c22-b800-33012a52f255,fd6cb46e-4377-574a-a632-055e2a3c9c83,"Ryobi drill bit set, 20 piece",b37366c7-b51f-5b63-95f1-e4bd96f6ad3e,36.88,2,0.87
4d9e5c26-9bf1-585c-b0a4-60ebb7da3be3,25177d6b-8f63-5f88-8467-77942de1b43c,"Ryobi drill bit set, 20 piece",b37366c7-b51f-5b63-95f1-e4bd96f6ad3e,14.59,1,0.74
c0a784d0-6879-544b-a5ab-36feb21a3e9b,25177d6b-8f63-5f88-8467-77942de1b43c,"Husky heavy-duty storage bin, 27 gal",b37366c7-b51f-5b63-95f1-e4bd96f6ad3e,14.46,1,0.86
0803ff86-0a81-5b12-ae36-65f90a229ec4,25177d6b-8f63-5f88-8467-77942de1b43c,"Behr Premium Plus interior paint, 1 gal",b37366c7-b51f-5b63-95f1-e4bd96f6ad3e,11.64,2,0.78
6bad8675-1d28-521b-910c-81fa57f03408,25177d6b-8f63-5f88-8467-77942de1b43c,"Husky heavy-duty storage bin, 27 gal",b37366c7-b51f-5b63-95f1-e4bd96f6ad3e,11.13,2,0.77
6615afa5-99ce-5d56-81ea-92e2d7e0cba2,25177d6b-8f63-5f88-8467-77942de1b43c,"Husky heavy-duty storage bin, 27 gal",b37366c7-b51f-5b63-95f1-e4bd96f6ad3e,18.78,2,0.79
9b64ce97-c3c8-5437-981b-4d3a70a3c27d,25177d6b-8f63-5f88-8467-77942de1b43c,"Husky heavy-duty storage bin, 27 gal",b37366c7-b51f-5b63-95f1-e4bd96f6ad3e,20.49,2,1.0
f2627f18-413d-567d-b06a-fd7044514515,5be219f1-f649-5948-a218-1dad9fdec794,"Husky heavy-duty storage bin, 27 gal",b37366c7-b51f-5b63-95f1-e4bd96f6ad3e,4.93,2,0.73
d3659e1e-f13a-5b4b-a274-fc8ce3420e6c,5be219f1-f649-5948-a218-1dad9fdec794,"Husky heavy-duty storage bin, 27 gal",b37366c7-b51f-5b63-95f1-e4bd96f6ad3e,4.65,1,1.0
0991aa4a-fa93-5e9e-94e6-e423c643159e,5be219f1-f649-5948-a218-1dad9fdec794,"Miracle-Gro potting mix, 25 qt",b37366c7-b51f-5b63-95f1-e4bd96f6ad3e,5.36,1,0.81
3cc049c4-ec06-50b3-afc2-10baf7be59ce,5be219f1-f649-5948-a218-1dad9fdec794,"Ryobi drill bit set, 20 piece",b37366c7-b51f-5b63-95f1-e4bd96f6ad3e,6.13,3,0.91
a39a2190-6334-51da-b3ac-7b1f2c67c74d,5be219f1-f649-5948-a218-1dad9fdec794,"Miracle-Gro potting mix, 25 qt",b37366c7-b51f-5b63-95f1-e4bd96f6ad3e,6.71,2,0.93
6a0f5de0-9ef4-5865-a70d-b6dd277e9fd4,5be219f1-f649-5948-a218-1dad9fdec794,"Husky heavy-duty storage bin, 27 gal",b37366c7-b51f-5b63-95f1-e4bd96f6ad3e,19.83,3,0.97
f176b89d-8594-5cc7-9f36-53e71c16caf3,9158859b-b14a-5554-a01b-ee2b6490effd,"Ryobi drill bit set, 20 piece",b37366c7-b51f-5b63-95f1-e4bd96f6ad3e,43.99,2,0.95
19626fe1-77b7-56be-80d4-44318ccac32f,9158859b-b14a-5554-a01b-ee2b6490effd,"Ryobi drill bit set, 20 piece",b37366c7-b51f-5b63-95f1-e4bd96f6ad3e,28.47,3,0.99
6dd65631-488d-5af6-8ee9-ef665bd34ed2,9158859b-b14a-5554-a01b-ee2b6490effd,"Behr Premium Plus interior paint, 1 gal",b37366c7-b51f-5b63-95f1-e4bd96f6ad3e,61.94,2,1.0
f4fe532c-fcca-5705-bf06-619a1c59c860,b3ce8849-e646-5cad-b17f-d637b07d81dd,"Atlantic salmon fillet, per lb",968cb096-c18d-575b-81f5-6d06a9ee3a17,12.35,2,0.9
806e9726-5898-5e16-9653-04134a31ddf0,b3ce8849-e646-5cad-b17f-d637b07d81dd,"Organic strawberries, 1 lb",968cb096-c18d-575b-81f5-6d06a9ee3a17,19.62,3,0.94
017c391b-715b-5fbd-8014-e313b09dfd2e,b3ce8849-e646-5cad-b17f-d637b07d81dd,"Organic strawberries, 1 lb",968cb096-c18d-575b-81f5-6d06a9ee3a17,19.58,3,0.78
96056445-61d4-59c6-8d53-9555c5dd9146,b3ce8849-e646-5cad-b17f-d637b07d81dd,"Organic strawberries, 1 lb",968cb096-c18d-575b-81f5-6d06a9ee3a17,21.86,1,1.0
fba69e2a-b181-54bf-83c8-3b7fef9de6e7,b3ce8849-e646-5cad-b17f-d637b07d81dd,"Oatly oat milk, original, 64 fl oz",1f008adf-0619-503a-a18b-d7efc791afea,26.69,2,0.96
43ee172d-2465-5b07-89ad-89c088a785f3,fa500f3c-ae09-5f6a-922b-c22c589568f7,"Miracle-Gro potting mix, 25 qt",b37366c7-b51f-5b63-95f1-e4bd96f6ad3e,2.98,3,0.95
6265aa6a-2911-5cf7-98c6-779ad25a89ee,fa500f3c-ae09-5f6a-922b-c22c589568f7,"Behr Premium Plus interior paint, 1 gal",b37366c7-b51f-5b63-95f1-e4bd96f6ad3e,5.36,1,0.73
16453569-1b70-51d5-816d-01512a837063,fa500f3c-ae09-5f6a-922b-c22c589568f7,"Ryobi drill bit set, 20 piece",b37366c7-b51f-5b63-95f1-e4bd96f6ad3e,7.85,1,0.98
e0ad8ebf-b57e-5b19-95a1-53ebfbf5dc41,e4c78089-6cc8-5e5b-8c9a-a4ac7edc4944,"Behr Premium Plus interior paint, 1 gal",b37366c7-b51f-5b63-95f1-e4bd96f6ad3e,17.78,3,0.77
40b28254-46b8-51cf-8bb8-12ddabb50e3c,e4c78089-6cc8-5e5b-8c9a-a4ac7edc4944,"Miracle-Gro potting mix, 25 qt",b37366c7-b51f-5b63-95f1-e4bd96f6ad3e,12.99,1,0.83
a507e89e-2219-5601-8e5b-4e77411ec9ac,e4c78089-6cc8-5e5b-8c9a-a4ac7edc4944,"Behr Premium Plus interior paint, 1 gal",b37366c7-b51f-5b63-95f1-e4bd96f6ad3e,20.82,3,0.84
972fe0cb-a8ea-5263-a73e-91c73cbf6619,e4c78089-6cc8-5e5b-8c9a-a4ac7edc4944,"Husky heavy-duty storage bin, 27 gal",b37366c7-b51f-5b63-95f1-e4bd96f6ad3e,27.36,1,0.9
b6257780-a596-5ebb-8836-040cbc148c2a,e4c78089-6cc8-5e5b-8c9a-a4ac7edc4944,"Miracle-Gro potting mix, 25 qt",b37366c7-b51f-5b63-95f1-e4bd96f6ad3e,32.29,2,0.84
399172d9-eff9-5d49-bce4-3b675a11d889,15ce3dee-a9f0-5e79-a670-affaf259c3bb,Car wash express package,b37366c7-b51f-5b63-95f1-e4bd96f6ad3e,19.11,3,0.9
60e2dc4d-bf34-5a2e-b8c0-25d383762597,15ce3dee-a9f0-5e79-a670-affaf259c3bb,Car wash express package,b37366c7-b51f-5b63-95f1-e4bd96f6ad3e,23.60,3,0.81
ebca8a16-38dc-52fc-bfd3-9f61dccd7bf8,c822ab3a-71c9-502c-b2f4-3953107dbe57,"CVS Health ibuprofen 200mg caplets, 100 ct",b37366c7-b51f-5b63-95f1-e4bd96f6ad3e,5.30,2,0.73
224ae16d-5963-532a-94b8-c89fdf50fdbf,c822ab3a-71c9-502c-b2f4-3953107dbe57,"CVS Health ibuprofen 200mg caplets, 100 ct",b37366c7-b51f-5b63-95f1-e4bd96f6ad3e,9.28,3,0.84
4ba226d0-594f-5958-93ee-a9cb0569ff06,c822ab3a-71c9-502c-b2f4-3953107dbe57,Neutrogena Ultra Sheer sunscreen SPF 55,875ccc19-66e7-5835-86a5-73be20384685,16.12,2,0.94
b070bf1d-b4ba-529b-bc8c-1cf008f5d9d8,62211663-a8ca-53f1-8db7-b2ef3e68268f,"Miracle-Gro potting mix, 25 qt",b37366c7-b51f-5b63-95f1-e4bd96f6ad3e,32.97,2,0.9
eba4527c-f721-56b5-8ad0-b6740e997eab,62211663-a8ca-53f1-8db7-b2ef3e68268f,"Miracle-Gro potting mix, 25 qt",b37366c7-b51f-5b63-95f1-e4bd96f6ad3e,41.90,2,0.88
7acf95f0-70ab-5bc9-b9db-edf944a64b35,cc9bb557-4b46-5813-8925-dff492919b4d,"Behr Premium Plus interior paint, 1 gal",b37366c7-b51f-5b63-95f1-e4bd96f6ad3e,27.50,1,0.88
34be50b4-2f80-5b68-adfb-a8d5d4ae9384,cc9bb557-4b46-5813-8925-dff492919b4d,"Husky heavy-duty storage bin, 27 gal",b37366c7-b51f-5b63-95f1-e4bd96f6ad3e,32.42,1,0.71
5c1c39bb-43c7-5d5c-ac6e-6638b1cd6ea5,d7207e35-72d4-5461-8828-8bf079129805,"Ryobi drill bit set, 20 piece",b37366c7-b51f-5b63-95f1-e4bd96f6ad3e,10.64,2,0.72
8c496c09-d964-5ed5-bac9-e49a4bb63f00,d7207e35-72d4-5461-8828-8bf079129805,"Ryobi drill bit set, 20 piece",b37366c7-b51f-5b63-95f1-e4bd96f6ad3e,11.74,1,0.91
e2b84069-e3e3-512e-afcd-319ba661f5c9,d7207e35-72d4-5461-8828-8bf079129805,"Husky heavy-duty storage bin, 27 gal",b37366c7-b51f-5b63-95f1-e4bd96f6ad3e,7.76,1,0.84
bfc556b7-c170-52e8-ac60-d107aa6d3791,d7207e35-72d4-5461-8828-8bf079129805,"Miracle-Gro potting mix, 25 qt",b37366c7-b51f-5b63-95f1-e4bd96f6ad3e,8.81,1,0.86
644161e9-e319-5199-b302-be105182e721,d7207e35-72d4-5461-8828-8bf079129805,"Behr Premium Plus interior paint, 1 gal",b37366c7-b51f-5b63-95f1-e4bd96f6ad3e,21.62,1,0.97
0d9e5247-ec41-55ed-bc98-c36a4d323eed,88475e83-4f50-5f54-ba78-7976a0e6c73b,"Ryobi drill bit set, 20 piece",b37366c7-b51f-5b63-95f1-e4bd96f6ad3e,28.09,2,0.94
318fde3d-ec85-5130-a022-730d135fb82b,88475e83-4f50-5f54-ba78-7976a0e6c73b,"Behr Premium Plus interior paint, 1 gal",b37366c7-b51f-5b63-95f1-e4bd96f6ad3e,23.83,1,0.96
d4202ae6-b838-5974-904d-5baa8a4a8a28,88475e83-4f50-5f54-ba78-7976a0e6c73b,"Ryobi drill bit set, 20 piece",b37366c7-b51f-5b63-95f1-e4bd96f6ad3e,32.81,3,0.94
7b6c5995-4c98-5d55-bae3-c81cd083841b,d9288c05-a7f4-562c-938b-7b38e83a7f7f,"Ryobi drill bit set, 20 piece",b37366c7-b51f-5b63-95f1-e4bd96f6ad3e,52.44,3,0.81
2b177e3e-62c0-5dfa-bfea-922017590bae,d9288c05-a7f4-562c-938b-7b38e83a7f7f,"Husky heavy-duty storage bin, 27 gal",b37366c7-b51f-5b63-95f1-e4bd96f6ad3e,89.19,1,0.97
dc43694b-380b-5795-8201-aa54a8947e23,e772737b-0c5a-5b04-8ab5-47ec889be292,Insignia 6-outlet surge protector,dfc56eef-4ac9-50ce-b4c8-81cc669c4374,21.54,1,0.92
f3336963-56fd-5819-8cab-78d55cb24d70,e772737b-0c5a-5b04-8ab5-47ec889be292,"Apple AirTag, single pack",dfc56eef-4ac9-50ce-b4c8-81cc669c4374,27.07,2,0.84
6a1499a4-f640-5a35-acc8-e0b3e0a64e8f,e772737b-0c5a-5b04-8ab5-47ec889be292,"SanDisk Extreme portable SSD, 1TB",dfc56eef-4ac9-50ce-b4c8-81cc669c4374,68.90,3,0.96
5f3bbbfc-6083-5b16-8b15-fabfdcd2ae88,ce4790bf-e6be-545f-ab29-40ed10cca685,"Behr Premium Plus interior paint, 1 gal",b37366c7-b51f-5b63-95f1-e4bd96f6ad3e,40.59,2,0.91
aeb31161-db0f-5f96-abd6-7e5c77b6b083,ce4790bf-e6be-545f-ab29-40ed10cca685,"Ryobi drill bit set, 20 piece",b37366c7-b51f-5b63-95f1-e4bd96f6ad3e,47.55,1,0.8
212bdf92-1c04-5130-bb96-241ced845fec,ce4790bf-e6be-545f-ab29-40ed10cca685,"Ryobi drill bit set, 20 piece",b37366c7-b51f-5b63-95f1-e4bd96f6ad3e,54.70,1,0.92
213f3bfe-7c5b-5804-b39c-79cacf5345a1,16964ae1-12e7-5844-8c58-8a4de7fbcfb8,"Miracle-Gro potting mix, 25 qt",b37366c7-b51f-5b63-95f1-e4bd96f6ad3e,23.69,1,0.9
d5fe88b2-2f1c-5298-8ab4-621dd16910a0,16964ae1-12e7-5844-8c58-8a4de7fbcfb8,"Ryobi drill bit set, 20 piece",b37366c7-b51f-5b63-95f1-e4bd96f6ad3e,35.73,2,0.98
c39d5274-d8ef-5e5f-b6f4-51ddd1f6ca35,16964ae1-12e7-5844-8c58-8a4de7fbcfb8,"Ryobi drill bit set, 20 piece",b37366c7-b51f-5b63-95f1-e4bd96f6ad3e,38.44,3,0.81
db7b6f64-c8da-5702-a133-7467ac672cb6,16964ae1-12e7-5844-8c58-8a4de7fbcfb8,"Miracle-Gro potting mix, 25 qt",b37366c7-b51f-5b63-95f1-e4bd96f6ad3e,37.70,1,0.87
f3620b4f-0a67-5495-b17c-9afd539dbb1c,16964ae1-12e7-5844-8c58-8a4de7fbcfb8,"Ryobi drill bit set, 20 piece",b37366c7-b51f-5b63-95f1-e4bd96f6ad3e,26.08,1,0.93
788c1766-2d0f-5a1e-9d30-c41d57dda138,16964ae1-12e7-5844-8c58-8a4de7fbcfb8,"Husky heavy-duty storage bin, 27 gal",b37366c7-b51f-5b63-95f1-e4bd96f6ad3e,62.90,2,0.92
9994eea7-0589-5765-8f91-c7a1558ee423,815c6888-5685-512a-bc8c-abc4fe500138,"Husky heavy-duty storage bin, 27 gal",b37366c7-b51f-5b63-95f1-e4bd96f6ad3e,13.50,3,0.7
318c39c5-e56a-5171-900d-c3d4c245845d,815c6888-5685-512a-bc8c-abc4fe500138,"Miracle-Gro potting mix, 25 qt",b37366c7-b51f-5b63-95f1-e4bd96f6ad3e,9.34,2,0.75
7e20d10e-2655-5a92-8b7f-6ca215de59d6,815c6888-5685-512a-bc8c-abc4fe500138,"Behr Premium Plus interior paint, 1 gal",b37366c7-b51f-5b63-95f1-e4bd96f6ad3e,19.45,1,0.82
345db0cb-9f7f-53c2-b4ef-78bae6727ee5,815c6888-5685-512a-bc8c-abc4fe500138,"Behr Premium Plus interior paint, 1 gal",b37366c7-b51f-5b63-95f1-e4bd96f6ad3e,26.49,2,0.98
35ad4506-e2d4-5f0b-92de-a26f1c6012e9,c5347da9-1a57-52bc-8fe8-5549f9e75386,"Ryobi drill bit set, 20 piece",b37366c7-b51f-5b63-95f1-e4bd96f6ad3e,13.76,2,0.73
b7a48114-2bb5-5f70-b36f-dee7c036f49f,c5347da9-1a57-52bc-8fe8-5549f9e75386,"Miracle-Gro potting mix, 25 qt",b37366c7-b51f-5b63-95f1-e4bd96f6ad3e,27.93,1,0.84
31ed8f65-7bd9-50a6-a142-13e33aa4f60e,ddbdf73a-28b6-5204-8b6c-68ce6cbc97a8,"Husky heavy-duty storage bin, 27 gal",b37366c7-b51f-5b63-95f1-e4bd96f6ad3e,98.08,2,0.88
b52cc7b9-98be-5507-8407-ea44d5ce4c5c,ddbdf73a-28b6-5204-8b6c-68ce6cbc97a8,"Husky heavy-duty storage bin, 27 gal",b37366c7-b51f-5b63-95f1-e4bd96f6ad3e,177.81,3,0.99
a350f9fe-2565-58da-bcd9-22320bbf10ed,5695f9de-bc7a-52d0-b8c6-1e94fa9608ec,"Miracle-Gro potting mix, 25 qt",b37366c7-b51f-5b63-95f1-e4bd96f6ad3e,7.29,3,0.91
d86190e2-87b3-5299-a38b-c4a74e57f74a,5695f9de-bc7a-52d0-b8c6-1e94fa9608ec,"Behr Premium Plus interior paint, 1 gal",b37366c7-b51f-5b63-95f1-e4bd96f6ad3e,7.29,1,0.88
61fbfaa3-7eec-5d0b-96f6-b0ea426c2035,5695f9de-bc7a-52d0-b8c6-1e94fa9608ec,"Ryobi drill bit set, 20 piece",b37366c7-b51f-5b63-95f1-e4bd96f6ad3e,9.73,3,0.97
813d9b70-f040-559e-b6f8-776e5af7fe6d,5695f9de-bc7a-52d0-b8c6-1e94fa9608ec,"Ryobi drill bit set, 20 piece",b37366c7-b51f-5b63-95f1-e4bd96f6ad3e,14.02,1,0.73
0b5ea2d3-5bbf-51df-a9e2-3d4b2a19fd32,5695f9de-bc7a-52d0-b8c6-1e94fa9608ec,"Ryobi drill bit set, 20 piece",b37366c7-b51f-5b63-95f1-e4bd96f6ad3e,23.84,1,0.8
f806b869-2939-5eea-bdd1-1dd1811f07f5,c17be717-afc0-52c3-8612-8f4190febc31,"Husky heavy-duty storage bin, 27 gal",b37366c7-b51f-5b63-95f1-e4bd96f6ad3e,33.87,2,0.78
09a95065-023b-5354-9bff-e2140eed1938,c17be717-afc0-52c3-8612-8f4190febc31,"Miracle-Gro potting mix, 25 qt",b37366c7-b51f-5b63-95f1-e4bd96f6ad3e,76.47,3,0.85
298246ff-4a63-5889-993a-6b48da611a9e,4f881057-36cd-5429-b6f4-8a8f2f99000e,"Unexpected cheddar cheese, 7 oz",968cb096-c18d-575b-81f5-6d06a9ee3a17,11.14,1,0.88
7172f949-6ffb-59ef-b3c8-f860f5350d15,4f881057-36cd-5429-b6f4-8a8f2f99000e,Cold brew coffee concentrate,1f008adf-0619-503a-a18b-d7efc791afea,10.44,3,0.89
ad4240e7-6f18-5a3d-a31f-7f036ab1ac74,4f881057-36cd-5429-b6f4-8a8f2f99000e,Everything but the Bagel seasoning,968cb096-c18d-575b-81f5-6d06a9ee3a17,8.75,3,0.93
e61aaf0e-bca2-5a3c-a0b8-efe4b3abc002,4f881057-36cd-5429-b6f4-8a8f2f99000e,"Mandarin orange chicken, frozen",9f0065b4-325d-5ecd-9328-d24b02759cfc,11.71,2,0.84
6c382282-94c0-5ad1-8a5b-37da18a7dc7a,4f881057-36cd-5429-b6f4-8a8f2f99000e,Everything but the Bagel seasoning,968cb096-c18d-575b-81f5-6d06a9ee3a17,16.24,3,0.82
7ba726d5-ba96-597c-ab35-19eb1da62a92,9442344c-6248-598b-aa8c-118f6e8e44d0,"Miracle-Gro potting mix, 25 qt",b37366c7-b51f-5b63-95f1-e4bd96f6ad3e,13.98,1,0.87
bd732def-29d7-59ef-9d2e-dd50f3d3cd0c,9442344c-6248-598b-aa8c-118f6e8e44d0,"Behr Premium Plus interior paint, 1 gal",b37366c7-b51f-5b63-95f1-e4bd96f6ad3e,17.74,2,0.76
967c8b42-d507-578f-a077-e4680442c669,9c7223b9-80d6-519b-94ab-ba27194d878d,Logitech MX Master 3S wireless mouse,dfc56eef-4ac9-50ce-b4c8-81cc669c4374,29.10,2,0.92
c407e8fc-c445-5c41-971e-6fd2c8a39224,9c7223b9-80d6-519b-94ab-ba27194d878d,"Apple AirTag, single pack",dfc56eef-4ac9-50ce-b4c8-81cc669c4374,19.13,3,0.96
ce61df09-9eec-5524-9310-8b2390b4eb0f,9c7223b9-80d6-519b-94ab-ba27194d878d,Logitech MX Master 3S wireless mouse,dfc56eef-4ac9-50ce-b4c8-81cc669c4374,49.72,2,0.89
44b0634b-1e10-528c-a5a8-638013b070c6,8c3e3021-11c8-5aae-b992-982665b0460a,"Husky heavy-duty storage bin, 27 gal",b37366c7-b51f-5b63-95f1-e4bd96f6ad3e,21.47,2,0.89
8f4592d4-8e58-582d-bfab-78b509d39a14,8c3e3021-11c8-5aae-b992-982665b0460a,"Behr Premium Plus interior paint, 1 gal",b37366c7-b51f-5b63-95f1-e4bd96f6ad3e,22.87,2,0.96
89e9840d-eaf6-54c6-9abf-1c6d66d03808,3be6c512-4c19-586b-b14d-ad754edf9041,Bottled water and road snack,9f0065b4-325d-5ecd-9328-d24b02759cfc,12.42,2,0.93
900d4a15-064a-54b0-bbf5-de796e1056bf,3be6c512-4c19-586b-b14d-ad754edf9041,"Regular unleaded fuel, pump 4",b37366c7-b51f-5b63-95f1-e4bd96f6ad3e,7.18,2,0.74
7cb07329-7865-58b7-94a7-cb6e44a05ec2,3be6c512-4c19-586b-b14d-ad754edf9041,Bottled water and road snack,9f0065b4-325d-5ecd-9328-d24b02759cfc,13.05,2,0.99
c6c25772-7868-5430-ab6a-40d7412084aa,3be6c512-4c19-586b-b14d-ad754edf9041,"Regular unleaded fuel, pump 4",b37366c7-b51f-5b63-95f1-e4bd96f6ad3e,21.57,3,0.89
99e25455-3b2c-5938-bdbd-705a4dacff60,a55d29ec-709f-570f-bfd7-1ce6eed0c189,"Miracle-Gro potting mix, 25 qt",b37366c7-b51f-5b63-95f1-e4bd96f6ad3e,88.29,3,0.93
cbc356a8-3a51-5857-a42b-479a30d25903,a55d29ec-709f-570f-bfd7-1ce6eed0c189,"Behr Premium Plus interior paint, 1 gal",b37366c7-b51f-5b63-95f1-e4bd96f6ad3e,194.26,1,0.98
9389e2c6-df05-5b10-8be0-d0a45afe0ee6,96d3521d-4870-5bf3-85bc-07fea0d492eb,"Husky heavy-duty storage bin, 27 gal",b37366c7-b51f-5b63-95f1-e4bd96f6ad3e,35.38,1,0.77
6eacf28b-2611-5f46-812a-d456a65db2ef,96d3521d-4870-5bf3-85bc-07fea0d492eb,"Miracle-Gro potting mix, 25 qt",b37366c7-b51f-5b63-95f1-e4bd96f6ad3e,27.95,2,0.88
c2246305-2649-521d-b2d3-ac8b57b08f9d,96d3521d-4870-5bf3-85bc-07fea0d492eb,"Miracle-Gro potting mix, 25 qt",b37366c7-b51f-5b63-95f1-e4bd96f6ad3e,50.75,2,0.88
1855fa49-8eb8-589b-a153-973ee404ceeb,96d3521d-4870-5bf3-85bc-07fea0d492eb,"Ryobi drill bit set, 20 piece",b37366c7-b51f-5b63-95f1-e4bd96f6ad3e,38.58,3,0.94
fd00f387-c899-5600-97b0-aeb17042cd81,96d3521d-4870-5bf3-85bc-07fea0d492eb,"Husky heavy-duty storage bin, 27 gal",b37366c7-b51f-5b63-95f1-e4bd96f6ad3e,98.05,1,0.92
88861c8f-57ee-55f7-805e-6cc7657ce013,b045722c-9af2-5ad3-b069-50daecd1845e,"Miracle-Gro potting mix, 25 qt",b37366c7-b51f-5b63-95f1-e4bd96f6ad3e,18.06,1,0.79
844601c7-12f4-5d6d-8051-1f88494b2b94,b045722c-9af2-5ad3-b069-50daecd1845e,"Husky heavy-duty storage bin, 27 gal",b37366c7-b51f-5b63-95f1-e4bd96f6ad3e,20.52,1,0.86
3e517616-8b09-57ad-9bb8-a61965a69a57,b045722c-9af2-5ad3-b069-50daecd1845e,"Ryobi drill bit set, 20 piece",b37366c7-b51f-5b63-95f1-e4bd96f6ad3e,33.60,3,0.94
be04fd00-93e9-5663-b7f3-0b018ebd9fcf,b045722c-9af2-5ad3-b069-50daecd1845e,"Husky heavy-duty storage bin, 27 gal",b37366c7-b51f-5b63-95f1-e4bd96f6ad3e,20.16,3,0.86
81694949-60fb-555b-9a7e-5985cc7bd7c1,b045722c-9af2-5ad3-b069-50daecd1845e,"Behr Premium Plus interior paint, 1 gal",b37366c7-b51f-5b63-95f1-e4bd96f6ad3e,26.84,1,1.0
f8eb808f-9bc7-509c-8ff1-cd69130d17e6,b045722c-9af2-5ad3-b069-50daecd1845e,"Miracle-Gro potting mix, 25 qt",b37366c7-b51f-5b63-95f1-e4bd96f6ad3e,63.40,1,0.71
dcee9577-b4c0-5b82-a909-631ed62152d8,c82837db-bad4-50b7-b263-60a1cba93d64,Cat & Jack kids graphic t-shirt,95b5aa5e-4831-5a09-8b4c-36da6ac64ad5,12.76,3,0.95
a9f5e9a0-a62b-55fc-ac86-1517aa452ad3,c82837db-bad4-50b7-b263-60a1cba93d64,"Good & Gather organic whole milk, 1 gal",968cb096-c18d-575b-81f5-6d06a9ee3a17,13.18,3,0.88
a98e7431-eabf-521f-8aa0-cbcc850f831e,c82837db-bad4-50b7-b263-60a1cba93d64,"Up & Up paper towels, 6 double rolls",b37366c7-b51f-5b63-95f1-e4bd96f6ad3e,13.71,3,0.82
72bf0f3e-f04d-5c86-b1b3-1e6a2729ebc3,c82837db-bad4-50b7-b263-60a1cba93d64,LEGO Speed Champions car set,a0c8e4f4-727a-54fd-8788-686976c4a82e,12.13,3,0.74
6a502686-e3b9-5514-b885-c2a34f6e308e,c82837db-bad4-50b7-b263-60a1cba93d64,"Up & Up paper towels, 6 double rolls",b37366c7-b51f-5b63-95f1-e4bd96f6ad3e,24.16,3,0.99
55bbc34d-73f0-5863-bc41-dc57ffa08689,c82837db-bad4-50b7-b263-60a1cba93d64,LEGO Speed Champions car set,a0c8e4f4-727a-54fd-8788-686976c4a82e,26.47,1,0.72
4b2629d9-6c57-59d2-9107-92f01ae9719c,d48d8d75-ac89-545c-8132-43931d70b5eb,"Behr Premium Plus interior paint, 1 gal",b37366c7-b51f-5b63-95f1-e4bd96f6ad3e,93.37,2,0.9
ed256964-9fc4-5894-abf5-d58ecd7a5a2e,d48d8d75-ac89-545c-8132-43931d70b5eb,"Behr Premium Plus interior paint, 1 gal",b37366c7-b51f-5b63-95f1-e4bd96f6ad3e,63.77,2,0.88
e7f4b41f-917d-559e-a7e6-ecd2c5ac9945,d48d8d75-ac89-545c-8132-43931d70b5eb,"Miracle-Gro potting mix, 25 qt",b37366c7-b51f-5b63-95f1-e4bd96f6ad3e,140.96,1,0.98
0857c680-af56-55fe-97aa-ccf618b0fda3,5f6c1da7-b5b6-5eaf-8623-3f97d156b4ee,Everything but the Bagel seasoning,968cb096-c18d-575b-81f5-6d06a9ee3a17,8.17,2,0.9
ae551865-6c15-5020-a697-f2a837acd686,5f6c1da7-b5b6-5eaf-8623-3f97d156b4ee,Cold brew coffee concentrate,1f008adf-0619-503a-a18b-d7efc791afea,5.52,1,0.7
6203432c-9840-548a-b415-b7b78243c862,5f6c1da7-b5b6-5eaf-8623-3f97d156b4ee,Cold brew coffee concentrate,1f008adf-0619-503a-a18b-d7efc791afea,11.25,2,0.85
96365ffb-5255-5caa-ab78-5cba9b03bf5b,cd6d0bb6-e9c2-5b72-b05e-4fe59f90ad77,"Ryobi drill bit set, 20 piece",b37366c7-b51f-5b63-95f1-e4bd96f6ad3e,87.59,2,0.95
ed031eb3-32fd-54c1-94f4-f6ecd8891aab,cd6d0bb6-e9c2-5b72-b05e-4fe59f90ad77,"Behr Premium Plus interior paint, 1 gal",b37366c7-b51f-5b63-95f1-e4bd96f6ad3e,65.21,2,0.85
d40bc192-6a91-533c-b11a-4726c5258bf5,cd6d0bb6-e9c2-5b72-b05e-4fe59f90ad77,"Behr Premium Plus interior paint, 1 gal",b37366c7-b51f-5b63-95f1-e4bd96f6ad3e,137.51,2,0.92
89e0a174-2cd1-5a98-85f8-5b6eb8a20073,9a17b624-77eb-51ca-a45a-fc283d3cebbc,Insignia 6-outlet surge protector,dfc56eef-4ac9-50ce-b4c8-81cc669c4374,57.91,2,0.76
f9738f08-fb80-5bf1-b417-9184ccc9b88e,9a17b624-77eb-51ca-a45a-fc283d3cebbc,Logitech MX Master 3S wireless mouse,dfc56eef-4ac9-50ce-b4c8-81cc669c4374,77.79,3,0.94
d4f1bbb8-af20-5497-8e42-924fc4cebfd7,9a17b624-77eb-51ca-a45a-fc283d3cebbc,Insignia 6-outlet surge protector,dfc56eef-4ac9-50ce-b4c8-81cc669c4374,110.87,2,0.86
89ce3749-bdc1-510f-af67-fa8cbbae11fb,9a17b624-77eb-51ca-a45a-fc283d3cebbc,Logitech MX Master 3S wireless mouse,dfc56eef-4ac9-50ce-b4c8-81cc669c4374,183.03,3,0.92
1068e298-d607-5270-a411-47396281e566,66f4d69d-f979-5aa4-9bc5-fa96d30b3446,"Behr Premium Plus interior paint, 1 gal",b37366c7-b51f-5b63-95f1-e4bd96f6ad3e,39.52,3,0.76
ef14b621-25b5-58ad-80ec-f2e19b1edc44,66f4d69d-f979-5aa4-9bc5-fa96d30b3446,"Husky heavy-duty storage bin, 27 gal",b37366c7-b51f-5b63-95f1-e4bd96f6ad3e,62.14,3,0.92
7ae94676-75fa-5789-824f-dfddaadd36e5,66f4d69d-f979-5aa4-9bc5-fa96d30b3446,"Husky heavy-duty storage bin, 27 gal",b37366c7-b51f-5b63-95f1-e4bd96f6ad3e,117.63,3,0.81
723ba9cd-487b-565a-802f-9bdef6acb522,806c50c1-8030-580d-903d-cc7094af2668,Car wash express package,b37366c7-b51f-5b63-95f1-e4bd96f6ad3e,5.73,3,0.71
50add692-959e-5f63-847e-2da21052abd0,806c50c1-8030-580d-903d-cc7094af2668,Car wash express package,b37366c7-b51f-5b63-95f1-e4bd96f6ad3e,5.60,1,0.76
d05c2e4a-cbe0-546c-8604-684d352a8b68,806c50c1-8030-580d-903d-cc7094af2668,Bottled water and road snack,9f0065b4-325d-5ecd-9328-d24b02759cfc,5.95,3,0.82
3b265d2b-daf2-562e-b603-1c3dcebf1377,806c50c1-8030-580d-903d-cc7094af2668,Car wash express package,b37366c7-b51f-5b63-95f1-e4bd96f6ad3e,7.90,3,0.9
25ccb031-be8f-5028-b440-84133440829c,806c50c1-8030-580d-903d-cc7094af2668,"Regular unleaded fuel, pump 4",b37366c7-b51f-5b63-95f1-e4bd96f6ad3e,8.32,2,0.77
1a3b5189-2496-5bdc-9d19-1f0744b8b21a,806c50c1-8030-580d-903d-cc7094af2668,Car wash express package,b37366c7-b51f-5b63-95f1-e4bd96f6ad3e,20.38,3,0.7
2981ce40-4617-5135-8376-31dfef86deea,3f528a9e-9257-53fb-8530-08f7f1e11d2c,Cat & Jack kids graphic t-shirt,95b5aa5e-4831-5a09-8b4c-36da6ac64ad5,17.85,2,0.95
a56ed3ac-341e-511c-a953-34b09f4dc5b1,3f528a9e-9257-53fb-8530-08f7f1e11d2c,"Up & Up paper towels, 6 double rolls",b37366c7-b51f-5b63-95f1-e4bd96f6ad3e,33.29,1,0.74
b6680e1d-b2aa-5d5f-94b4-147f88b8ef19,bba93aaa-cded-5404-b4e1-8eb2d758204e,Cold brew coffee concentrate,1f008adf-0619-503a-a18b-d7efc791afea,8.27,1,0.94
a4827ff1-7375-5d55-9ba3-fd448ef7eef2,bba93aaa-cded-5404-b4e1-8eb2d758204e,"Unexpected cheddar cheese, 7 oz",968cb096-c18d-575b-81f5-6d06a9ee3a17,7.79,3,0.83
88dc011d-28ef-58ff-896b-cd27e064aca7,bba93aaa-cded-5404-b4e1-8eb2d758204e,Cold brew coffee concentrate,1f008adf-0619-503a-a18b-d7efc791afea,9.14,1,0.79
9d447650-4a6d-5a86-ac05-681037446cc4,fa0abadb-4b14-53a6-9f41-5df6704463b9,Private Selection sourdough bread,9f0065b4-325d-5ecd-9328-d24b02759cfc,10.54,3,0.78
ab82ab64-66f2-5b12-8c46-8c624e1365d4,fa0abadb-4b14-53a6-9f41-5df6704463b9,Private Selection sourdough bread,9f0065b4-325d-5ecd-9328-d24b02759cfc,10.79,3,0.76
4e7ccbae-8175-5e17-b86f-69f06bda9219,fa0abadb-4b14-53a6-9f41-5df6704463b9,"Kroger gala apples, 3 lb bag",968cb096-c18d-575b-81f5-6d06a9ee3a17,6.11,2,0.85
f2de741d-4af7-56f3-b694-899858fb8902,fa0abadb-4b14-53a6-9f41-5df6704463b9,"Simple Truth organic Greek yogurt, 32 oz",968cb096-c18d-575b-81f5-6d06a9ee3a17,9.02,3,0.91
55e7ac43-44e5-539c-849a-66e014220726,fa0abadb-4b14-53a6-9f41-5df6704463b9,"Kroger purified water, 24 pack",1f008adf-0619-503a-a18b-d7efc791afea,20.61,1,0.94
5586d634-be15-5bd2-b57e-2d5699717801,981f96d3-6003-58a1-aafa-07a7824b9756,"Behr Premium Plus interior paint, 1 gal",b37366c7-b51f-5b63-95f1-e4bd96f6ad3e,60.15,1,0.83
75fa71db-b4c7-51b0-824c-73ec66ee7f3a,981f96d3-6003-58a1-aafa-07a7824b9756,"Husky heavy-duty storage bin, 27 gal",b37366c7-b51f-5b63-95f1-e4bd96f6ad3e,132.11,1,0.93
707cf2fd-2927-5b02-83da-349d0a7816ef,e1f37c65-5563-5104-832d-53bf39ae7474,"Miracle-Gro potting mix, 25 qt",b37366c7-b51f-5b63-95f1-e4bd96f6ad3e,21.97,1,0.97
a04e48c8-6ac0-51b8-90de-1deed16d25f4,e1f37c65-5563-5104-832d-53bf39ae7474,"Miracle-Gro potting mix, 25 qt",b37366c7-b51f-5b63-95f1-e4bd96f6ad3e,32.22,3,0.91
beb51b8a-68e1-5751-8a2a-2a85c55b4d1e,e1f37c65-5563-5104-832d-53bf39ae7474,"Husky heavy-duty storage bin, 27 gal",b37366c7-b51f-5b63-95f1-e4bd96f6ad3e,41.28,3,0.99
7152a840-a549-5106-8b62-a30c8beb0ff7,e1f37c65-5563-5104-832d-53bf39ae7474,"Behr Premium Plus interior paint, 1 gal",b37366c7-b51f-5b63-95f1-e4bd96f6ad3e,60.50,1,0.7
78e60076-674a-5f59-880b-39f6295f1037,b7450dfe-77b0-5ebb-9ac7-ceecf1c3af23,"Good & Gather organic whole milk, 1 gal",968cb096-c18d-575b-81f5-6d06a9ee3a17,11.91,2,0.82
09395a26-61ba-531a-a0c9-bec069aeaccd,b7450dfe-77b0-5ebb-9ac7-ceecf1c3af23,"Threshold cotton sheet set, queen",b37366c7-b51f-5b63-95f1-e4bd96f6ad3e,9.37,1,0.98
c2038690-3235-5951-9ae0-3a919de74608,b7450dfe-77b0-5ebb-9ac7-ceecf1c3af23,Cat & Jack kids graphic t-shirt,95b5aa5e-4831-5a09-8b4c-36da6ac64ad5,11.33,3,0.81
458b0bd6-0eb5-51c8-9a20-4e2b6a71c6c6,b7450dfe-77b0-5ebb-9ac7-ceecf1c3af23,"Good & Gather organic whole milk, 1 gal",968cb096-c18d-575b-81f5-6d06a9ee3a17,10.62,2,0.88
cfcc144b-db1d-5e0e-81ec-85aafdddb416,b7450dfe-77b0-5ebb-9ac7-ceecf1c3af23,"Olay Regenerist face moisturizer, 1.7 oz",875ccc19-66e7-5835-86a5-73be20384685,11.94,2,0.74
c35b2f92-d501-595d-9be3-dcfbec4a1e2c,b7450dfe-77b0-5ebb-9ac7-ceecf1c3af23,"Up & Up paper towels, 6 double rolls",b37366c7-b51f-5b63-95f1-e4bd96f6ad3e,28.91,1,0.92
51fc0aa9-5d17-5cb7-a57f-865784c21e2d,2d0fbb3c-51c6-5d72-9114-8730aa0a9cf6,Medium iced coffee with oat milk,1f008adf-0619-503a-a18b-d7efc791afea,1.15,1,0.77
7fc76def-b47a-58a4-854b-06de54dbd7d2,2d0fbb3c-51c6-5d72-9114-8730aa0a9cf6,Half dozen assorted donuts,9f0065b4-325d-5ecd-9328-d24b02759cfc,1.28,2,0.89
9f2b150e-de47-5a47-a4d0-f65b595762e3,2d0fbb3c-51c6-5d72-9114-8730aa0a9cf6,Bacon egg and cheese croissant,9f0065b4-325d-5ecd-9328-d24b02759cfc,1.33,2,0.98
0df1bfbc-a8a4-5536-8fa6-50843580e79e,2d0fbb3c-51c6-5d72-9114-8730aa0a9cf6,Half dozen assorted donuts,9f0065b4-325d-5ecd-9328-d24b02759cfc,1.64,1,0.78
a8929344-e072-54f4-acf7-8e41afaed836,6c3e7cbe-3160-5a6f-b8f1-e6b27e26256e,Car wash express package,b37366c7-b51f-5b63-95f1-e4bd96f6ad3e,11.08,2,0.76
f750a071-3a3c-5b7e-879c-3cb1166aef9e,6c3e7cbe-3160-5a6f-b8f1-e6b27e26256e,"Regular unleaded fuel, pump 4",b37366c7-b51f-5b63-95f1-e4bd96f6ad3e,7.26,3,0.78
ed2969b6-067f-50a0-a4d6-ba2529c80d6b,6c3e7cbe-3160-5a6f-b8f1-e6b27e26256e,"Regular unleaded fuel, pump 4",b37366c7-b51f-5b63-95f1-e4bd96f6ad3e,10.15,1,0.75
2b5a80ef-fc2a-5d4d-97a9-838b4dc1e1ce,6c3e7cbe-3160-5a6f-b8f1-e6b27e26256e,Bottled water and road snack,9f0065b4-325d-5ecd-9328-d24b02759cfc,13.13,3,0.94
b80e80d0-c5b4-5882-9574-1a2f4022f0af,6c3e7cbe-3160-5a6f-b8f1-e6b27e26256e,"Regular unleaded fuel, pump 4",b37366c7-b51f-5b63-95f1-e4bd96f6ad3e,20.80,3,0.96
a14ea0c9-a37a-59f7-81d7-c7c1068c14f0,0bc79008-057c-55ef-8603-c68f3b48b858,"Husky heavy-duty storage bin, 27 gal",b37366c7-b51f-5b63-95f1-e4bd96f6ad3e,136.17,3,0.92
725613dc-efdd-53b6-9dc0-873964498800,0bc79008-057c-55ef-8603-c68f3b48b858,"Ryobi drill bit set, 20 piece",b37366c7-b51f-5b63-95f1-e4bd96f6ad3e,137.89,2,0.79
cdb4c98c-c86e-5c4b-afbc-540fe176b0a8,9fe93d53-0b16-5022-a7d5-d2a6222827b4,"Husky heavy-duty storage bin, 27 gal",b37366c7-b51f-5b63-95f1-e4bd96f6ad3e,18.60,2,0.73
07e9aadc-e8da-52f3-91b0-6ba20caba8c8,9fe93d53-0b16-5022-a7d5-d2a6222827b4,"Behr Premium Plus interior paint, 1 gal",b37366c7-b51f-5b63-95f1-e4bd96f6ad3e,26.91,1,0.83
49a6cb66-7f85-5e61-a4b4-77b0e65e2c1f,9fe93d53-0b16-5022-a7d5-d2a6222827b4,"Ryobi drill bit set, 20 piece",b37366c7-b51f-5b63-95f1-e4bd96f6ad3e,28.01,3,0.83
2c35f7bd-5126-5959-a159-a1951bf4cc45,9fe93d53-0b16-5022-a7d5-d2a6222827b4,"Ryobi drill bit set, 20 piece",b37366c7-b51f-5b63-95f1-e4bd96f6ad3e,34.45,2,0.85
93764f23-1edb-5317-b4bc-69c063cc0c00,9fe93d53-0b16-5022-a7d5-d2a6222827b4,"Miracle-Gro potting mix, 25 qt",b37366c7-b51f-5b63-95f1-e4bd96f6ad3e,49.49,2,0.8
0771b3bd-1744-5d76-a0b5-e39539da9d4f,9fe93d53-0b16-5022-a7d5-d2a6222827b4,"Ryobi drill bit set, 20 piece",b37366c7-b51f-5b63-95f1-e4bd96f6ad3e,53.25,2,0.81
ca4aaf10-df00-5072-827d-67f50c188cee,f5fd14f0-7652-565b-bc4c-978199e9d298,Spinach feta breakfast wrap,9f0065b4-325d-5ecd-9328-d24b02759cfc,1.00,2,0.72
c0d61bb6-80a5-53c6-a64f-fb17e81bb1af,f5fd14f0-7652-565b-bc4c-978199e9d298,Iced brown sugar shaken espresso,1f008adf-0619-503a-a18b-d7efc791afea,1.12,3,0.88
72257b43-e863-533a-bd4d-88448e2503dc,11648f22-39b7-5fce-afcb-e0a67c766dec,"Behr Premium Plus interior paint, 1 gal",b37366c7-b51f-5b63-95f1-e4bd96f6ad3e,17.00,3,0.79
bfb6301f-100b-51a2-b63b-637bea3e4371,11648f22-39b7-5fce-afcb-e0a67c766dec,"Husky heavy-duty storage bin, 27 gal",b37366c7-b51f-5b63-95f1-e4bd96f6ad3e,26.85,1,0.85
e5858f67-8daf-5f8c-9a5d-e397983e624b,11648f22-39b7-5fce-afcb-e0a67c766dec,"Miracle-Gro potting mix, 25 qt",b37366c7-b51f-5b63-95f1-e4bd96f6ad3e,28.60,1,0.75
b61e5c9c-e992-5e08-b00a-646cf688a049,514eca41-0d37-576a-b210-4d8af7a8ed91,Car wash express package,b37366c7-b51f-5b63-95f1-e4bd96f6ad3e,7.17,3,0.96
048384f3-3a67-53ba-a685-b791956f6d7d,514eca41-0d37-576a-b210-4d8af7a8ed91,Car wash express package,b37366c7-b51f-5b63-95f1-e4bd96f6ad3e,5.80,2,1.0
fc2f899b-ab24-5d29-ab68-cb34813cffe3,514eca41-0d37-576a-b210-4d8af7a8ed91,"Regular unleaded fuel, pump 4",b37366c7-b51f-5b63-95f1-e4bd96f6ad3e,8.81,1,0.81
fc5fb7d6-6cda-5aa5-8f41-63b15eb896cd,514eca41-0d37-576a-b210-4d8af7a8ed91,Bottled water and road snack,9f0065b4-325d-5ecd-9328-d24b02759cfc,9.80,1,0.79
11b50876-fec9-51a0-ae38-fa75ec107c82,514eca41-0d37-576a-b210-4d8af7a8ed91,Car wash express package,b37366c7-b51f-5b63-95f1-e4bd96f6ad3e,12.79,1,0.81
112599e3-e2e2-558c-a50a-8d2fc53f6155,514eca41-0d37-576a-b210-4d8af7a8ed91,Car wash express package,b37366c7-b51f-5b63-95f1-e4bd96f6ad3e,13.94,3,0.85
4bc09677-f4b2-5b6f-ba4f-60773d30328e,c52ed62c-ebea-577a-b33a-844f2f6028c0,"Behr Premium Plus interior paint, 1 gal",b37366c7-b51f-5b63-95f1-e4bd96f6ad3e,49.06,1,0.99
e9ea51de-e381-5c2a-ac25-e63b7cd14f8f,c52ed62c-ebea-577a-b33a-844f2f6028c0,"Husky heavy-duty storage bin, 27 gal",b37366c7-b51f-5b63-95f1-e4bd96f6ad3e,43.75,2,0.86
9d1052ca-d3d7-5bb9-a360-179fb45a3730,c52ed62c-ebea-577a-b33a-844f2f6028c0,"Behr Premium Plus interior paint, 1 gal",b37366c7-b51f-5b63-95f1-e4bd96f6ad3e,85.51,2,0.76
365ef824-1c39-5d94-965d-2cf98b8ef6ec,92384e53-e8a9-55e2-912c-93b37f162eb8,Chips and tomatillo salsa,9f0065b4-325d-5ecd-9328-d24b02759cfc,5.95,1,0.84
7f1d0581-af41-56a6-92c7-35951299a763,92384e53-e8a9-55e2-912c-93b37f162eb8,Chips and tomatillo salsa,9f0065b4-325d-5ecd-9328-d24b02759cfc,11.40,1,0.79
2bca5600-9ad6-51fb-80a6-68b9da83271c,7081c569-9321-5715-92db-ea2f57c7fa35,Private Selection sourdough bread,9f0065b4-325d-5ecd-9328-d24b02759cfc,10.00,1,0.97
5e10a989-d00d-595e-b650-b2d7b5c65ef9,7081c569-9321-5715-92db-ea2f57c7fa35,Home Chef ready-to-cook salmon meal,9f0065b4-325d-5ecd-9328-d24b02759cfc,6.34,1,0.71
40dac177-26cc-5936-9fda-835c3ea28cc4,7081c569-9321-5715-92db-ea2f57c7fa35,"Kroger purified water, 24 pack",1f008adf-0619-503a-a18b-d7efc791afea,10.26,2,0.95
3de500d6-9d60-5119-9d83-84eeb382119c,7081c569-9321-5715-92db-ea2f57c7fa35,Home Chef ready-to-cook salmon meal,9f0065b4-325d-5ecd-9328-d24b02759cfc,10.94,3,0.89
90a013c3-cde0-5be0-bb2a-5be73fada19f,7081c569-9321-5715-92db-ea2f57c7fa35,Home Chef ready-to-cook salmon meal,9f0065b4-325d-5ecd-9328-d24b02759cfc,6.36,2,0.94
8a2bf27e-f338-53ae-a9a8-f099c8009239,7081c569-9321-5715-92db-ea2f57c7fa35,"Kroger purified water, 24 pack",1f008adf-0619-503a-a18b-d7efc791afea,17.74,3,0.8
c174d7e1-f847-5540-9f3a-e1affb28c99a,f55a2a40-0eff-5f04-8955-eda514765d98,"Steak tacos, three count",9f0065b4-325d-5ecd-9328-d24b02759cfc,4.21,2,0.85
d6911ca9-726f-562e-b0e8-a1c6e107b914,f55a2a40-0eff-5f04-8955-eda514765d98,Chips and tomatillo salsa,9f0065b4-325d-5ecd-9328-d24b02759cfc,6.61,3,0.89
8d31f3f9-8746-5197-bb07-65f22d75ad48,e1b907d6-3361-57ce-9647-91fa7e323d89,"CVS Health ibuprofen 200mg caplets, 100 ct",b37366c7-b51f-5b63-95f1-e4bd96f6ad3e,2.83,1,0.73
be4e8d3c-9ff7-53dc-a742-43821e2e967e,e1b907d6-3361-57ce-9647-91fa7e323d89,"CVS Health ibuprofen 200mg caplets, 100 ct",b37366c7-b51f-5b63-95f1-e4bd96f6ad3e,3.50,3,0.95
eac74df5-ca3b-5459-a1b4-46983e0f8e2c,e1b907d6-3361-57ce-9647-91fa7e323d89,"CVS Health ibuprofen 200mg caplets, 100 ct",b37366c7-b51f-5b63-95f1-e4bd96f6ad3e,3.90,1,0.98
ade4a9a7-efdb-5c68-bb14-14021b31415e,e1b907d6-3361-57ce-9647-91fa7e323d89,"Band-Aid flexible fabric bandages, 30 ct",b37366c7-b51f-5b63-95f1-e4bd96f6ad3e,3.85,3,0.94
209b6bf1-c5ed-5823-bae0-4654101cb2d3,e1b907d6-3361-57ce-9647-91fa7e323d89,"Colgate Optic White toothpaste, 4.2 oz",b37366c7-b51f-5b63-95f1-e4bd96f6ad3e,2.80,1,0.89
c738ff36-8091-554a-9df2-02c7fed9d57f,e1b907d6-3361-57ce-9647-91fa7e323d89,"Band-Aid flexible fabric bandages, 30 ct",b37366c7-b51f-5b63-95f1-e4bd96f6ad3e,7.39,1,0.97
0fa8729b-7d9e-56a5-95af-bc52f314e701,c203e408-1c0f-520f-b737-996b246702c1,"Ryobi drill bit set, 20 piece",b37366c7-b51f-5b63-95f1-e4bd96f6ad3e,24.09,1,0.83
e1b190e4-54a9-5d91-9001-c4382be11223,c203e408-1c0f-520f-b737-996b246702c1,"Ryobi drill bit set, 20 piece",b37366c7-b51f-5b63-95f1-e4bd96f6ad3e,53.45,2,0.85
cc0952f0-264b-56c8-9404-a854a54b5668,5492fd7e-7542-57a8-b12c-76d661078589,"Threshold cotton sheet set, queen",b37366c7-b51f-5b63-95f1-e4bd96f6ad3e,19.10,3,0.81
f78ee096-6e59-55fe-957f-ba128484b5a0,5492fd7e-7542-57a8-b12c-76d661078589,LEGO Speed Champions car set,a0c8e4f4-727a-54fd-8788-686976c4a82e,26.76,3,0.78
ea33a76b-60ae-534c-b97e-09fd37bcbbcd,5492fd7e-7542-57a8-b12c-76d661078589,Cat & Jack kids graphic t-shirt,95b5aa5e-4831-5a09-8b4c-36da6ac64ad5,42.31,3,0.83
4fb78a4a-0c7d-557f-a4dd-f458e52fbe8b,286612ba-d631-5266-8d66-947de5577af7,"Sony WH-CH520 wireless headphones, black",dfc56eef-4ac9-50ce-b4c8-81cc669c4374,6.81,3,0.71
9fd187d2-bf94-50cf-84f6-87a3c5f873a2,286612ba-d631-5266-8d66-947de5577af7,"Amazon Basics braided HDMI cable, 6 ft",dfc56eef-4ac9-50ce-b4c8-81cc669c4374,12.06,3,0.83
78b7ca65-867d-565e-99f1-3be159bbe8ce,286612ba-d631-5266-8d66-947de5577af7,"Ninja replacement blender cups, 2-pack",b37366c7-b51f-5b63-95f1-e4bd96f6ad3e,13.34,3,0.77
e6155b2e-9c85-56a7-a040-c8eb4fecd157,40fbb30a-4c26-50d6-b4d9-95cd667ae108,Clinique moisture surge gel cream,875ccc19-66e7-5835-86a5-73be20384685,16.12,1,0.84
f9c698fa-219f-5d93-8b3c-309dcb6dd0d8,40fbb30a-4c26-50d6-b4d9-95cd667ae108,Clinique moisture surge gel cream,875ccc19-66e7-5835-86a5-73be20384685,17.74,2,0.96
d5175729-dc86-5fdb-873e-c7dc932c5bff,40fbb30a-4c26-50d6-b4d9-95cd667ae108,Calvin Klein slim-fit chinos,95b5aa5e-4831-5a09-8b4c-36da6ac64ad5,20.58,2,0.94
46267074-739b-56af-937f-0013193ac174,7bd9ccc9-cb95-5f0a-9e2a-86b1dac15ec9,Cold brew coffee concentrate,1f008adf-0619-503a-a18b-d7efc791afea,17.45,3,0.83
3ffe3e13-e093-5037-9722-5803e8e2019a,7bd9ccc9-cb95-5f0a-9e2a-86b1dac15ec9,"Unexpected cheddar cheese, 7 oz",968cb096-c18d-575b-81f5-6d06a9ee3a17,21.47,1,0.79
710923e6-03d3-5db3-ace6-56296f6be81f,7bd9ccc9-cb95-5f0a-9e2a-86b1dac15ec9,"Mandarin orange chicken, frozen",9f0065b4-325d-5ecd-9328-d24b02759cfc,24.93,1,0.76
d226aa25-2821-57b0-9a5a-a1c9d921d8f9,ff3661e0-86a8-5e3a-8d66-c1052070b369,"Colgate Optic White toothpaste, 4.2 oz",b37366c7-b51f-5b63-95f1-e4bd96f6ad3e,3.61,1,0.86
322a7328-8537-5b09-8e81-bdc6d3e750bc,ff3661e0-86a8-5e3a-8d66-c1052070b369,"CVS Health ibuprofen 200mg caplets, 100 ct",b37366c7-b51f-5b63-95f1-e4bd96f6ad3e,4.21,2,0.84
41ac9e23-4293-5c08-bbc2-5e724164d647,ff3661e0-86a8-5e3a-8d66-c1052070b369,"Colgate Optic White toothpaste, 4.2 oz",b37366c7-b51f-5b63-95f1-e4bd96f6ad3e,3.60,1,0.78
419e4e01-9e14-5760-ac18-ffad36594818,ff3661e0-86a8-5e3a-8d66-c1052070b369,"Band-Aid flexible fabric bandages, 30 ct",b37366c7-b51f-5b63-95f1-e4bd96f6ad3e,4.44,3,0.92
84ac9dc8-6d1f-5a8d-9eee-6d2c74a8adad,ff3661e0-86a8-5e3a-8d66-c1052070b369,"Band-Aid flexible fabric bandages, 30 ct",b37366c7-b51f-5b63-95f1-e4bd96f6ad3e,4.10,2,0.87
2d920529-0431-58fc-b16d-98bda7b13b8f,ff3661e0-86a8-5e3a-8d66-c1052070b369,"Colgate Optic White toothpaste, 4.2 oz",b37366c7-b51f-5b63-95f1-e4bd96f6ad3e,11.04,1,0.81
8eb7c5dc-88c9-5dc1-bf33-97a069f32017,4f75e0cc-1379-5424-8679-404f5fe83cd3,"Apple AirTag, single pack",dfc56eef-4ac9-50ce-b4c8-81cc669c4374,40.11,2,0.73
2e6d86a3-3eb2-57aa-a250-e8ceba0b27f4,4f75e0cc-1379-5424-8679-404f5fe83cd3,Insignia 6-outlet surge protector,dfc56eef-4ac9-50ce-b4c8-81cc669c4374,34.05,3,0.72
227957c0-780d-5b75-9a47-2b8dc9d05a17,4f75e0cc-1379-5424-8679-404f5fe83cd3,"Apple AirTag, single pack",dfc56eef-4ac9-50ce-b4c8-81cc669c4374,35.57,1,0.73
3445dfeb-fe7d-578f-bda8-ef8567c88e97,4f75e0cc-1379-5424-8679-404f5fe83cd3,Logitech MX Master 3S wireless mouse,dfc56eef-4ac9-50ce-b4c8-81cc669c4374,47.78,2,0.73
3025d53c-02f4-517d-b27d-3f6cea1fdf28,4f75e0cc-1379-5424-8679-404f5fe83cd3,Logitech MX Master 3S wireless mouse,dfc56eef-4ac9-50ce-b4c8-81cc669c4374,110.68,2,0.77
8cc5527e-530d-5494-aad6-cad92725a794,46085634-8121-52a4-ba2c-5121ae8d0114,"Behr Premium Plus interior paint, 1 gal",b37366c7-b51f-5b63-95f1-e4bd96f6ad3e,23.59,1,0.96
c1adcc17-f33e-5ea2-ad11-b8a08d088c8f,46085634-8121-52a4-ba2c-5121ae8d0114,"Husky heavy-duty storage bin, 27 gal",b37366c7-b51f-5b63-95f1-e4bd96f6ad3e,26.93,1,0.98
acbaaed5-8903-56fc-bc83-6cabb12a6201,46085634-8121-52a4-ba2c-5121ae8d0114,"Ryobi drill bit set, 20 piece",b37366c7-b51f-5b63-95f1-e4bd96f6ad3e,26.01,2,0.75
3129094f-02af-539d-b817-8dbadc9a7423,46085634-8121-52a4-ba2c-5121ae8d0114,"Behr Premium Plus interior paint, 1 gal",b37366c7-b51f-5b63-95f1-e4bd96f6ad3e,27.56,2,0.71
64367279-68ac-5670-8d8b-c2cb3346075c,46085634-8121-52a4-ba2c-5121ae8d0114,"Behr Premium Plus interior paint, 1 gal",b37366c7-b51f-5b63-95f1-e4bd96f6ad3e,19.94,1,0.99
4b2f19b5-0f5d-5917-8260-3f9ccf13872f,46085634-8121-52a4-ba2c-5121ae8d0114,"Miracle-Gro potting mix, 25 qt",b37366c7-b51f-5b63-95f1-e4bd96f6ad3e,47.38,2,0.99
14472c0f-597e-5ef3-8359-c46f29789ff7,d0f26823-b040-5489-b3aa-23c45cbbd895,"Olay Regenerist face moisturizer, 1.7 oz",875ccc19-66e7-5835-86a5-73be20384685,6.19,1,0.71
3d77e6b6-4afc-52ce-b7e5-3991f150bdb9,d0f26823-b040-5489-b3aa-23c45cbbd895,"Threshold cotton sheet set, queen",b37366c7-b51f-5b63-95f1-e4bd96f6ad3e,7.37,2,0.97
286071b3-ed23-5774-83e5-85c917e27a2a,d0f26823-b040-5489-b3aa-23c45cbbd895,LEGO Speed Champions car set,a0c8e4f4-727a-54fd-8788-686976c4a82e,4.50,3,0.74
f8091012-b034-5813-89dd-1cdeace3e9d2,d0f26823-b040-5489-b3aa-23c45cbbd895,Cat & Jack kids graphic t-shirt,95b5aa5e-4831-5a09-8b4c-36da6ac64ad5,10.44,1,0.78
f85f4fba-55b1-525f-a908-4bc747268891,0c76d102-c0b8-5290-887b-44946c25f6f3,"Kirkland Colombian coffee beans, 3 lb",1f008adf-0619-503a-a18b-d7efc791afea,53.57,2,0.95
0168dd7a-e596-511d-8367-03593cb9e5e8,0c76d102-c0b8-5290-887b-44946c25f6f3,"Kirkland Colombian coffee beans, 3 lb",1f008adf-0619-503a-a18b-d7efc791afea,46.56,2,0.74
4ef6def4-ad58-5ffc-b4e5-249a13527f6a,0c76d102-c0b8-5290-887b-44946c25f6f3,"Kirkland Colombian coffee beans, 3 lb",1f008adf-0619-503a-a18b-d7efc791afea,85.36,1,0.85
ace71a68-2ebf-571a-8859-1a25effcb4d2,79cc9aa8-b063-5958-be75-6108b250bfdf,"Miracle-Gro potting mix, 25 qt",b37366c7-b51f-5b63-95f1-e4bd96f6ad3e,64.30,2,0.94
8dcf2d5a-25e0-5d18-bec5-eea2ecc322f0,79cc9aa8-b063-5958-be75-6108b250bfdf,"Behr Premium Plus interior paint, 1 gal",b37366c7-b51f-5b63-95f1-e4bd96f6ad3e,50.34,2,0.85
f5a1d558-e13d-5926-86f6-23c54257fe0b,79cc9aa8-b063-5958-be75-6108b250bfdf,"Miracle-Gro potting mix, 25 qt",b37366c7-b51f-5b63-95f1-e4bd96f6ad3e,78.51,1,0.81
3653bdb3-8e89-5df4-8d15-334127a67667,0d8e3e03-c399-59f7-a89f-14b1e34bf999,"Kirkland sparkling water variety pack, 35 ct",1f008adf-0619-503a-a18b-d7efc791afea,13.97,3,0.86
95fe7fd1-f097-51b7-9c31-c4e78b637f9b,0d8e3e03-c399-59f7-a89f-14b1e34bf999,"Kirkland Colombian coffee beans, 3 lb",1f008adf-0619-503a-a18b-d7efc791afea,8.82,1,0.98
b8da9ad5-443a-5bb8-ad13-67b9d8a87542,0d8e3e03-c399-59f7-a89f-14b1e34bf999,"Tillamook cheddar cheese block, 2.5 lb",968cb096-c18d-575b-81f5-6d06a9ee3a17,10.47,2,0.85
d65597b1-2376-55da-9284-dd5536f2b2e9,0d8e3e03-c399-59f7-a89f-14b1e34bf999,"Kirkland sparkling water variety pack, 35 ct",1f008adf-0619-503a-a18b-d7efc791afea,13.70,3,0.71
07b91941-f03b-5744-8f7d-bb28c0077397,0d8e3e03-c399-59f7-a89f-14b1e34bf999,"Kirkland Signature paper towels, 12 rolls",b37366c7-b51f-5b63-95f1-e4bd96f6ad3e,24.65,2,0.92
a1f278ba-073d-5e46-99c2-e5e9ba9a8e4f,2ed54a3c-59dc-5eed-a428-b9f27fc16915,"Husky heavy-duty storage bin, 27 gal",b37366c7-b51f-5b63-95f1-e4bd96f6ad3e,8.68,3,0.78
8547fcf8-cbd9-59e2-a203-c47e7ace7c39,2ed54a3c-59dc-5eed-a428-b9f27fc16915,"Ryobi drill bit set, 20 piece",b37366c7-b51f-5b63-95f1-e4bd96f6ad3e,8.68,1,0.95
27f69037-467b-5c8b-ac28-3ef7b57cd964,2ed54a3c-59dc-5eed-a428-b9f27fc16915,"Ryobi drill bit set, 20 piece",b37366c7-b51f-5b63-95f1-e4bd96f6ad3e,7.73,1,0.92
7e5b45a1-49a6-572d-bdde-52ef54d727dc,2ed54a3c-59dc-5eed-a428-b9f27fc16915,"Miracle-Gro potting mix, 25 qt",b37366c7-b51f-5b63-95f1-e4bd96f6ad3e,10.89,2,0.88
844d43e2-5b2f-5d6e-b6d1-5719be0a0d2d,2ed54a3c-59dc-5eed-a428-b9f27fc16915,"Behr Premium Plus interior paint, 1 gal",b37366c7-b51f-5b63-95f1-e4bd96f6ad3e,11.39,1,1.0
067eedf8-af34-5ce3-93f7-edaa16f36040,5c9bf3b2-7513-559e-91b6-4a6a881264df,"365 organic baby spinach, 5 oz",968cb096-c18d-575b-81f5-6d06a9ee3a17,14.42,2,0.97
2def0507-1906-5e19-abd5-1bd7d7419959,5c9bf3b2-7513-559e-91b6-4a6a881264df,"365 organic baby spinach, 5 oz",968cb096-c18d-575b-81f5-6d06a9ee3a17,15.85,3,0.88
1e3ef1b8-20c6-51b8-b99a-b6e9fcc7099c,5c9bf3b2-7513-559e-91b6-4a6a881264df,"Atlantic salmon fillet, per lb",968cb096-c18d-575b-81f5-6d06a9ee3a17,9.88,1,0.99
4cc1e40b-47c5-5fb3-a5c0-c90b2f14fa62,5c9bf3b2-7513-559e-91b6-4a6a881264df,"Sourdough boule, bakery fresh",9f0065b4-325d-5ecd-9328-d24b02759cfc,16.67,3,0.97
30fe3743-afc8-5b3b-b92d-a6944454a7b5,5c9bf3b2-7513-559e-91b6-4a6a881264df,"Sourdough boule, bakery fresh",9f0065b4-325d-5ecd-9328-d24b02759cfc,21.01,2,0.87
512da1dd-e8a4-567f-b5ed-f8dfd5f70084,0d9bac82-35cb-5b6f-8f61-27f2f6cb5f83,"Ryobi drill bit set, 20 piece",b37366c7-b51f-5b63-95f1-e4bd96f6ad3e,34.31,1,0.8
17bf1ef6-a054-5533-8cab-074baeecf9bb,0d9bac82-35cb-5b6f-8f61-27f2f6cb5f83,"Miracle-Gro potting mix, 25 qt",b37366c7-b51f-5b63-95f1-e4bd96f6ad3e,54.98,3,0.76
1d4fbb65-2657-5355-8d7b-49048835f38c,0d9bac82-35cb-5b6f-8f61-27f2f6cb5f83,"Behr Premium Plus interior paint, 1 gal",b37366c7-b51f-5b63-95f1-e4bd96f6ad3e,100.89,2,0.86
159c6b23-afba-54b6-85a6-9a59778888fc,13150fa6-cd33-5600-bc81-eb183173f629,"Organic strawberries, 1 lb",968cb096-c18d-575b-81f5-6d06a9ee3a17,5.95,3,0.88
a17ac013-4f1d-5d3d-9be0-6165704a0c52,13150fa6-cd33-5600-bc81-eb183173f629,"Sourdough boule, bakery fresh",9f0065b4-325d-5ecd-9328-d24b02759cfc,6.01,2,0.82
3756edfd-644d-53b0-9e13-ff84fe5a554a,13150fa6-cd33-5600-bc81-eb183173f629,"Organic strawberries, 1 lb",968cb096-c18d-575b-81f5-6d06a9ee3a17,5.47,3,0.77
8e677905-935c-55ab-bdbb-4a064404b9dc,13150fa6-cd33-5600-bc81-eb183173f629,"Sourdough boule, bakery fresh",9f0065b4-325d-5ecd-9328-d24b02759cfc,5.32,1,0.88
4315a6fb-5c3a-553c-bed7-41e4f316a8f1,13150fa6-cd33-5600-bc81-eb183173f629,"Sourdough boule, bakery fresh",9f0065b4-325d-5ecd-9328-d24b02759cfc,14.80,2,0.84
2b34c51a-6a22-5050-8ebb-8cbe1f2b23ee,03018656-b54d-5c14-88f1-b54079400883,Clinique moisture surge gel cream,875ccc19-66e7-5835-86a5-73be20384685,6.80,3,0.97
de69cf1a-c2ac-5487-8fc4-8b90e6fb1876,03018656-b54d-5c14-88f1-b54079400883,Charter Club wrinkle-resistant dress shirt,95b5aa5e-4831-5a09-8b4c-36da6ac64ad5,4.37,1,0.73
8a817d72-ed7c-5967-8b49-7082ce556f42,03018656-b54d-5c14-88f1-b54079400883,Calvin Klein slim-fit chinos,95b5aa5e-4831-5a09-8b4c-36da6ac64ad5,6.69,1,0.82
bb2a5c6e-29ce-5d4a-b4bc-f07f44d54313,03018656-b54d-5c14-88f1-b54079400883,Hotel Collection bath robe,95b5aa5e-4831-5a09-8b4c-36da6ac64ad5,8.74,3,0.89
ad868c7f-07b8-505d-9ee0-0a3a46a45917,03018656-b54d-5c14-88f1-b54079400883,Charter Club wrinkle-resistant dress shirt,95b5aa5e-4831-5a09-8b4c-36da6ac64ad5,11.16,3,1.0
e69a34ea-a881-50b9-aa8a-e5ed810988d3,a9d7c03f-64f7-5a01-bda7-a76fd9f95a26,"Ryobi drill bit set, 20 piece",b37366c7-b51f-5b63-95f1-e4bd96f6ad3e,59.80,3,0.87
2685b453-318e-57ec-acf6-34e82bd17bf0,a9d7c03f-64f7-5a01-bda7-a76fd9f95a26,"Behr Premium Plus interior paint, 1 gal",b37366c7-b51f-5b63-95f1-e4bd96f6ad3e,53.77,3,0.93
f548b969-963d-5bd3-be46-2dce2de92787,a9d7c03f-64f7-5a01-bda7-a76fd9f95a26,"Behr Premium Plus interior paint, 1 gal",b37366c7-b51f-5b63-95f1-e4bd96f6ad3e,40.41,2,0.88
fa0b49e8-6f66-5fc2-911e-6be3b96c9e4b,a9d7c03f-64f7-5a01-bda7-a76fd9f95a26,"Miracle-Gro potting mix, 25 qt",b37366c7-b51f-5b63-95f1-e4bd96f6ad3e,95.83,3,0.89
a1c3e232-fcca-596c-924b-67ebb7b0ff75,d7e79cfd-604f-5430-b210-5fe991cc616c,"Kirkland Signature paper towels, 12 rolls",b37366c7-b51f-5b63-95f1-e4bd96f6ad3e,29.20,1,0.82
b7bc4a54-91ae-5d79-b6a4-a2a61cdc40c7,d7e79cfd-604f-5430-b210-5fe991cc616c,"Duracell AA batteries, 40 pack",dfc56eef-4ac9-50ce-b4c8-81cc669c4374,26.91,1,0.98
73608c3e-8967-565a-9007-1fe99cb13d05,d7e79cfd-604f-5430-b210-5fe991cc616c,"Tillamook cheddar cheese block, 2.5 lb",968cb096-c18d-575b-81f5-6d06a9ee3a17,40.51,1,0.79
f78ab643-b023-588a-aca0-d4d556969a69,d7e79cfd-604f-5430-b210-5fe991cc616c,"Tillamook cheddar cheese block, 2.5 lb",968cb096-c18d-575b-81f5-6d06a9ee3a17,73.73,1,0.74
