id,household_id,account_id,owner_user_id,merchant_id,amount,currency,base_amount,fx_rate,txn_date,category_id,status,source_document_id,source_channel,flags,notes,confidence,external_id,created_at
b8c45911-4460-58a8-8c3e-80cd1e18bf91,fb1ad2c1-a5b0-5ae0-9d88-507024507a14,494fb35b-ea2e-5ea2-8e6a-da836c11e230,dac49113-c1bb-5b26-8af5-745de0febf46,68f0922a-39b9-507c-92a6-e2500de5f321,-167.57,USD,-167.57,,2025-07-01,83564403-ac9f-5db5-a4fb-344879db34db,confirmed,,manual,{},COSTCO WHSE #2796,0.82,,2025-07-01T00:00:00
4206ead7-dbd9-5961-98b6-2318d165140c,532788bd-1641-5dc9-b246-c4397ed4af60,c7c53ab9-c6fe-5a0b-b3a8-36f12237d898,6a8ed953-2c24-5301-8d91-e6aa9dcfeadf,bbc36a1d-bf0a-5d6c-ae4f-ff309f63cf39,-380.42,USD,-380.42,,2025-07-02,d4c1f95d-47e8-52f6-8df9-eeb79b606fda,confirmed,,plaid,{},BEST BUY,0.99,,2025-07-02T00:00:00
3ba43187-d312-5e8a-a11d-6177b5f0ead1,fb1ad2c1-a5b0-5ae0-9d88-507024507a14,494fb35b-ea2e-5ea2-8e6a-da836c11e230,dac49113-c1bb-5b26-8af5-745de0febf46,d97309cb-eeb8-505a-9948-eec2d33394db,-254.88,USD,-254.88,,2025-07-02,bdba84aa-8286-5caf-8252-985e2f2f3c1a,confirmed,,manual,{},HOME DEPOT #7126 PURCHASE,0.85,,2025-07-02T00:00:00
7fe2bd37-3860-5c13-9ba1-9d0585997283,fb1ad2c1-a5b0-5ae0-9d88-507024507a14,494fb35b-ea2e-5ea2-8e6a-da836c11e230,dac49113-c1bb-5b26-8af5-745de0febf46,bbc36a1d-bf0a-5d6c-ae4f-ff309f63cf39,-382.53,USD,-382.53,,2025-07-02,c163ef62-5201-5cb2-bf0d-781443a4e5aa,confirmed,,manual,{},BEST BUY,0.86,,2025-07-02T00:00:00
6f300bcd-0b65-5b98-8b06-e3e0868e8d87,532788bd-1641-5dc9-b246-c4397ed4af60,c7c53ab9-c6fe-5a0b-b3a8-36f12237d898,6a8ed953-2c24-5301-8d91-e6aa9dcfeadf,41d50eda-694c-5967-8780-12cd00399dab,-4.70,USD,-4.70,,2025-07-03,6beed52e-4ccd-593d-890d-ce94bd2b2745,confirmed,,manual,{},DUNKIN',0.81,,2025-07-03T00:00:00
c1abb408-a1d7-585f-b73c-4617a406d969,532788bd-1641-5dc9-b246-c4397ed4af60,c7c53ab9-c6fe-5a0b-b3a8-36f12237d898,6a8ed953-2c24-5301-8d91-e6aa9dcfeadf,d97309cb-eeb8-505a-9948-eec2d33394db,-135.24,USD,-135.24,,2025-07-03,ccb8e507-d6df-51d3-9c6b-2af43847184c,confirmed,,manual,{},HOME DEPOT #5092 DEBIT,1.0,,2025-07-03T00:00:00
5d95fb3f-2298-5a67-9b45-a890113590a4,fb1ad2c1-a5b0-5ae0-9d88-507024507a14,de3e3182-4126-54b8-a5b3-1fbacfb03c9e,dac49113-c1bb-5b26-8af5-745de0febf46,8b093965-626b-562e-ba34-3a2ae16c7328,-25.40,USD,-25.40,,2025-07-03,8d5d7df5-91ea-5998-8eea-33179599a118,confirmed,,manual,{'recurring': True},PLANET FITNESS,0.78,,2025-07-03T00:00:00
a0843dd0-e34e-5b9f-b1a8-541aaf23aae4,fb1ad2c1-a5b0-5ae0-9d88-507024507a14,de3e3182-4126-54b8-a5b3-1fbacfb03c9e,dac49113-c1bb-5b26-8af5-745de0febf46,41d50eda-694c-5967-8780-12cd00399dab,-4.08,USD,-4.08,,2025-07-03,5638caff-364a-55b0-9433-607e4844f64b,draft,,manual,{},DUNKIN',0.72,,2025-07-03T00:00:00
26154920-3298-50b1-ab7e-508b076a2d21,532788bd-1641-5dc9-b246-c4397ed4af60,859c8fb0-d2a2-5d68-ad57-6ad36dcbffcc,6a8ed953-2c24-5301-8d91-e6aa9dcfeadf,d97309cb-eeb8-505a-9948-eec2d33394db,-207.44,USD,-207.44,,2025-07-04,ccb8e507-d6df-51d3-9c6b-2af43847184c,confirmed,,manual,{},HOME DEPOT #2964 PURCHASE,0.83,,2025-07-04T00:00:00
7b2e1690-963a-5f24-ad7e-17be3bfdbc16,fb1ad2c1-a5b0-5ae0-9d88-507024507a14,494fb35b-ea2e-5ea2-8e6a-da836c11e230,dac49113-c1bb-5b26-8af5-745de0febf46,d97309cb-eeb8-505a-9948-eec2d33394db,-90.70,USD,-90.70,,2025-07-04,077786c2-88f8-517e-9a65-266b802523c4,confirmed,,manual,{},HOME DEPOT #8491 PAYMENT,0.89,,2025-07-04T00:00:00
7e8f4f99-a433-51d9-a3ee-7695c7516ba8,532788bd-1641-5dc9-b246-c4397ed4af60,c7c53ab9-c6fe-5a0b-b3a8-36f12237d898,6a8ed953-2c24-5301-8d91-e6aa9dcfeadf,d553f2a4-b2c8-570b-8de4-81fa86437869,-133.10,USD,-133.10,,2025-07-05,83564403-ac9f-5db5-a4fb-344879db34db,confirmed,,manual,{},WALMART 3584 ,1.0,,2025-07-05T00:00:00
084f17bc-59cf-5d36-a2a1-0f240cfd8e48,532788bd-1641-5dc9-b246-c4397ed4af60,859c8fb0-d2a2-5d68-ad57-6ad36dcbffcc,6a8ed953-2c24-5301-8d91-e6aa9dcfeadf,c9ef2dab-c18a-5c65-bdc7-b6b34f18356e,-37.86,USD,-37.86,,2025-07-05,78973b8a-ca75-5365-a413-1efb5fe538d0,confirmed,,plaid,{},CVS PHARMACY #2891,0.88,,2025-07-05T00:00:00
6eb62a28-808b-5418-aab5-a8a7c617bb84,fb1ad2c1-a5b0-5ae0-9d88-507024507a14,de3e3182-4126-54b8-a5b3-1fbacfb03c9e,dac49113-c1bb-5b26-8af5-745de0febf46,d97309cb-eeb8-505a-9948-eec2d33394db,-41.31,USD,-41.31,,2025-07-05,ccb8e507-d6df-51d3-9c6b-2af43847184c,confirmed,,plaid,{},HOME DEPOT #1722 DEBIT,0.78,,2025-07-05T00:00:00
5fdda260-29cf-5501-8cba-22c71ecbd206,532788bd-1641-5dc9-b246-c4397ed4af60,c7c53ab9-c6fe-5a0b-b3a8-36f12237d898,6a8ed953-2c24-5301-8d91-e6aa9dcfeadf,4af9f4ae-4781-5cb6-8281-5c9f09d25ac0,-70.01,USD,-70.01,,2025-07-06,aee92619-ae79-565c-a988-70e59f94bc78,confirmed,,manual,{'recurring': True},TARGET 8041 PURCHASE,0.94,,2025-07-06T00:00:00
de69c577-e446-51be-938e-6d6f79bb2357,532788bd-1641-5dc9-b246-c4397ed4af60,c7c53ab9-c6fe-5a0b-b3a8-36f12237d898,6a8ed953-2c24-5301-8d91-e6aa9dcfeadf,d97309cb-eeb8-505a-9948-eec2d33394db,-115.80,USD,-115.80,,2025-07-06,ccb8e507-d6df-51d3-9c6b-2af43847184c,draft,,plaid,{'recurring': True},HOME DEPOT #4878 PURCHASE,0.71,,2025-07-06T00:00:00
fbf2320f-96c1-5147-bf19-677e8050970b,fb1ad2c1-a5b0-5ae0-9d88-507024507a14,494fb35b-ea2e-5ea2-8e6a-da836c11e230,dac49113-c1bb-5b26-8af5-745de0febf46,c9ef2dab-c18a-5c65-bdc7-b6b34f18356e,-14.34,USD,-14.34,,2025-07-06,dbdc8686-ec42-5ce3-ba3f-5424fe985322,confirmed,,manual,{},CVS PHARMACY #1634,0.95,,2025-07-06T00:00:00
922e63ae-92fd-5b6d-887f-14b96364bb8a,fb1ad2c1-a5b0-5ae0-9d88-507024507a14,de3e3182-4126-54b8-a5b3-1fbacfb03c9e,dac49113-c1bb-5b26-8af5-745de0febf46,b7475634-9a3f-5b47-9978-5578a1ceb107,-218.80,USD,-218.80,,2025-07-06,ba8264d5-be92-573d-bee0-fc77ba1eba53,confirmed,,manual,{},MACY'S,0.95,,2025-07-06T00:00:00
f395769c-4b27-53da-b4bb-0684ecbcdd92,532788bd-1641-5dc9-b246-c4397ed4af60,859c8fb0-d2a2-5d68-ad57-6ad36dcbffcc,6a8ed953-2c24-5301-8d91-e6aa9dcfeadf,c905592e-a82b-5c8e-904a-d39c475430ef,-40.70,USD,-40.70,,2025-07-07,faa9d7bb-1220-5a93-8675-adf7fee33a10,confirmed,,manual,{'recurring': True},SHELL OIL 1027 PURCHASE,0.98,,2025-07-07T00:00:00
a1353c3f-d6f7-502d-86cb-6ad5af1209fa,fb1ad2c1-a5b0-5ae0-9d88-507024507a14,de3e3182-4126-54b8-a5b3-1fbacfb03c9e,dac49113-c1bb-5b26-8af5-745de0febf46,4070c9b0-7b80-5ca4-9dcd-613c6df99208,-213.93,USD,-213.93,,2025-07-07,b7ec2236-fab9-5f74-9e59-c0476c5dccf2,confirmed,,plaid,{},HILTON,0.98,,2025-07-07T00:00:00
5fcfefe8-0b23-5b2f-b5c1-14b4e3622f0c,fb1ad2c1-a5b0-5ae0-9d88-507024507a14,494fb35b-ea2e-5ea2-8e6a-da836c11e230,dac49113-c1bb-5b26-8af5-745de0febf46,f573b94f-d6d1-51c3-a8dd-9f4c61a57329,-84.75,USD,-84.75,,2025-07-07,0c9330d7-1154-5540-9033-ff3ccdfd842d,confirmed,,plaid,{},VERIZON WIRELESS 6279,0.94,,2025-07-07T00:00:00
1442e9c2-a480-5fcf-9d95-8d48f5e6066c,532788bd-1641-5dc9-b246-c4397ed4af60,859c8fb0-d2a2-5d68-ad57-6ad36dcbffcc,6a8ed953-2c24-5301-8d91-e6aa9dcfeadf,f573b94f-d6d1-51c3-a8dd-9f4c61a57329,-108.73,USD,-108.73,,2025-07-08,0c9330d7-1154-5540-9033-ff3ccdfd842d,confirmed,,manual,{},VERIZON WIRELESS 3414,0.93,,2025-07-08T00:00:00
f1491c3d-a6ef-538b-a79a-9fbb2197be2a,532788bd-1641-5dc9-b246-c4397ed4af60,859c8fb0-d2a2-5d68-ad57-6ad36dcbffcc,6a8ed953-2c24-5301-8d91-e6aa9dcfeadf,d97309cb-eeb8-505a-9948-eec2d33394db,-236.85,USD,-236.85,,2025-07-09,ccb8e507-d6df-51d3-9c6b-2af43847184c,confirmed,,plaid,{'recurring': True},HOME DEPOT #9486 ,0.74,,2025-07-09T00:00:00
75ad450e-6911-575f-9d8d-e8d104ced42c,fb1ad2c1-a5b0-5ae0-9d88-507024507a14,494fb35b-ea2e-5ea2-8e6a-da836c11e230,dac49113-c1bb-5b26-8af5-745de0febf46,2d8b3f27-58fe-5583-8d7e-995c79ade98a,-21.85,USD,-21.85,,2025-07-09,83564403-ac9f-5db5-a4fb-344879db34db,confirmed,,manual,{},KROGER #7275,0.8,,2025-07-09T00:00:00
8a76f65c-fda2-53d3-856c-e482b1054f38,fb1ad2c1-a5b0-5ae0-9d88-507024507a14,494fb35b-ea2e-5ea2-8e6a-da836c11e230,dac49113-c1bb-5b26-8af5-745de0febf46,b8eadc23-f654-5613-9f2a-cf111cf0ed88,-49.98,USD,-49.98,,2025-07-10,83564403-ac9f-5db5-a4fb-344879db34db,confirmed,,manual,{},TRADER JOE'S #4595,0.9,,2025-07-10T00:00:00
6fa664c3-df2e-5d9a-9310-d19b526eba8b,fb1ad2c1-a5b0-5ae0-9d88-507024507a14,494fb35b-ea2e-5ea2-8e6a-da836c11e230,dac49113-c1bb-5b26-8af5-745de0febf46,8b093965-626b-562e-ba34-3a2ae16c7328,-39.02,USD,-39.02,,2025-07-10,875ccc19-66e7-5835-86a5-73be20384685,confirmed,,plaid,{'recurring': True},PLANET FITNESS,0.75,,2025-07-10T00:00:00
bf335c34-0043-5a9f-8f9f-0ef65018d720,fb1ad2c1-a5b0-5ae0-9d88-507024507a14,494fb35b-ea2e-5ea2-8e6a-da836c11e230,dac49113-c1bb-5b26-8af5-745de0febf46,f2a9ca2a-37af-503e-8036-0623ac1a9dbc,-8.31,USD,-8.31,,2025-07-11,c163ef62-5201-5cb2-bf0d-781443a4e5aa,confirmed,,manual,{'recurring': True},APPLE.COM/BILL,0.8,,2025-07-11T00:00:00
fd64c8a6-21ed-5266-9791-4b58e27a0d97,fb1ad2c1-a5b0-5ae0-9d88-507024507a14,494fb35b-ea2e-5ea2-8e6a-da836c11e230,dac49113-c1bb-5b26-8af5-745de0febf46,f573b94f-d6d1-51c3-a8dd-9f4c61a57329,-77.96,USD,-77.96,,2025-07-11,2d123316-c022-5b31-8284-b23e61b8e6d0,confirmed,,manual,{},VERIZON WIRELESS 4908,0.77,,2025-07-11T00:00:00
5a6c5d9d-b662-5b6c-8c39-999c304fe83b,532788bd-1641-5dc9-b246-c4397ed4af60,859c8fb0-d2a2-5d68-ad57-6ad36dcbffcc,6a8ed953-2c24-5301-8d91-e6aa9dcfeadf,d97309cb-eeb8-505a-9948-eec2d33394db,-45.81,USD,-45.81,,2025-07-12,077786c2-88f8-517e-9a65-266b802523c4,confirmed,,plaid,{},HOME DEPOT #7149 ,0.91,,2025-07-12T00:00:00
3527201e-fb83-5e97-a43f-c90f1b8961d2,532788bd-1641-5dc9-b246-c4397ed4af60,859c8fb0-d2a2-5d68-ad57-6ad36dcbffcc,6a8ed953-2c24-5301-8d91-e6aa9dcfeadf,16a24acb-ea67-57eb-a942-246e8cd94297,-11.99,USD,-11.99,,2025-07-12,ea950238-0d12-58ed-8e20-085ecb1a6754,confirmed,,manual,{},GOOGLE *YOUTUBE PREMIUM,0.89,,2025-07-12T00:00:00
e9b49f06-91e0-57a0-a0ba-813c5be1eb94,fb1ad2c1-a5b0-5ae0-9d88-507024507a14,de3e3182-4126-54b8-a5b3-1fbacfb03c9e,dac49113-c1bb-5b26-8af5-745de0febf46,41d50eda-694c-5967-8780-12cd00399dab,-7.95,USD,-7.95,,2025-07-12,fa112a1b-3269-5304-b7dc-1ef8de5dddc0,confirmed,,manual,{},DUNKIN',0.98,,2025-07-12T00:00:00
23f197c9-8121-50cb-b1c3-6d50f24e577e,fb1ad2c1-a5b0-5ae0-9d88-507024507a14,494fb35b-ea2e-5ea2-8e6a-da836c11e230,dac49113-c1bb-5b26-8af5-745de0febf46,c9ef2dab-c18a-5c65-bdc7-b6b34f18356e,-34.81,USD,-34.81,,2025-07-12,f4256214-1f20-597d-abac-553feefc5cd8,confirmed,,manual,{},CVS PHARMACY #8385,0.85,,2025-07-12T00:00:00
fbd6e300-fb7f-5303-afe3-48deeb2d1fd1,532788bd-1641-5dc9-b246-c4397ed4af60,c7c53ab9-c6fe-5a0b-b3a8-36f12237d898,6a8ed953-2c24-5301-8d91-e6aa9dcfeadf,c905592e-a82b-5c8e-904a-d39c475430ef,-45.31,USD,-45.31,,2025-07-13,faa9d7bb-1220-5a93-8675-adf7fee33a10,confirmed,,plaid,{},SHELL OIL 8434 PAYMENT,0.76,,2025-07-13T00:00:00
bf559d1c-2904-5395-aadc-df245b102981,532788bd-1641-5dc9-b246-c4397ed4af60,859c8fb0-d2a2-5d68-ad57-6ad36dcbffcc,6a8ed953-2c24-5301-8d91-e6aa9dcfeadf,d97309cb-eeb8-505a-9948-eec2d33394db,-44.24,USD,-44.24,,2025-07-13,bdba84aa-8286-5caf-8252-985e2f2f3c1a,confirmed,,plaid,{'recurring': True},HOME DEPOT #8690 ,0.78,,2025-07-13T00:00:00
0e7f85fe-dfe2-562f-9a96-c5105f0c55d4,fb1ad2c1-a5b0-5ae0-9d88-507024507a14,de3e3182-4126-54b8-a5b3-1fbacfb03c9e,dac49113-c1bb-5b26-8af5-745de0febf46,158297b6-5a99-547c-9a9d-4e9a859d9dab,-4.82,USD,-4.82,,2025-07-13,6beed52e-4ccd-593d-890d-ce94bd2b2745,confirmed,,manual,{},STARBUCKS 5066 DEBIT,0.94,,2025-07-13T00:00:00
5da20962-7d26-5745-a911-43f9ac7e261b,fb1ad2c1-a5b0-5ae0-9d88-507024507a14,494fb35b-ea2e-5ea2-8e6a-da836c11e230,dac49113-c1bb-5b26-8af5-745de0febf46,d97309cb-eeb8-505a-9948-eec2d33394db,-90.42,USD,-90.42,,2025-07-13,077786c2-88f8-517e-9a65-266b802523c4,confirmed,,plaid,{},HOME DEPOT #4929 PURCHASE,0.84,,2025-07-13T00:00:00
41898ba2-01f5-560d-8855-aaae26ac5906,fb1ad2c1-a5b0-5ae0-9d88-507024507a14,494fb35b-ea2e-5ea2-8e6a-da836c11e230,dac49113-c1bb-5b26-8af5-745de0febf46,d97309cb-eeb8-505a-9948-eec2d33394db,-35.29,USD,-35.29,,2025-07-13,077786c2-88f8-517e-9a65-266b802523c4,confirmed,,plaid,{},HOME DEPOT #4241 ,0.97,,2025-07-13T00:00:00
9d1ab85f-b920-5c69-9934-a8a10f004828,fb1ad2c1-a5b0-5ae0-9d88-507024507a14,de3e3182-4126-54b8-a5b3-1fbacfb03c9e,dac49113-c1bb-5b26-8af5-745de0febf46,d97309cb-eeb8-505a-9948-eec2d33394db,-140.16,USD,-140.16,,2025-07-13,ccb8e507-d6df-51d3-9c6b-2af43847184c,confirmed,,manual,{},HOME DEPOT #7594 PAYMENT,0.88,,2025-07-13T00:00:00
c985459e-fde2-5a65-9e61-85c704d10439,532788bd-1641-5dc9-b246-c4397ed4af60,c7c53ab9-c6fe-5a0b-b3a8-36f12237d898,6a8ed953-2c24-5301-8d91-e6aa9dcfeadf,bbc36a1d-bf0a-5d6c-ae4f-ff309f63cf39,-476.38,USD,-476.38,,2025-07-14,12915486-2f7b-557e-9d40-6d2f4442ed6d,confirmed,,plaid,{},BEST BUY,0.9,,2025-07-14T00:00:00
136633a4-083f-5d16-a094-6ae30c7083bc,532788bd-1641-5dc9-b246-c4397ed4af60,c7c53ab9-c6fe-5a0b-b3a8-36f12237d898,6a8ed953-2c24-5301-8d91-e6aa9dcfeadf,808b3755-614e-5b7e-ba90-ef88c5558ae5,-34.16,USD,-34.16,,2025-07-14,d765f3b4-e63d-5ea7-8e05-58458f986634,confirmed,,manual,{},LYFT,0.96,,2025-07-14T00:00:00
4e66c12a-9e60-5eb7-ac9a-bb6723cf4710,fb1ad2c1-a5b0-5ae0-9d88-507024507a14,494fb35b-ea2e-5ea2-8e6a-da836c11e230,dac49113-c1bb-5b26-8af5-745de0febf46,4070c9b0-7b80-5ca4-9dcd-613c6df99208,-128.44,USD,-128.44,,2025-07-14,7dc4d185-914f-5736-9f4d-8756e08d9766,confirmed,,manual,{'recurring': True},HILTON,0.82,,2025-07-14T00:00:00
342bbbd0-90ae-578f-86c5-ea9d56a2aa06,fb1ad2c1-a5b0-5ae0-9d88-507024507a14,de3e3182-4126-54b8-a5b3-1fbacfb03c9e,dac49113-c1bb-5b26-8af5-745de0febf46,2b4a9416-2f9a-5c84-8a99-089c2a8da440,-79.07,USD,-79.07,,2025-07-14,7c8fb462-7d13-54a2-8a1d-9974bce7d252,confirmed,,plaid,{'recurring': True},COMCAST 8242,0.83,,2025-07-14T00:00:00
804ccf1f-b3d9-5bdf-89d9-705dc9fc64fb,532788bd-1641-5dc9-b246-c4397ed4af60,859c8fb0-d2a2-5d68-ad57-6ad36dcbffcc,6a8ed953-2c24-5301-8d91-e6aa9dcfeadf,d97309cb-eeb8-505a-9948-eec2d33394db,-41.56,USD,-41.56,,2025-07-15,ccb8e507-d6df-51d3-9c6b-2af43847184c,confirmed,,manual,{},HOME DEPOT #2924 PURCHASE,0.78,,2025-07-15T00:00:00
fc98c7ab-d643-528c-b99f-ce76851a653d,532788bd-1641-5dc9-b246-c4397ed4af60,859c8fb0-d2a2-5d68-ad57-6ad36dcbffcc,6a8ed953-2c24-5301-8d91-e6aa9dcfeadf,d97309cb-eeb8-505a-9948-eec2d33394db,-69.32,USD,-69.32,,2025-07-15,ccb8e507-d6df-51d3-9c6b-2af43847184c,confirmed,,manual,{'recurring': True},HOME DEPOT #5526 ,0.78,,2025-07-15T00:00:00
bb9b8695-476a-5a9e-9b55-1bfedf340d05,532788bd-1641-5dc9-b246-c4397ed4af60,c7c53ab9-c6fe-5a0b-b3a8-36f12237d898,6a8ed953-2c24-5301-8d91-e6aa9dcfeadf,f573b94f-d6d1-51c3-a8dd-9f4c61a57329,-73.21,USD,-73.21,,2025-07-15,0c9330d7-1154-5540-9033-ff3ccdfd842d,confirmed,,manual,{},VERIZON WIRELESS 8213,0.74,,2025-07-15T00:00:00
73023fef-d08a-5d5c-b876-0714ae9693b5,532788bd-1641-5dc9-b246-c4397ed4af60,c7c53ab9-c6fe-5a0b-b3a8-36f12237d898,6a8ed953-2c24-5301-8d91-e6aa9dcfeadf,d97309cb-eeb8-505a-9948-eec2d33394db,-111.49,USD,-111.49,,2025-07-15,077786c2-88f8-517e-9a65-266b802523c4,draft,,manual,{'recurring': True},HOME DEPOT #6383 ,0.71,,2025-07-15T00:00:00
75d59f7b-2c54-592d-8887-6eef7611022c,fb1ad2c1-a5b0-5ae0-9d88-507024507a14,494fb35b-ea2e-5ea2-8e6a-da836c11e230,dac49113-c1bb-5b26-8af5-745de0febf46,68f0922a-39b9-507c-92a6-e2500de5f321,-75.90,USD,-75.90,,2025-07-15,83564403-ac9f-5db5-a4fb-344879db34db,confirmed,,plaid,{},COSTCO WHSE #4945,0.89,,2025-07-15T00:00:00
679a469e-3ecd-5416-9caf-53c3aa94eb03,fb1ad2c1-a5b0-5ae0-9d88-507024507a14,de3e3182-4126-54b8-a5b3-1fbacfb03c9e,dac49113-c1bb-5b26-8af5-745de0febf46,808b3755-614e-5b7e-ba90-ef88c5558ae5,-26.64,USD,-26.64,,2025-07-15,d765f3b4-e63d-5ea7-8e05-58458f986634,confirmed,,manual,{'recurring': True},LYFT,0.73,,2025-07-15T00:00:00
388b62a7-a741-52fc-882e-601861e326d8,532788bd-1641-5dc9-b246-c4397ed4af60,859c8fb0-d2a2-5d68-ad57-6ad36dcbffcc,6a8ed953-2c24-5301-8d91-e6aa9dcfeadf,8b093965-626b-562e-ba34-3a2ae16c7328,-28.11,USD,-28.11,,2025-07-16,a519e456-2deb-59d8-a983-e0e4e0e88abb,confirmed,,manual,{},PLANET FITNESS,0.77,,2025-07-16T00:00:00
ae474415-9468-5581-b6ec-dd61cb187f50,532788bd-1641-5dc9-b246-c4397ed4af60,859c8fb0-d2a2-5d68-ad57-6ad36dcbffcc,6a8ed953-2c24-5301-8d91-e6aa9dcfeadf,d97309cb-eeb8-505a-9948-eec2d33394db,-194.05,USD,-194.05,,2025-07-16,ccb8e507-d6df-51d3-9c6b-2af43847184c,confirmed,,plaid,{},HOME DEPOT #8222 DEBIT,0.79,,2025-07-16T00:00:00
455b4e39-05d5-5fd7-aa31-7219ad84391c,fb1ad2c1-a5b0-5ae0-9d88-507024507a14,de3e3182-4126-54b8-a5b3-1fbacfb03c9e,dac49113-c1bb-5b26-8af5-745de0febf46,c905592e-a82b-5c8e-904a-d39c475430ef,-50.05,USD,-50.05,,2025-07-16,51fda6e9-fdf8-5107-ac9c-83867d45beb7,draft,,manual,{},SHELL OIL 5210 ,0.8,,2025-07-16T00:00:00
1619de90-ae21-52f4-ac57-f22fa4b509f2,fb1ad2c1-a5b0-5ae0-9d88-507024507a14,de3e3182-4126-54b8-a5b3-1fbacfb03c9e,dac49113-c1bb-5b26-8af5-745de0febf46,d97309cb-eeb8-505a-9948-eec2d33394db,-120.05,USD,-120.05,,2025-07-16,ccb8e507-d6df-51d3-9c6b-2af43847184c,confirmed,,manual,{},HOME DEPOT #7086 DEBIT,0.97,,2025-07-16T00:00:00
ae9b9cc7-3b3e-5122-a8c9-b8da5983df99,fb1ad2c1-a5b0-5ae0-9d88-507024507a14,de3e3182-4126-54b8-a5b3-1fbacfb03c9e,dac49113-c1bb-5b26-8af5-745de0febf46,d97309cb-eeb8-505a-9948-eec2d33394db,-274.18,USD,-274.18,,2025-07-16,ccb8e507-d6df-51d3-9c6b-2af43847184c,confirmed,,manual,{},HOME DEPOT #2911 PURCHASE,0.85,,2025-07-16T00:00:00
e04ef938-4424-56ee-96d8-3f25fa6d0141,532788bd-1641-5dc9-b246-c4397ed4af60,859c8fb0-d2a2-5d68-ad57-6ad36dcbffcc,6a8ed953-2c24-5301-8d91-e6aa9dcfeadf,d97309cb-eeb8-505a-9948-eec2d33394db,-41.13,USD,-41.13,,2025-07-17,bdba84aa-8286-5caf-8252-985e2f2f3c1a,confirmed,,plaid,{},HOME DEPOT #1828 PAYMENT,0.76,,2025-07-17T00:00:00
70a7dc79-5adc-5168-b51e-c08354451cac,532788bd-1641-5dc9-b246-c4397ed4af60,859c8fb0-d2a2-5d68-ad57-6ad36dcbffcc,6a8ed953-2c24-5301-8d91-e6aa9dcfeadf,234091f8-66bb-5bb3-84d3-5acfb26b89bb,-18.51,USD,-18.51,,2025-07-17,51fda6e9-fdf8-5107-ac9c-83867d45beb7,draft,,manual,{},UBER *TRIP 5542,0.73,,2025-07-17T00:00:00
ba315c36-6653-53e3-b69c-375b6a6b01f7,532788bd-1641-5dc9-b246-c4397ed4af60,859c8fb0-d2a2-5d68-ad57-6ad36dcbffcc,6a8ed953-2c24-5301-8d91-e6aa9dcfeadf,68f0922a-39b9-507c-92a6-e2500de5f321,-188.99,USD,-188.99,,2025-07-17,83564403-ac9f-5db5-a4fb-344879db34db,confirmed,,manual,{},COSTCO WHSE #5347,0.92,,2025-07-17T00:00:00
08c728f1-7d95-50e4-9e91-72494a0cf6f6,532788bd-1641-5dc9-b246-c4397ed4af60,859c8fb0-d2a2-5d68-ad57-6ad36dcbffcc,6a8ed953-2c24-5301-8d91-e6aa9dcfeadf,b7475634-9a3f-5b47-9978-5578a1ceb107,-159.91,USD,-159.91,,2025-07-18,aee92619-ae79-565c-a988-70e59f94bc78,confirmed,,manual,{},MACY'S,0.88,,2025-07-18T00:00:00
f4f499c9-44d2-5827-a909-b1d1fe2f3c67,532788bd-1641-5dc9-b246-c4397ed4af60,c7c53ab9-c6fe-5a0b-b3a8-36f12237d898,6a8ed953-2c24-5301-8d91-e6aa9dcfeadf,d97309cb-eeb8-505a-9948-eec2d33394db,-173.57,USD,-173.57,,2025-07-18,077786c2-88f8-517e-9a65-266b802523c4,confirmed,,manual,{'recurring': True},HOME DEPOT #7730 PAYMENT,0.92,,2025-07-18T00:00:00
259b74f1-fe74-5b8e-bf1c-2201549e1782,fb1ad2c1-a5b0-5ae0-9d88-507024507a14,494fb35b-ea2e-5ea2-8e6a-da836c11e230,dac49113-c1bb-5b26-8af5-745de0febf46,c905592e-a82b-5c8e-904a-d39c475430ef,-49.47,USD,-49.47,,2025-07-18,f43ab923-88d2-5d30-b514-e67d3c90367a,confirmed,,plaid,{'recurring': True},SHELL OIL 7022 DEBIT,0.95,,2025-07-18T00:00:00
134138e7-acd1-5150-bb96-343c6b17d130,fb1ad2c1-a5b0-5ae0-9d88-507024507a14,de3e3182-4126-54b8-a5b3-1fbacfb03c9e,dac49113-c1bb-5b26-8af5-745de0febf46,f573b94f-d6d1-51c3-a8dd-9f4c61a57329,-104.58,USD,-104.58,,2025-07-18,7c8fb462-7d13-54a2-8a1d-9974bce7d252,confirmed,,manual,{'recurring': True},VERIZON WIRELESS 3955,0.81,,2025-07-18T00:00:00
3af78d5d-5107-58b8-91d9-c912899cf77b,532788bd-1641-5dc9-b246-c4397ed4af60,859c8fb0-d2a2-5d68-ad57-6ad36dcbffcc,6a8ed953-2c24-5301-8d91-e6aa9dcfeadf,a00cde6f-8b9f-5006-9541-fdeeb8008d4f,-150.49,USD,-150.49,,2025-07-19,c163ef62-5201-5cb2-bf0d-781443a4e5aa,confirmed,,manual,{},Amazon.com 7878 ,0.8,,2025-07-19T00:00:00
8bf0ec2c-bee6-5945-b5e3-ba71a4960b41,fb1ad2c1-a5b0-5ae0-9d88-507024507a14,de3e3182-4126-54b8-a5b3-1fbacfb03c9e,dac49113-c1bb-5b26-8af5-745de0febf46,d97309cb-eeb8-505a-9948-eec2d33394db,-207.08,USD,-207.08,,2025-07-19,077786c2-88f8-517e-9a65-266b802523c4,confirmed,,manual,{},HOME DEPOT #7947 ,0.93,,2025-07-19T00:00:00
e9de3ce8-cb88-54cd-b217-7b57fdc77fa1,532788bd-1641-5dc9-b246-c4397ed4af60,859c8fb0-d2a2-5d68-ad57-6ad36dcbffcc,6a8ed953-2c24-5301-8d91-e6aa9dcfeadf,b8eadc23-f654-5613-9f2a-cf111cf0ed88,-71.01,USD,-71.01,,2025-07-20,83564403-ac9f-5db5-a4fb-344879db34db,confirmed,,manual,{},TRADER JOE'S #1307,0.87,,2025-07-20T00:00:00
fbd7e7e3-6878-5b55-89d7-26f7e411c130,532788bd-1641-5dc9-b246-c4397ed4af60,c7c53ab9-c6fe-5a0b-b3a8-36f12237d898,6a8ed953-2c24-5301-8d91-e6aa9dcfeadf,d97309cb-eeb8-505a-9948-eec2d33394db,-63.98,USD,-63.98,,2025-07-20,ccb8e507-d6df-51d3-9c6b-2af43847184c,confirmed,,plaid,{},HOME DEPOT #2443 ,0.82,,2025-07-20T00:00:00
0dc9ac91-e8c6-5772-990b-2cd698e3a2a3,fb1ad2c1-a5b0-5ae0-9d88-507024507a14,de3e3182-4126-54b8-a5b3-1fbacfb03c9e,dac49113-c1bb-5b26-8af5-745de0febf46,d97309cb-eeb8-505a-9948-eec2d33394db,-65.49,USD,-65.49,,2025-07-20,077786c2-88f8-517e-9a65-266b802523c4,confirmed,,manual,{},HOME DEPOT #8354 PAYMENT,0.72,,2025-07-20T00:00:00
b47ca079-0af9-5e6c-ad8b-11867741c003,fb1ad2c1-a5b0-5ae0-9d88-507024507a14,de3e3182-4126-54b8-a5b3-1fbacfb03c9e,dac49113-c1bb-5b26-8af5-745de0febf46,c905592e-a82b-5c8e-904a-d39c475430ef,-61.88,USD,-61.88,,2025-07-20,51fda6e9-fdf8-5107-ac9c-83867d45beb7,confirmed,,manual,{},SHELL OIL 6267 ,0.94,,2025-07-20T00:00:00
f51e7d6f-812e-545f-918e-bef79a9ca0dd,fb1ad2c1-a5b0-5ae0-9d88-507024507a14,de3e3182-4126-54b8-a5b3-1fbacfb03c9e,dac49113-c1bb-5b26-8af5-745de0febf46,d97309cb-eeb8-505a-9948-eec2d33394db,-85.61,USD,-85.61,,2025-07-20,ccb8e507-d6df-51d3-9c6b-2af43847184c,confirmed,,manual,{},HOME DEPOT #9586 PURCHASE,0.93,,2025-07-20T00:00:00
34816e39-b2c9-5a4b-b713-2f5427283c7b,532788bd-1641-5dc9-b246-c4397ed4af60,859c8fb0-d2a2-5d68-ad57-6ad36dcbffcc,6a8ed953-2c24-5301-8d91-e6aa9dcfeadf,808b3755-614e-5b7e-ba90-ef88c5558ae5,-27.54,USD,-27.54,,2025-07-21,faa9d7bb-1220-5a93-8675-adf7fee33a10,confirmed,,plaid,{'recurring': True},LYFT,0.79,,2025-07-21T00:00:00
a39a27ee-205a-589f-a096-a314445fd485,fb1ad2c1-a5b0-5ae0-9d88-507024507a14,de3e3182-4126-54b8-a5b3-1fbacfb03c9e,dac49113-c1bb-5b26-8af5-745de0febf46,bbc36a1d-bf0a-5d6c-ae4f-ff309f63cf39,-200.81,USD,-200.81,,2025-07-21,d4c1f95d-47e8-52f6-8df9-eeb79b606fda,confirmed,,manual,{},BEST BUY,0.83,,2025-07-21T00:00:00
4968e762-fd30-52d1-86f7-472a09696365,fb1ad2c1-a5b0-5ae0-9d88-507024507a14,494fb35b-ea2e-5ea2-8e6a-da836c11e230,dac49113-c1bb-5b26-8af5-745de0febf46,d97309cb-eeb8-505a-9948-eec2d33394db,-66.54,USD,-66.54,,2025-07-21,ccb8e507-d6df-51d3-9c6b-2af43847184c,confirmed,,plaid,{'recurring': True},HOME DEPOT #1715 ,0.88,,2025-07-21T00:00:00
5555975f-8559-5323-aeec-866acf074366,532788bd-1641-5dc9-b246-c4397ed4af60,c7c53ab9-c6fe-5a0b-b3a8-36f12237d898,6a8ed953-2c24-5301-8d91-e6aa9dcfeadf,8989e0bc-e443-55e5-9e3f-e2a8f32ee6d7,-15.49,USD,-15.49,,2025-07-22,ea950238-0d12-58ed-8e20-085ecb1a6754,confirmed,,manual,{},NETFLIX.COM,0.83,,2025-07-22T00:00:00
655739e0-1f13-5bb0-9dfc-339e65d9d274,fb1ad2c1-a5b0-5ae0-9d88-507024507a14,494fb35b-ea2e-5ea2-8e6a-da836c11e230,dac49113-c1bb-5b26-8af5-745de0febf46,f2a9ca2a-37af-503e-8036-0623ac1a9dbc,-26.35,USD,-26.35,,2025-07-22,c41a2c56-8547-5a0c-aaec-8c24b93da49d,confirmed,,plaid,{},APPLE.COM/BILL,0.97,,2025-07-22T00:00:00
1c7e9cf3-8f68-5a16-a067-7a6dc96e2bb0,fb1ad2c1-a5b0-5ae0-9d88-507024507a14,494fb35b-ea2e-5ea2-8e6a-da836c11e230,dac49113-c1bb-5b26-8af5-745de0febf46,1796e996-84d5-5ef5-a717-a953e2e49c08,-371.16,USD,-371.16,,2025-07-22,79c60cc2-48aa-5f74-8871-3cb616b26e25,confirmed,,manual,{},MARRIOTT,1.0,,2025-07-22T00:00:00
6b1a8cd8-eda6-529b-b0f1-5405c04eedbc,532788bd-1641-5dc9-b246-c4397ed4af60,c7c53ab9-c6fe-5a0b-b3a8-36f12237d898,6a8ed953-2c24-5301-8d91-e6aa9dcfeadf,c9ef2dab-c18a-5c65-bdc7-b6b34f18356e,-37.11,USD,-37.11,,2025-07-23,78973b8a-ca75-5365-a413-1efb5fe538d0,confirmed,,manual,{},CVS PHARMACY #8685,0.76,,2025-07-23T00:00:00
8ed62967-13c4-5cbc-8243-4cfd264bb2b1,532788bd-1641-5dc9-b246-c4397ed4af60,859c8fb0-d2a2-5d68-ad57-6ad36dcbffcc,6a8ed953-2c24-5301-8d91-e6aa9dcfeadf,b7475634-9a3f-5b47-9978-5578a1ceb107,-35.57,USD,-35.57,,2025-07-23,ba8264d5-be92-573d-bee0-fc77ba1eba53,confirmed,,manual,{},MACY'S,0.99,,2025-07-23T00:00:00
08a97f48-49cb-5e41-a8ce-48c81d444859,fb1ad2c1-a5b0-5ae0-9d88-507024507a14,de3e3182-4126-54b8-a5b3-1fbacfb03c9e,dac49113-c1bb-5b26-8af5-745de0febf46,234091f8-66bb-5bb3-84d3-5acfb26b89bb,-34.57,USD,-34.57,,2025-07-23,51fda6e9-fdf8-5107-ac9c-83867d45beb7,confirmed,,manual,{},UBER *TRIP 3986,0.76,,2025-07-23T00:00:00
58b2e584-ff71-53a0-8035-17059db3464e,532788bd-1641-5dc9-b246-c4397ed4af60,859c8fb0-d2a2-5d68-ad57-6ad36dcbffcc,6a8ed953-2c24-5301-8d91-e6aa9dcfeadf,c9ef2dab-c18a-5c65-bdc7-b6b34f18356e,-31.37,USD,-31.37,,2025-07-24,71b656bc-548e-5020-b191-229e68650021,confirmed,,manual,{},CVS PHARMACY #6848,0.94,,2025-07-24T00:00:00
29aa1639-89b2-5242-b780-4f2802b55d00,fb1ad2c1-a5b0-5ae0-9d88-507024507a14,494fb35b-ea2e-5ea2-8e6a-da836c11e230,dac49113-c1bb-5b26-8af5-745de0febf46,f2a9ca2a-37af-503e-8036-0623ac1a9dbc,-11.19,USD,-11.19,,2025-07-24,d4c1f95d-47e8-52f6-8df9-eeb79b606fda,confirmed,,manual,{},APPLE.COM/BILL,0.99,,2025-07-24T00:00:00
81068934-c21b-5437-901b-1fa3c6eecd3a,fb1ad2c1-a5b0-5ae0-9d88-507024507a14,494fb35b-ea2e-5ea2-8e6a-da836c11e230,dac49113-c1bb-5b26-8af5-745de0febf46,f573b94f-d6d1-51c3-a8dd-9f4c61a57329,-126.93,USD,-126.93,,2025-07-24,bf16b8ec-849c-50c6-9240-c9ae62d9ba69,confirmed,,manual,{},VERIZON WIRELESS 1570,0.98,,2025-07-24T00:00:00
6149d800-f5a4-5ff3-99d8-eeef3e211984,fb1ad2c1-a5b0-5ae0-9d88-507024507a14,494fb35b-ea2e-5ea2-8e6a-da836c11e230,dac49113-c1bb-5b26-8af5-745de0febf46,d97309cb-eeb8-505a-9948-eec2d33394db,-200.12,USD,-200.12,,2025-07-25,ccb8e507-d6df-51d3-9c6b-2af43847184c,confirmed,,manual,{'recurring': True},HOME DEPOT #1424 PURCHASE,0.74,,2025-07-25T00:00:00
f085d7b5-5cf6-5187-a1a3-cf9939dcb7d3,fb1ad2c1-a5b0-5ae0-9d88-507024507a14,494fb35b-ea2e-5ea2-8e6a-da836c11e230,dac49113-c1bb-5b26-8af5-745de0febf46,d97309cb-eeb8-505a-9948-eec2d33394db,-72.05,USD,-72.05,,2025-07-25,ccb8e507-d6df-51d3-9c6b-2af43847184c,confirmed,,manual,{'recurring': True},HOME DEPOT #8406 PURCHASE,0.94,,2025-07-25T00:00:00
9c9d0d42-0cd5-5f2b-82ab-92fe27daa7f0,532788bd-1641-5dc9-b246-c4397ed4af60,859c8fb0-d2a2-5d68-ad57-6ad36dcbffcc,6a8ed953-2c24-5301-8d91-e6aa9dcfeadf,d97309cb-eeb8-505a-9948-eec2d33394db,-217.87,USD,-217.87,,2025-07-26,ccb8e507-d6df-51d3-9c6b-2af43847184c,confirmed,,plaid,{},HOME DEPOT #9335 PURCHASE,0.77,,2025-07-26T00:00:00
ef9f1ff3-85c4-530f-913b-e5af30dfc5c5,fb1ad2c1-a5b0-5ae0-9d88-507024507a14,494fb35b-ea2e-5ea2-8e6a-da836c11e230,dac49113-c1bb-5b26-8af5-745de0febf46,8989e0bc-e443-55e5-9e3f-e2a8f32ee6d7,-15.49,USD,-15.49,,2025-07-27,65728c1d-c5db-50c9-baf0-84bb2cf68d11,confirmed,,manual,{'recurring': True},NETFLIX.COM,0.86,,2025-07-27T00:00:00
b663fdf4-7061-5065-b780-0204f6a4a40f,fb1ad2c1-a5b0-5ae0-9d88-507024507a14,494fb35b-ea2e-5ea2-8e6a-da836c11e230,dac49113-c1bb-5b26-8af5-745de0febf46,4070c9b0-7b80-5ca4-9dcd-613c6df99208,-325.83,USD,-325.83,,2025-07-27,79c60cc2-48aa-5f74-8871-3cb616b26e25,confirmed,,manual,{},HILTON,0.79,,2025-07-27T00:00:00
e9d592ce-21ad-55ae-bc39-0f1acc6276b6,532788bd-1641-5dc9-b246-c4397ed4af60,859c8fb0-d2a2-5d68-ad57-6ad36dcbffcc,6a8ed953-2c24-5301-8d91-e6aa9dcfeadf,2b4a9416-2f9a-5c84-8a99-089c2a8da440,-138.19,USD,-138.19,,2025-07-28,2d123316-c022-5b31-8284-b23e61b8e6d0,confirmed,,manual,{},COMCAST 2330,0.93,,2025-07-28T00:00:00
4b4dc604-409d-56dd-977c-5decfcac1e9b,532788bd-1641-5dc9-b246-c4397ed4af60,c7c53ab9-c6fe-5a0b-b3a8-36f12237d898,6a8ed953-2c24-5301-8d91-e6aa9dcfeadf,bea56dd3-0d8f-5b9e-8688-1f2c3fcc2a11,-14.78,USD,-14.78,,2025-07-28,de3f2bc4-947e-5d7b-a51e-d6da6178c1df,confirmed,,manual,{},CHIPOTLE 5012 ,0.75,,2025-07-28T00:00:00
7622305e-71ba-548b-9f4b-94f3105b31f1,532788bd-1641-5dc9-b246-c4397ed4af60,859c8fb0-d2a2-5d68-ad57-6ad36dcbffcc,6a8ed953-2c24-5301-8d91-e6aa9dcfeadf,2d8b3f27-58fe-5583-8d7e-995c79ade98a,-50.54,USD,-50.54,,2025-07-28,83564403-ac9f-5db5-a4fb-344879db34db,confirmed,,manual,{'recurring': True},KROGER #6123,0.84,,2025-07-28T00:00:00
9214a355-9970-5649-9449-d4783c654764,fb1ad2c1-a5b0-5ae0-9d88-507024507a14,494fb35b-ea2e-5ea2-8e6a-da836c11e230,dac49113-c1bb-5b26-8af5-745de0febf46,b8eadc23-f654-5613-9f2a-cf111cf0ed88,-77.83,USD,-77.83,,2025-07-28,83564403-ac9f-5db5-a4fb-344879db34db,confirmed,,manual,{},TRADER JOE'S #1797,0.7,,2025-07-28T00:00:00
1b7fedc1-fdd1-5b38-85ed-39b6e534578b,fb1ad2c1-a5b0-5ae0-9d88-507024507a14,494fb35b-ea2e-5ea2-8e6a-da836c11e230,dac49113-c1bb-5b26-8af5-745de0febf46,16a24acb-ea67-57eb-a942-246e8cd94297,-11.99,USD,-11.99,,2025-07-28,b2297a61-f8d6-53cc-b11d-49ea16c81db3,draft,,manual,{},GOOGLE *YOUTUBE PREMIUM,1.0,,2025-07-28T00:00:00
f3fd3bea-0fe5-5928-a699-b78743701df2,fb1ad2c1-a5b0-5ae0-9d88-507024507a14,494fb35b-ea2e-5ea2-8e6a-da836c11e230,dac49113-c1bb-5b26-8af5-745de0febf46,d97309cb-eeb8-505a-9948-eec2d33394db,-157.52,USD,-157.52,,2025-07-28,ccb8e507-d6df-51d3-9c6b-2af43847184c,confirmed,,manual,{},HOME DEPOT #3245 PAYMENT,0.97,,2025-07-28T00:00:00
ce45ee77-d175-5854-8d80-954b7bd5b897,fb1ad2c1-a5b0-5ae0-9d88-507024507a14,494fb35b-ea2e-5ea2-8e6a-da836c11e230,dac49113-c1bb-5b26-8af5-745de0febf46,808b3755-614e-5b7e-ba90-ef88c5558ae5,-11.99,USD,-11.99,,2025-07-28,938be465-3e19-5055-b08e-939e392f553f,confirmed,,manual,{},LYFT,0.83,,2025-07-28T00:00:00
7d0a5b9b-071d-5fdf-afae-cb8ffc04a5b4,532788bd-1641-5dc9-b246-c4397ed4af60,859c8fb0-d2a2-5d68-ad57-6ad36dcbffcc,6a8ed953-2c24-5301-8d91-e6aa9dcfeadf,158297b6-5a99-547c-9a9d-4e9a859d9dab,-11.47,USD,-11.47,,2025-07-29,de3f2bc4-947e-5d7b-a51e-d6da6178c1df,confirmed,,plaid,{},STARBUCKS 8837 ,0.86,,2025-07-29T00:00:00
089ca514-524e-5655-a5bb-ee526383672c,fb1ad2c1-a5b0-5ae0-9d88-507024507a14,494fb35b-ea2e-5ea2-8e6a-da836c11e230,dac49113-c1bb-5b26-8af5-745de0febf46,b8eadc23-f654-5613-9f2a-cf111cf0ed88,-68.19,USD,-68.19,,2025-07-29,83564403-ac9f-5db5-a4fb-344879db34db,draft,,manual,{},TRADER JOE'S #1689,0.83,,2025-07-29T00:00:00
ed6987a0-c2f1-5672-8852-807e020cbda6,fb1ad2c1-a5b0-5ae0-9d88-507024507a14,de3e3182-4126-54b8-a5b3-1fbacfb03c9e,dac49113-c1bb-5b26-8af5-745de0febf46,d97309cb-eeb8-505a-9948-eec2d33394db,-130.97,USD,-130.97,,2025-07-29,bdba84aa-8286-5caf-8252-985e2f2f3c1a,confirmed,,manual,{'recurring': True},HOME DEPOT #4267 PAYMENT,0.73,,2025-07-29T00:00:00
a07fa0c1-2d8d-5281-8c46-a6d8af8b8bcb,532788bd-1641-5dc9-b246-c4397ed4af60,859c8fb0-d2a2-5d68-ad57-6ad36dcbffcc,6a8ed953-2c24-5301-8d91-e6aa9dcfeadf,d97309cb-eeb8-505a-9948-eec2d33394db,-281.17,USD,-281.17,,2025-07-30,bdba84aa-8286-5caf-8252-985e2f2f3c1a,confirmed,,manual,{'recurring': True},HOME DEPOT #9116 PURCHASE,0.7,,2025-07-30T00:00:00
6b25e3cb-22a5-524b-a7d1-d1d41f2c6d7c,532788bd-1641-5dc9-b246-c4397ed4af60,859c8fb0-d2a2-5d68-ad57-6ad36dcbffcc,6a8ed953-2c24-5301-8d91-e6aa9dcfeadf,41d50eda-694c-5967-8780-12cd00399dab,-4.91,USD,-4.91,,2025-07-31,5638caff-364a-55b0-9433-607e4844f64b,confirmed,,manual,{},DUNKIN',0.92,,2025-07-31T00:00:00
8ee87f05-ef91-55eb-bed1-ec4bb8f3dfcf,fb1ad2c1-a5b0-5ae0-9d88-507024507a14,de3e3182-4126-54b8-a5b3-1fbacfb03c9e,dac49113-c1bb-5b26-8af5-745de0febf46,68f0922a-39b9-507c-92a6-e2500de5f321,-31.84,USD,-31.84,,2025-07-31,83564403-ac9f-5db5-a4fb-344879db34db,draft,,manual,{},COSTCO WHSE #8319,0.87,,2025-07-31T00:00:00
8b228e4e-9215-5db0-84d9-288091827a58,fb1ad2c1-a5b0-5ae0-9d88-507024507a14,de3e3182-4126-54b8-a5b3-1fbacfb03c9e,dac49113-c1bb-5b26-8af5-745de0febf46,f2a9ca2a-37af-503e-8036-0623ac1a9dbc,-5.43,USD,-5.43,,2025-07-31,c163ef62-5201-5cb2-bf0d-781443a4e5aa,confirmed,,manual,{},APPLE.COM/BILL,0.94,,2025-07-31T00:00:00
c2b3c424-00d9-5526-96cf-c10553f2f64f,fb1ad2c1-a5b0-5ae0-9d88-507024507a14,de3e3182-4126-54b8-a5b3-1fbacfb03c9e,dac49113-c1bb-5b26-8af5-745de0febf46,a00cde6f-8b9f-5006-9541-fdeeb8008d4f,-107.47,USD,-107.47,,2025-07-31,af424ab5-dcc2-5aa4-802d-53e8e99d4579,confirmed,,plaid,{},AMZN MKTP US*2838,0.74,,2025-07-31T00:00:00
aed437eb-dee4-5c70-a724-13a4d1b8ef9f,fb1ad2c1-a5b0-5ae0-9d88-507024507a14,494fb35b-ea2e-5ea2-8e6a-da836c11e230,dac49113-c1bb-5b26-8af5-745de0febf46,d553f2a4-b2c8-570b-8de4-81fa86437869,-85.76,USD,-85.76,,2025-07-31,83564403-ac9f-5db5-a4fb-344879db34db,confirmed,,plaid,{},WAL-MART #8734,0.93,,2025-07-31T00:00:00
9cd3cb99-8fdd-5497-a0d7-aeee0c70a8ae,fb1ad2c1-a5b0-5ae0-9d88-507024507a14,494fb35b-ea2e-5ea2-8e6a-da836c11e230,dac49113-c1bb-5b26-8af5-745de0febf46,4070c9b0-7b80-5ca4-9dcd-613c6df99208,-341.75,USD,-341.75,,2025-08-01,79c60cc2-48aa-5f74-8871-3cb616b26e25,confirmed,,manual,{},HILTON,0.92,,2025-08-01T00:00:00
dc19a31e-6635-5efc-899c-e0efbd19a443,fb1ad2c1-a5b0-5ae0-9d88-507024507a14,494fb35b-ea2e-5ea2-8e6a-da836c11e230,dac49113-c1bb-5b26-8af5-745de0febf46,d97309cb-eeb8-505a-9948-eec2d33394db,-166.60,USD,-166.60,,2025-08-01,ccb8e507-d6df-51d3-9c6b-2af43847184c,confirmed,,plaid,{'recurring': True},HOME DEPOT #8546 PAYMENT,0.92,,2025-08-01T00:00:00
af9a7f1d-5991-5966-8aae-28dcbf79dfd1,fb1ad2c1-a5b0-5ae0-9d88-507024507a14,de3e3182-4126-54b8-a5b3-1fbacfb03c9e,dac49113-c1bb-5b26-8af5-745de0febf46,c9ef2dab-c18a-5c65-bdc7-b6b34f18356e,-25.21,USD,-25.21,,2025-08-01,f4256214-1f20-597d-abac-553feefc5cd8,draft,,plaid,{},CVS PHARMACY #5944,0.78,,2025-08-01T00:00:00
fbdb6c9a-fefc-592e-86c4-106b551f8389,532788bd-1641-5dc9-b246-c4397ed4af60,c7c53ab9-c6fe-5a0b-b3a8-36f12237d898,6a8ed953-2c24-5301-8d91-e6aa9dcfeadf,808b3755-614e-5b7e-ba90-ef88c5558ae5,-33.42,USD,-33.42,,2025-08-02,f43ab923-88d2-5d30-b514-e67d3c90367a,confirmed,,manual,{},LYFT,0.81,,2025-08-02T00:00:00
b13655a3-1224-5cd8-bb34-396c8afb685d,fb1ad2c1-a5b0-5ae0-9d88-507024507a14,494fb35b-ea2e-5ea2-8e6a-da836c11e230,dac49113-c1bb-5b26-8af5-745de0febf46,68f0922a-39b9-507c-92a6-e2500de5f321,-247.56,USD,-247.56,,2025-08-02,83564403-ac9f-5db5-a4fb-344879db34db,confirmed,,manual,{},COSTCO WHSE #7824,0.89,,2025-08-02T00:00:00
6cb5545c-c7cd-5cbd-ab7c-ef93a572f005,532788bd-1641-5dc9-b246-c4397ed4af60,859c8fb0-d2a2-5d68-ad57-6ad36dcbffcc,6a8ed953-2c24-5301-8d91-e6aa9dcfeadf,d97309cb-eeb8-505a-9948-eec2d33394db,-263.98,USD,-263.98,,2025-08-03,ccb8e507-d6df-51d3-9c6b-2af43847184c,confirmed,,manual,{},HOME DEPOT #8854 PURCHASE,0.97,,2025-08-03T00:00:00
88f81e17-d970-520b-86ba-31ef42604d2c,532788bd-1641-5dc9-b246-c4397ed4af60,c7c53ab9-c6fe-5a0b-b3a8-36f12237d898,6a8ed953-2c24-5301-8d91-e6aa9dcfeadf,16a24acb-ea67-57eb-a942-246e8cd94297,-11.99,USD,-11.99,,2025-08-03,8186f853-4ffe-5357-8ca5-adc11ba52b8a,confirmed,,manual,{},GOOGLE *YOUTUBE PREMIUM,0.94,,2025-08-03T00:00:00
a239ec5f-c794-5a04-86ab-4a622047d80a,532788bd-1641-5dc9-b246-c4397ed4af60,c7c53ab9-c6fe-5a0b-b3a8-36f12237d898,6a8ed953-2c24-5301-8d91-e6aa9dcfeadf,68f0922a-39b9-507c-92a6-e2500de5f321,-130.09,USD,-130.09,,2025-08-03,83564403-ac9f-5db5-a4fb-344879db34db,confirmed,,manual,{},COSTCO WHSE #4625,0.76,,2025-08-03T00:00:00
4445f8e6-7a42-5ee5-a500-d107869bc9e1,532788bd-1641-5dc9-b246-c4397ed4af60,859c8fb0-d2a2-5d68-ad57-6ad36dcbffcc,6a8ed953-2c24-5301-8d91-e6aa9dcfeadf,c9ef2dab-c18a-5c65-bdc7-b6b34f18356e,-19.43,USD,-19.43,,2025-08-03,78973b8a-ca75-5365-a413-1efb5fe538d0,confirmed,,manual,{},CVS PHARMACY #3474,0.89,,2025-08-03T00:00:00
91d20890-85bd-5892-81ff-91714439432c,fb1ad2c1-a5b0-5ae0-9d88-507024507a14,de3e3182-4126-54b8-a5b3-1fbacfb03c9e,dac49113-c1bb-5b26-8af5-745de0febf46,41d50eda-694c-5967-8780-12cd00399dab,-3.08,USD,-3.08,,2025-08-03,fa112a1b-3269-5304-b7dc-1ef8de5dddc0,confirmed,,manual,{'recurring': True},DUNKIN',0.97,,2025-08-03T00:00:00
6363f7fe-f548-5670-aaa3-c83d1deec1f3,fb1ad2c1-a5b0-5ae0-9d88-507024507a14,494fb35b-ea2e-5ea2-8e6a-da836c11e230,dac49113-c1bb-5b26-8af5-745de0febf46,b8eadc23-f654-5613-9f2a-cf111cf0ed88,-44.83,USD,-44.83,,2025-08-03,83564403-ac9f-5db5-a4fb-344879db34db,confirmed,,manual,{},TRADER JOE'S #5914,0.81,,2025-08-03T00:00:00
bc3dcfab-c288-5e9f-a118-1c78d55b7ee2,532788bd-1641-5dc9-b246-c4397ed4af60,859c8fb0-d2a2-5d68-ad57-6ad36dcbffcc,6a8ed953-2c24-5301-8d91-e6aa9dcfeadf,158297b6-5a99-547c-9a9d-4e9a859d9dab,-13.74,USD,-13.74,,2025-08-04,de3f2bc4-947e-5d7b-a51e-d6da6178c1df,confirmed,,manual,{},STARBUCKS 4463 ,0.78,,2025-08-04T00:00:00
7afdb502-c719-5e79-853c-dd51573cd75a,532788bd-1641-5dc9-b246-c4397ed4af60,859c8fb0-d2a2-5d68-ad57-6ad36dcbffcc,6a8ed953-2c24-5301-8d91-e6aa9dcfeadf,d553f2a4-b2c8-570b-8de4-81fa86437869,-51.90,USD,-51.90,,2025-08-04,83564403-ac9f-5db5-a4fb-344879db34db,confirmed,,plaid,{},WALMART 9856 PAYMENT,0.91,,2025-08-04T00:00:00
fa1a8da0-d978-5b60-9aa9-c6a8a16b0086,fb1ad2c1-a5b0-5ae0-9d88-507024507a14,de3e3182-4126-54b8-a5b3-1fbacfb03c9e,dac49113-c1bb-5b26-8af5-745de0febf46,d97309cb-eeb8-505a-9948-eec2d33394db,-39.42,USD,-39.42,,2025-08-04,ccb8e507-d6df-51d3-9c6b-2af43847184c,confirmed,,manual,{},HOME DEPOT #2204 DEBIT,0.89,,2025-08-04T00:00:00
7d9c6d7b-8c4f-57ff-8cf2-3b1cbc83ca62,fb1ad2c1-a5b0-5ae0-9d88-507024507a14,de3e3182-4126-54b8-a5b3-1fbacfb03c9e,dac49113-c1bb-5b26-8af5-745de0febf46,d97309cb-eeb8-505a-9948-eec2d33394db,-141.75,USD,-141.75,,2025-08-04,ccb8e507-d6df-51d3-9c6b-2af43847184c,confirmed,,manual,{},HOME DEPOT #3170 DEBIT,0.85,,2025-08-04T00:00:00
27496cf3-d567-5a01-8130-4c09860ac4a4,532788bd-1641-5dc9-b246-c4397ed4af60,859c8fb0-d2a2-5d68-ad57-6ad36dcbffcc,6a8ed953-2c24-5301-8d91-e6aa9dcfeadf,4af9f4ae-4781-5cb6-8281-5c9f09d25ac0,-72.92,USD,-72.92,,2025-08-05,c163ef62-5201-5cb2-bf0d-781443a4e5aa,confirmed,,manual,{},TARGET 3777 PURCHASE,0.72,,2025-08-05T00:00:00
714043c7-a393-5b88-975d-a15c64700ed9,532788bd-1641-5dc9-b246-c4397ed4af60,c7c53ab9-c6fe-5a0b-b3a8-36f12237d898,6a8ed953-2c24-5301-8d91-e6aa9dcfeadf,1796e996-84d5-5ef5-a717-a953e2e49c08,-194.41,USD,-194.41,,2025-08-06,79c60cc2-48aa-5f74-8871-3cb616b26e25,confirmed,,manual,{'recurring': True},MARRIOTT,0.93,,2025-08-06T00:00:00
0d60e99b-008b-5e3c-8c14-9bd71d03d37a,fb1ad2c1-a5b0-5ae0-9d88-507024507a14,494fb35b-ea2e-5ea2-8e6a-da836c11e230,dac49113-c1bb-5b26-8af5-745de0febf46,2d8b3f27-58fe-5583-8d7e-995c79ade98a,-31.98,USD,-31.98,,2025-08-06,83564403-ac9f-5db5-a4fb-344879db34db,confirmed,,manual,{'recurring': True},KROGER #8563,0.72,,2025-08-06T00:00:00
7c0cf4b2-e002-5a19-8b75-a17b61bd63dd,532788bd-1641-5dc9-b246-c4397ed4af60,859c8fb0-d2a2-5d68-ad57-6ad36dcbffcc,6a8ed953-2c24-5301-8d91-e6aa9dcfeadf,d97309cb-eeb8-505a-9948-eec2d33394db,-239.89,USD,-239.89,,2025-08-07,ccb8e507-d6df-51d3-9c6b-2af43847184c,confirmed,,manual,{},HOME DEPOT #8851 ,0.94,,2025-08-07T00:00:00
0a2a107e-1798-531c-8da2-8229600b97c0,fb1ad2c1-a5b0-5ae0-9d88-507024507a14,494fb35b-ea2e-5ea2-8e6a-da836c11e230,dac49113-c1bb-5b26-8af5-745de0febf46,d97309cb-eeb8-505a-9948-eec2d33394db,-277.36,USD,-277.36,,2025-08-07,ccb8e507-d6df-51d3-9c6b-2af43847184c,confirmed,,manual,{},HOME DEPOT #3321 PAYMENT,0.86,,2025-08-07T00:00:00
533e52b9-fcdc-51a5-9461-a6e3813b55fa,532788bd-1641-5dc9-b246-c4397ed4af60,859c8fb0-d2a2-5d68-ad57-6ad36dcbffcc,6a8ed953-2c24-5301-8d91-e6aa9dcfeadf,4af9f4ae-4781-5cb6-8281-5c9f09d25ac0,-66.76,USD,-66.76,,2025-08-08,c163ef62-5201-5cb2-bf0d-781443a4e5aa,confirmed,,manual,{},TARGET 7985 ,0.76,,2025-08-08T00:00:00
3181f8e3-1f3d-51e9-9320-261b6723271a,532788bd-1641-5dc9-b246-c4397ed4af60,859c8fb0-d2a2-5d68-ad57-6ad36dcbffcc,6a8ed953-2c24-5301-8d91-e6aa9dcfeadf,d97309cb-eeb8-505a-9948-eec2d33394db,-229.41,USD,-229.41,,2025-08-09,ccb8e507-d6df-51d3-9c6b-2af43847184c,confirmed,,plaid,{},HOME DEPOT #9796 PURCHASE,0.78,,2025-08-09T00:00:00
bb59d779-85ba-548a-8f5e-32184e686732,532788bd-1641-5dc9-b246-c4397ed4af60,c7c53ab9-c6fe-5a0b-b3a8-36f12237d898,6a8ed953-2c24-5301-8d91-e6aa9dcfeadf,2b4a9416-2f9a-5c84-8a99-089c2a8da440,-119.03,USD,-119.03,,2025-08-09,7c8fb462-7d13-54a2-8a1d-9974bce7d252,confirmed,,manual,{'recurring': True},COMCAST 8501,0.88,,2025-08-09T00:00:00
76f19521-76cb-5a27-8a6f-da01df5a8af8,fb1ad2c1-a5b0-5ae0-9d88-507024507a14,de3e3182-4126-54b8-a5b3-1fbacfb03c9e,dac49113-c1bb-5b26-8af5-745de0febf46,d97309cb-eeb8-505a-9948-eec2d33394db,-160.59,USD,-160.59,,2025-08-09,ccb8e507-d6df-51d3-9c6b-2af43847184c,confirmed,,plaid,{},HOME DEPOT #7286 ,0.85,,2025-08-09T00:00:00
c72be0f6-29a2-5c39-87e9-9bdd277c779a,fb1ad2c1-a5b0-5ae0-9d88-507024507a14,de3e3182-4126-54b8-a5b3-1fbacfb03c9e,dac49113-c1bb-5b26-8af5-745de0febf46,d97309cb-eeb8-505a-9948-eec2d33394db,-98.25,USD,-98.25,,2025-08-09,ccb8e507-d6df-51d3-9c6b-2af43847184c,confirmed,,manual,{},HOME DEPOT #9808 PAYMENT,0.93,,2025-08-09T00:00:00
0d688e00-bba4-55d3-b75d-5076ea286b4b,532788bd-1641-5dc9-b246-c4397ed4af60,859c8fb0-d2a2-5d68-ad57-6ad36dcbffcc,6a8ed953-2c24-5301-8d91-e6aa9dcfeadf,bbc36a1d-bf0a-5d6c-ae4f-ff309f63cf39,-323.73,USD,-323.73,,2025-08-10,12915486-2f7b-557e-9d40-6d2f4442ed6d,confirmed,,plaid,{'recurring': True},BEST BUY,0.87,,2025-08-10T00:00:00
e322219f-1706-5fb4-8669-13c53194d0ba,532788bd-1641-5dc9-b246-c4397ed4af60,859c8fb0-d2a2-5d68-ad57-6ad36dcbffcc,6a8ed953-2c24-5301-8d91-e6aa9dcfeadf,d553f2a4-b2c8-570b-8de4-81fa86437869,-98.71,USD,-98.71,,2025-08-10,83564403-ac9f-5db5-a4fb-344879db34db,confirmed,,manual,{},WALMART 9447 PAYMENT,0.85,,2025-08-10T00:00:00
74e92c41-af34-5eee-8538-a92515e1e1ee,fb1ad2c1-a5b0-5ae0-9d88-507024507a14,de3e3182-4126-54b8-a5b3-1fbacfb03c9e,dac49113-c1bb-5b26-8af5-745de0febf46,d97309cb-eeb8-505a-9948-eec2d33394db,-257.28,USD,-257.28,,2025-08-10,bdba84aa-8286-5caf-8252-985e2f2f3c1a,confirmed,,manual,{'recurring': True},HOME DEPOT #8039 PURCHASE,0.8,,2025-08-10T00:00:00
e5736144-2fd2-5baf-aae0-88a888783d56,532788bd-1641-5dc9-b246-c4397ed4af60,859c8fb0-d2a2-5d68-ad57-6ad36dcbffcc,6a8ed953-2c24-5301-8d91-e6aa9dcfeadf,d97309cb-eeb8-505a-9948-eec2d33394db,-19.64,USD,-19.64,,2025-08-11,ccb8e507-d6df-51d3-9c6b-2af43847184c,draft,,manual,{},HOME DEPOT #8479 DEBIT,0.91,,2025-08-11T00:00:00
7daef2e2-a824-599e-95ff-feab2dd67d53,fb1ad2c1-a5b0-5ae0-9d88-507024507a14,de3e3182-4126-54b8-a5b3-1fbacfb03c9e,dac49113-c1bb-5b26-8af5-745de0febf46,7d5663eb-5e52-5077-9815-788af0c1bfc3,-10.19,USD,-10.19,,2025-08-11,fa112a1b-3269-5304-b7dc-1ef8de5dddc0,confirmed,,manual,{},MCDONALD'S #1132,0.84,,2025-08-11T00:00:00
6e5514cd-3522-51f9-83c6-34843e6cca25,fb1ad2c1-a5b0-5ae0-9d88-507024507a14,494fb35b-ea2e-5ea2-8e6a-da836c11e230,dac49113-c1bb-5b26-8af5-745de0febf46,4af9f4ae-4781-5cb6-8281-5c9f09d25ac0,-17.53,USD,-17.53,,2025-08-11,bcbbc4c0-8642-5b1f-ad56-562045f80345,confirmed,,plaid,{'recurring': True},TARGET 8210 PAYMENT,0.88,,2025-08-11T00:00:00
13af35fd-d031-5b6b-a15e-dfe0df286830,fb1ad2c1-a5b0-5ae0-9d88-507024507a14,494fb35b-ea2e-5ea2-8e6a-da836c11e230,dac49113-c1bb-5b26-8af5-745de0febf46,d97309cb-eeb8-505a-9948-eec2d33394db,-237.01,USD,-237.01,,2025-08-11,ccb8e507-d6df-51d3-9c6b-2af43847184c,confirmed,,manual,{},HOME DEPOT #4366 PURCHASE,0.94,,2025-08-11T00:00:00
e2f0190a-80b3-5d7d-99b7-4f515d67911c,532788bd-1641-5dc9-b246-c4397ed4af60,c7c53ab9-c6fe-5a0b-b3a8-36f12237d898,6a8ed953-2c24-5301-8d91-e6aa9dcfeadf,d97309cb-eeb8-505a-9948-eec2d33394db,-296.26,USD,-296.26,,2025-08-12,bdba84aa-8286-5caf-8252-985e2f2f3c1a,confirmed,,plaid,{},HOME DEPOT #7337 ,0.99,,2025-08-12T00:00:00
16136240-0f9a-53ac-b5f8-ebb0a504abef,fb1ad2c1-a5b0-5ae0-9d88-507024507a14,de3e3182-4126-54b8-a5b3-1fbacfb03c9e,dac49113-c1bb-5b26-8af5-745de0febf46,d97309cb-eeb8-505a-9948-eec2d33394db,-285.37,USD,-285.37,,2025-08-12,ccb8e507-d6df-51d3-9c6b-2af43847184c,confirmed,,manual,{},HOME DEPOT #9209 ,0.86,,2025-08-12T00:00:00
881f9beb-7160-565c-a825-1e573a752f5a,fb1ad2c1-a5b0-5ae0-9d88-507024507a14,494fb35b-ea2e-5ea2-8e6a-da836c11e230,dac49113-c1bb-5b26-8af5-745de0febf46,2d8b3f27-58fe-5583-8d7e-995c79ade98a,-93.28,USD,-93.28,,2025-08-12,83564403-ac9f-5db5-a4fb-344879db34db,confirmed,,manual,{},KROGER #7401,0.95,,2025-08-12T00:00:00
451d00eb-7896-57de-84a7-145d2153cc24,532788bd-1641-5dc9-b246-c4397ed4af60,c7c53ab9-c6fe-5a0b-b3a8-36f12237d898,6a8ed953-2c24-5301-8d91-e6aa9dcfeadf,d97309cb-eeb8-505a-9948-eec2d33394db,-164.06,USD,-164.06,,2025-08-13,ccb8e507-d6df-51d3-9c6b-2af43847184c,confirmed,,manual,{},HOME DEPOT #7092 PURCHASE,0.74,,2025-08-13T00:00:00
68af1b8c-023b-5f4d-a703-f21e9db2b3aa,532788bd-1641-5dc9-b246-c4397ed4af60,859c8fb0-d2a2-5d68-ad57-6ad36dcbffcc,6a8ed953-2c24-5301-8d91-e6aa9dcfeadf,bea56dd3-0d8f-5b9e-8688-1f2c3fcc2a11,-15.41,USD,-15.41,,2025-08-13,6beed52e-4ccd-593d-890d-ce94bd2b2745,confirmed,,plaid,{},CHIPOTLE 8457 PAYMENT,0.78,,2025-08-13T00:00:00
a9323f9b-3ddf-58e0-9e18-1c01073d571b,fb1ad2c1-a5b0-5ae0-9d88-507024507a14,494fb35b-ea2e-5ea2-8e6a-da836c11e230,dac49113-c1bb-5b26-8af5-745de0febf46,234091f8-66bb-5bb3-84d3-5acfb26b89bb,-15.14,USD,-15.14,,2025-08-13,51fda6e9-fdf8-5107-ac9c-83867d45beb7,confirmed,,manual,{},UBER *TRIP 2129,0.87,,2025-08-13T00:00:00
772b547a-fa73-5945-aae8-d95b30053503,fb1ad2c1-a5b0-5ae0-9d88-507024507a14,494fb35b-ea2e-5ea2-8e6a-da836c11e230,dac49113-c1bb-5b26-8af5-745de0febf46,234091f8-66bb-5bb3-84d3-5acfb26b89bb,-31.44,USD,-31.44,,2025-08-14,faa9d7bb-1220-5a93-8675-adf7fee33a10,confirmed,,manual,{},UBER *TRIP 1104,0.91,,2025-08-14T00:00:00
c0fcfbf3-85c9-577b-9a39-e0230e4baec3,532788bd-1641-5dc9-b246-c4397ed4af60,859c8fb0-d2a2-5d68-ad57-6ad36dcbffcc,6a8ed953-2c24-5301-8d91-e6aa9dcfeadf,68f0922a-39b9-507c-92a6-e2500de5f321,-173.05,USD,-173.05,,2025-08-15,83564403-ac9f-5db5-a4fb-344879db34db,draft,,plaid,{},COSTCO WHSE #9061,0.73,,2025-08-15T00:00:00
7f47bad5-a989-5a86-8b2a-27003b320b8a,532788bd-1641-5dc9-b246-c4397ed4af60,859c8fb0-d2a2-5d68-ad57-6ad36dcbffcc,6a8ed953-2c24-5301-8d91-e6aa9dcfeadf,808b3755-614e-5b7e-ba90-ef88c5558ae5,-20.38,USD,-20.38,,2025-08-15,938be465-3e19-5055-b08e-939e392f553f,confirmed,,manual,{},LYFT,0.87,,2025-08-15T00:00:00
3f8e6144-3dc8-5066-ab5d-e175fed01061,fb1ad2c1-a5b0-5ae0-9d88-507024507a14,de3e3182-4126-54b8-a5b3-1fbacfb03c9e,dac49113-c1bb-5b26-8af5-745de0febf46,d97309cb-eeb8-505a-9948-eec2d33394db,-214.71,USD,-214.71,,2025-08-15,ccb8e507-d6df-51d3-9c6b-2af43847184c,confirmed,,plaid,{},HOME DEPOT #8417 PAYMENT,0.93,,2025-08-15T00:00:00
19df4be8-c6bf-591e-be7c-506338a4b5d9,fb1ad2c1-a5b0-5ae0-9d88-507024507a14,494fb35b-ea2e-5ea2-8e6a-da836c11e230,dac49113-c1bb-5b26-8af5-745de0febf46,8b093965-626b-562e-ba34-3a2ae16c7328,-36.44,USD,-36.44,,2025-08-15,8d5d7df5-91ea-5998-8eea-33179599a118,confirmed,,manual,{},PLANET FITNESS,0.91,,2025-08-15T00:00:00
ee732e32-f8d4-5315-bec8-5139e3593a38,532788bd-1641-5dc9-b246-c4397ed4af60,859c8fb0-d2a2-5d68-ad57-6ad36dcbffcc,6a8ed953-2c24-5301-8d91-e6aa9dcfeadf,d97309cb-eeb8-505a-9948-eec2d33394db,-173.45,USD,-173.45,,2025-08-16,bdba84aa-8286-5caf-8252-985e2f2f3c1a,confirmed,,plaid,{},HOME DEPOT #8570 DEBIT,0.72,,2025-08-16T00:00:00
663a9254-edf1-5555-94f9-03ec74b9e212,532788bd-1641-5dc9-b246-c4397ed4af60,c7c53ab9-c6fe-5a0b-b3a8-36f12237d898,6a8ed953-2c24-5301-8d91-e6aa9dcfeadf,d97309cb-eeb8-505a-9948-eec2d33394db,-180.96,USD,-180.96,,2025-08-16,ccb8e507-d6df-51d3-9c6b-2af43847184c,confirmed,,manual,{'recurring': True},HOME DEPOT #1357 DEBIT,0.73,,2025-08-16T00:00:00
cdb87331-1d10-5ec7-9926-99d1a6fd8adf,fb1ad2c1-a5b0-5ae0-9d88-507024507a14,de3e3182-4126-54b8-a5b3-1fbacfb03c9e,dac49113-c1bb-5b26-8af5-745de0febf46,4070c9b0-7b80-5ca4-9dcd-613c6df99208,-219.63,USD,-219.63,,2025-08-16,79c60cc2-48aa-5f74-8871-3cb616b26e25,confirmed,,manual,{},HILTON,0.76,,2025-08-16T00:00:00
686a3979-433e-5404-91b4-bc5e28a95fe1,fb1ad2c1-a5b0-5ae0-9d88-507024507a14,494fb35b-ea2e-5ea2-8e6a-da836c11e230,dac49113-c1bb-5b26-8af5-745de0febf46,a00cde6f-8b9f-5006-9541-fdeeb8008d4f,-124.75,USD,-124.75,,2025-08-16,aee92619-ae79-565c-a988-70e59f94bc78,confirmed,,manual,{},Amazon.com 9173 ,0.78,,2025-08-16T00:00:00
17756fb6-df68-5954-afa4-4dd0ae49eb2a,fb1ad2c1-a5b0-5ae0-9d88-507024507a14,494fb35b-ea2e-5ea2-8e6a-da836c11e230,dac49113-c1bb-5b26-8af5-745de0febf46,1796e996-84d5-5ef5-a717-a953e2e49c08,-217.61,USD,-217.61,,2025-08-16,b7ec2236-fab9-5f74-9e59-c0476c5dccf2,confirmed,,manual,{'recurring': True},MARRIOTT,0.93,,2025-08-16T00:00:00
9afea0d5-1ef6-5951-bbce-28528888cf97,fb1ad2c1-a5b0-5ae0-9d88-507024507a14,494fb35b-ea2e-5ea2-8e6a-da836c11e230,dac49113-c1bb-5b26-8af5-745de0febf46,d97309cb-eeb8-505a-9948-eec2d33394db,-167.10,USD,-167.10,,2025-08-17,ccb8e507-d6df-51d3-9c6b-2af43847184c,confirmed,,plaid,{},HOME DEPOT #7363 PAYMENT,0.88,,2025-08-17T00:00:00
6b242311-5aea-5550-aba1-0d7e6cd25298,532788bd-1641-5dc9-b246-c4397ed4af60,c7c53ab9-c6fe-5a0b-b3a8-36f12237d898,6a8ed953-2c24-5301-8d91-e6aa9dcfeadf,4070c9b0-7b80-5ca4-9dcd-613c6df99208,-338.12,USD,-338.12,,2025-08-18,b7ec2236-fab9-5f74-9e59-c0476c5dccf2,confirmed,,manual,{},HILTON,0.77,,2025-08-18T00:00:00
35980849-7d73-56d0-a3eb-0ed8cb0b8f38,532788bd-1641-5dc9-b246-c4397ed4af60,c7c53ab9-c6fe-5a0b-b3a8-36f12237d898,6a8ed953-2c24-5301-8d91-e6aa9dcfeadf,d97309cb-eeb8-505a-9948-eec2d33394db,-244.84,USD,-244.84,,2025-08-18,bdba84aa-8286-5caf-8252-985e2f2f3c1a,confirmed,,plaid,{},HOME DEPOT #6301 DEBIT,0.95,,2025-08-18T00:00:00
7c15946e-740d-5a09-8ad7-380faade8554,fb1ad2c1-a5b0-5ae0-9d88-507024507a14,de3e3182-4126-54b8-a5b3-1fbacfb03c9e,dac49113-c1bb-5b26-8af5-745de0febf46,78bab17d-4ce4-5345-97e7-6969d2e7a5e9,-368.76,USD,-368.76,,2025-08-18,79c60cc2-48aa-5f74-8871-3cb616b26e25,confirmed,,manual,{},DELTA AIR LINES 3580,0.75,,2025-08-18T00:00:00
b63bc5a8-5e48-55f9-95b7-ce8113b9868d,532788bd-1641-5dc9-b246-c4397ed4af60,c7c53ab9-c6fe-5a0b-b3a8-36f12237d898,6a8ed953-2c24-5301-8d91-e6aa9dcfeadf,808b3755-614e-5b7e-ba90-ef88c5558ae5,-27.82,USD,-27.82,,2025-08-19,f43ab923-88d2-5d30-b514-e67d3c90367a,confirmed,,manual,{'recurring': True},LYFT,0.98,,2025-08-19T00:00:00
7374710d-52db-5e2f-8b7f-52665a3f0bb0,532788bd-1641-5dc9-b246-c4397ed4af60,c7c53ab9-c6fe-5a0b-b3a8-36f12237d898,6a8ed953-2c24-5301-8d91-e6aa9dcfeadf,a00cde6f-8b9f-5006-9541-fdeeb8008d4f,-40.51,USD,-40.51,,2025-08-19,c163ef62-5201-5cb2-bf0d-781443a4e5aa,confirmed,,manual,{},AMZN MKTP US*2705,0.99,,2025-08-19T00:00:00
d091e14f-c2ca-5ad6-b541-4edc22dab481,532788bd-1641-5dc9-b246-c4397ed4af60,859c8fb0-d2a2-5d68-ad57-6ad36dcbffcc,6a8ed953-2c24-5301-8d91-e6aa9dcfeadf,a00cde6f-8b9f-5006-9541-fdeeb8008d4f,-145.48,USD,-145.48,,2025-08-19,ba8264d5-be92-573d-bee0-fc77ba1eba53,draft,,manual,{},Amazon.com 8179 ,0.81,,2025-08-19T00:00:00
9f7daa0d-6c3b-5059-b64e-fe2b246a3c3d,fb1ad2c1-a5b0-5ae0-9d88-507024507a14,494fb35b-ea2e-5ea2-8e6a-da836c11e230,dac49113-c1bb-5b26-8af5-745de0febf46,d97309cb-eeb8-505a-9948-eec2d33394db,-36.15,USD,-36.15,,2025-08-19,ccb8e507-d6df-51d3-9c6b-2af43847184c,confirmed,,manual,{},HOME DEPOT #3636 DEBIT,1.0,,2025-08-19T00:00:00
9025f501-8de3-586d-89da-f501e1926da5,fb1ad2c1-a5b0-5ae0-9d88-507024507a14,de3e3182-4126-54b8-a5b3-1fbacfb03c9e,dac49113-c1bb-5b26-8af5-745de0febf46,d97309cb-eeb8-505a-9948-eec2d33394db,-131.64,USD,-131.64,,2025-08-20,ccb8e507-d6df-51d3-9c6b-2af43847184c,confirmed,,manual,{},HOME DEPOT #5872 PURCHASE,0.95,,2025-08-20T00:00:00
633bca13-ae35-5ecb-93e3-693a0dd7f993,532788bd-1641-5dc9-b246-c4397ed4af60,c7c53ab9-c6fe-5a0b-b3a8-36f12237d898,6a8ed953-2c24-5301-8d91-e6aa9dcfeadf,5813fb16-6db8-5fd5-9486-97b3414b3ad6,-108.55,USD,-108.55,,2025-08-21,83564403-ac9f-5db5-a4fb-344879db34db,confirmed,,manual,{},WHOLE FOODS 8303 DEBIT,0.95,,2025-08-21T00:00:00
303bc612-a3ff-540e-b708-983e84d4b5ae,fb1ad2c1-a5b0-5ae0-9d88-507024507a14,494fb35b-ea2e-5ea2-8e6a-da836c11e230,dac49113-c1bb-5b26-8af5-745de0febf46,d97309cb-eeb8-505a-9948-eec2d33394db,-291.65,USD,-291.65,,2025-08-21,ccb8e507-d6df-51d3-9c6b-2af43847184c,draft,,manual,{},HOME DEPOT #7342 ,0.77,,2025-08-21T00:00:00
54a93505-e741-5567-8b72-0d49b784ab6d,532788bd-1641-5dc9-b246-c4397ed4af60,c7c53ab9-c6fe-5a0b-b3a8-36f12237d898,6a8ed953-2c24-5301-8d91-e6aa9dcfeadf,1796e996-84d5-5ef5-a717-a953e2e49c08,-289.09,USD,-289.09,,2025-08-22,79c60cc2-48aa-5f74-8871-3cb616b26e25,confirmed,,manual,{},MARRIOTT,0.89,,2025-08-22T00:00:00
494075b8-0da4-57b1-9bab-6f2aaea5ec3f,532788bd-1641-5dc9-b246-c4397ed4af60,c7c53ab9-c6fe-5a0b-b3a8-36f12237d898,6a8ed953-2c24-5301-8d91-e6aa9dcfeadf,4070c9b0-7b80-5ca4-9dcd-613c6df99208,-299.30,USD,-299.30,,2025-08-23,7dc4d185-914f-5736-9f4d-8756e08d9766,confirmed,,manual,{},HILTON,0.85,,2025-08-23T00:00:00
21d59307-2e5e-51c6-ad40-9a8a13fbd111,532788bd-1641-5dc9-b246-c4397ed4af60,c7c53ab9-c6fe-5a0b-b3a8-36f12237d898,6a8ed953-2c24-5301-8d91-e6aa9dcfeadf,d97309cb-eeb8-505a-9948-eec2d33394db,-26.05,USD,-26.05,,2025-08-23,ccb8e507-d6df-51d3-9c6b-2af43847184c,confirmed,,manual,{},HOME DEPOT #1807 ,0.95,,2025-08-23T00:00:00
68b6ff53-d811-5218-afda-c59353fc933d,fb1ad2c1-a5b0-5ae0-9d88-507024507a14,de3e3182-4126-54b8-a5b3-1fbacfb03c9e,dac49113-c1bb-5b26-8af5-745de0febf46,d97309cb-eeb8-505a-9948-eec2d33394db,-103.67,USD,-103.67,,2025-08-23,077786c2-88f8-517e-9a65-266b802523c4,confirmed,,plaid,{'recurring': True},HOME DEPOT #9589 DEBIT,0.77,,2025-08-23T00:00:00
dd6853c2-1d41-5f1e-812d-53b34eac3e0d,fb1ad2c1-a5b0-5ae0-9d88-507024507a14,de3e3182-4126-54b8-a5b3-1fbacfb03c9e,dac49113-c1bb-5b26-8af5-745de0febf46,8b093965-626b-562e-ba34-3a2ae16c7328,-19.12,USD,-19.12,,2025-08-23,8d5d7df5-91ea-5998-8eea-33179599a118,confirmed,,plaid,{'recurring': True},PLANET FITNESS,0.89,,2025-08-23T00:00:00
bdaf16ac-5df7-5a92-a183-c35b8a9eb1dd,532788bd-1641-5dc9-b246-c4397ed4af60,859c8fb0-d2a2-5d68-ad57-6ad36dcbffcc,6a8ed953-2c24-5301-8d91-e6aa9dcfeadf,8989e0bc-e443-55e5-9e3f-e2a8f32ee6d7,-15.49,USD,-15.49,,2025-08-24,b2297a61-f8d6-53cc-b11d-49ea16c81db3,confirmed,,manual,{},NETFLIX.COM,0.91,,2025-08-24T00:00:00
5e313ff9-93aa-55c2-b4d1-09c811d6c92e,fb1ad2c1-a5b0-5ae0-9d88-507024507a14,de3e3182-4126-54b8-a5b3-1fbacfb03c9e,dac49113-c1bb-5b26-8af5-745de0febf46,bea56dd3-0d8f-5b9e-8688-1f2c3fcc2a11,-15.09,USD,-15.09,,2025-08-24,fa112a1b-3269-5304-b7dc-1ef8de5dddc0,confirmed,,manual,{},CHIPOTLE 1120 PAYMENT,0.73,,2025-08-24T00:00:00
2edd0fd4-3083-53c6-9abc-efe36e6bbca5,fb1ad2c1-a5b0-5ae0-9d88-507024507a14,de3e3182-4126-54b8-a5b3-1fbacfb03c9e,dac49113-c1bb-5b26-8af5-745de0febf46,b7475634-9a3f-5b47-9978-5578a1ceb107,-79.67,USD,-79.67,,2025-08-24,af424ab5-dcc2-5aa4-802d-53e8e99d4579,confirmed,,manual,{},MACY'S,1.0,,2025-08-24T00:00:00
002134c7-9762-5486-b69f-12a3a7326717,532788bd-1641-5dc9-b246-c4397ed4af60,859c8fb0-d2a2-5d68-ad57-6ad36dcbffcc,6a8ed953-2c24-5301-8d91-e6aa9dcfeadf,bea56dd3-0d8f-5b9e-8688-1f2c3fcc2a11,-13.57,USD,-13.57,,2025-08-25,5638caff-364a-55b0-9433-607e4844f64b,confirmed,,manual,{},CHIPOTLE 5813 DEBIT,0.87,,2025-08-25T00:00:00
6648704a-74c0-5f14-bde8-b8daa6428190,532788bd-1641-5dc9-b246-c4397ed4af60,c7c53ab9-c6fe-5a0b-b3a8-36f12237d898,6a8ed953-2c24-5301-8d91-e6aa9dcfeadf,b7475634-9a3f-5b47-9978-5578a1ceb107,-105.49,USD,-105.49,,2025-08-26,bcbbc4c0-8642-5b1f-ad56-562045f80345,confirmed,,manual,{},MACY'S,0.89,,2025-08-26T00:00:00
2c8f62a3-82d1-5ac1-8382-82f1a6787524,532788bd-1641-5dc9-b246-c4397ed4af60,c7c53ab9-c6fe-5a0b-b3a8-36f12237d898,6a8ed953-2c24-5301-8d91-e6aa9dcfeadf,158297b6-5a99-547c-9a9d-4e9a859d9dab,-13.41,USD,-13.41,,2025-08-26,fa112a1b-3269-5304-b7dc-1ef8de5dddc0,confirmed,,plaid,{},STARBUCKS 7768 DEBIT,0.76,,2025-08-26T00:00:00
4bfdbd97-e71a-533a-844c-dfbd3ff7f092,fb1ad2c1-a5b0-5ae0-9d88-507024507a14,de3e3182-4126-54b8-a5b3-1fbacfb03c9e,dac49113-c1bb-5b26-8af5-745de0febf46,d97309cb-eeb8-505a-9948-eec2d33394db,-285.77,USD,-285.77,,2025-08-26,ccb8e507-d6df-51d3-9c6b-2af43847184c,confirmed,,plaid,{},HOME DEPOT #1293 DEBIT,0.96,,2025-08-26T00:00:00
ba8a9692-7c48-59b5-b1a6-627d148ad8e2,fb1ad2c1-a5b0-5ae0-9d88-507024507a14,494fb35b-ea2e-5ea2-8e6a-da836c11e230,dac49113-c1bb-5b26-8af5-745de0febf46,d97309cb-eeb8-505a-9948-eec2d33394db,-117.39,USD,-117.39,,2025-08-27,bdba84aa-8286-5caf-8252-985e2f2f3c1a,confirmed,,plaid,{},HOME DEPOT #7609 DEBIT,0.71,,2025-08-27T00:00:00
4b85df11-6725-5755-9670-f287304f0076,532788bd-1641-5dc9-b246-c4397ed4af60,c7c53ab9-c6fe-5a0b-b3a8-36f12237d898,6a8ed953-2c24-5301-8d91-e6aa9dcfeadf,d97309cb-eeb8-505a-9948-eec2d33394db,-123.37,USD,-123.37,,2025-08-28,ccb8e507-d6df-51d3-9c6b-2af43847184c,confirmed,,manual,{},HOME DEPOT #3508 PURCHASE,0.9,,2025-08-28T00:00:00
4a92f68c-2036-5134-951d-bf8885e2d503,fb1ad2c1-a5b0-5ae0-9d88-507024507a14,494fb35b-ea2e-5ea2-8e6a-da836c11e230,dac49113-c1bb-5b26-8af5-745de0febf46,d97309cb-eeb8-505a-9948-eec2d33394db,-160.80,USD,-160.80,,2025-08-28,077786c2-88f8-517e-9a65-266b802523c4,confirmed,,plaid,{},HOME DEPOT #2867 DEBIT,0.95,,2025-08-28T00:00:00
ceec6631-5c3c-5596-9429-a92362883052,532788bd-1641-5dc9-b246-c4397ed4af60,859c8fb0-d2a2-5d68-ad57-6ad36dcbffcc,6a8ed953-2c24-5301-8d91-e6aa9dcfeadf,1796e996-84d5-5ef5-a717-a953e2e49c08,-232.65,USD,-232.65,,2025-08-29,b7ec2236-fab9-5f74-9e59-c0476c5dccf2,confirmed,,manual,{'recurring': True},MARRIOTT,0.9,,2025-08-29T00:00:00
204bded0-26c6-5cad-b318-9c6dc0456ee7,fb1ad2c1-a5b0-5ae0-9d88-507024507a14,de3e3182-4126-54b8-a5b3-1fbacfb03c9e,dac49113-c1bb-5b26-8af5-745de0febf46,b7475634-9a3f-5b47-9978-5578a1ceb107,-168.20,USD,-168.20,,2025-08-29,d4c1f95d-47e8-52f6-8df9-eeb79b606fda,confirmed,,manual,{},MACY'S,0.75,,2025-08-29T00:00:00
d9d52f25-2436-534b-af64-7540ae0e00dc,532788bd-1641-5dc9-b246-c4397ed4af60,c7c53ab9-c6fe-5a0b-b3a8-36f12237d898,6a8ed953-2c24-5301-8d91-e6aa9dcfeadf,b8eadc23-f654-5613-9f2a-cf111cf0ed88,-32.67,USD,-32.67,,2025-08-30,83564403-ac9f-5db5-a4fb-344879db34db,confirmed,,manual,{'recurring': True},TRADER JOE'S #7909,0.95,,2025-08-30T00:00:00
29eb1e18-d45b-5f03-93fc-2a85a1d48390,532788bd-1641-5dc9-b246-c4397ed4af60,859c8fb0-d2a2-5d68-ad57-6ad36dcbffcc,6a8ed953-2c24-5301-8d91-e6aa9dcfeadf,b7475634-9a3f-5b47-9978-5578a1ceb107,-139.39,USD,-139.39,,2025-08-30,c163ef62-5201-5cb2-bf0d-781443a4e5aa,confirmed,,plaid,{},MACY'S,0.9,,2025-08-30T00:00:00
65e7e2a6-6bdc-5632-beb8-410f44200dc2,fb1ad2c1-a5b0-5ae0-9d88-507024507a14,494fb35b-ea2e-5ea2-8e6a-da836c11e230,dac49113-c1bb-5b26-8af5-745de0febf46,bbc36a1d-bf0a-5d6c-ae4f-ff309f63cf39,-46.19,USD,-46.19,,2025-08-30,aee92619-ae79-565c-a988-70e59f94bc78,confirmed,,plaid,{},BEST BUY,0.85,,2025-08-30T00:00:00
5e4267c4-4c38-5aa5-9ae3-e40114c625e4,fb1ad2c1-a5b0-5ae0-9d88-507024507a14,494fb35b-ea2e-5ea2-8e6a-da836c11e230,dac49113-c1bb-5b26-8af5-745de0febf46,2b4a9416-2f9a-5c84-8a99-089c2a8da440,-77.69,USD,-77.69,,2025-08-30,0c9330d7-1154-5540-9033-ff3ccdfd842d,confirmed,,manual,{'recurring': True},COMCAST 5990,0.81,,2025-08-30T00:00:00
4451db17-5966-579c-99e4-d783f06fcebc,532788bd-1641-5dc9-b246-c4397ed4af60,859c8fb0-d2a2-5d68-ad57-6ad36dcbffcc,6a8ed953-2c24-5301-8d91-e6aa9dcfeadf,41d50eda-694c-5967-8780-12cd00399dab,-3.80,USD,-3.80,,2025-08-31,de3f2bc4-947e-5d7b-a51e-d6da6178c1df,confirmed,,manual,{},DUNKIN',0.81,,2025-08-31T00:00:00
04f2b277-d2ae-5b6b-9287-79b46dedddf6,fb1ad2c1-a5b0-5ae0-9d88-507024507a14,494fb35b-ea2e-5ea2-8e6a-da836c11e230,dac49113-c1bb-5b26-8af5-745de0febf46,d97309cb-eeb8-505a-9948-eec2d33394db,-219.28,USD,-219.28,,2025-08-31,077786c2-88f8-517e-9a65-266b802523c4,confirmed,,manual,{},HOME DEPOT #1761 DEBIT,0.88,,2025-08-31T00:00:00
e689f19b-0a82-5bdd-ad02-22b7488afa2f,fb1ad2c1-a5b0-5ae0-9d88-507024507a14,494fb35b-ea2e-5ea2-8e6a-da836c11e230,dac49113-c1bb-5b26-8af5-745de0febf46,d97309cb-eeb8-505a-9948-eec2d33394db,-144.06,USD,-144.06,,2025-08-31,bdba84aa-8286-5caf-8252-985e2f2f3c1a,confirmed,,manual,{},HOME DEPOT #7762 PAYMENT,0.98,,2025-08-31T00:00:00
ebf2f4d7-3e2a-5834-81bc-1b3c6168c84b,532788bd-1641-5dc9-b246-c4397ed4af60,c7c53ab9-c6fe-5a0b-b3a8-36f12237d898,6a8ed953-2c24-5301-8d91-e6aa9dcfeadf,4af9f4ae-4781-5cb6-8281-5c9f09d25ac0,-65.43,USD,-65.43,,2025-09-01,12915486-2f7b-557e-9d40-6d2f4442ed6d,confirmed,,manual,{},TARGET 6771 ,0.97,,2025-09-01T00:00:00
5e971124-0dd6-5d7f-97eb-6416016cb298,532788bd-1641-5dc9-b246-c4397ed4af60,c7c53ab9-c6fe-5a0b-b3a8-36f12237d898,6a8ed953-2c24-5301-8d91-e6aa9dcfeadf,d97309cb-eeb8-505a-9948-eec2d33394db,-226.59,USD,-226.59,,2025-09-01,bdba84aa-8286-5caf-8252-985e2f2f3c1a,confirmed,,manual,{'recurring': True},HOME DEPOT #9370 PAYMENT,0.82,,2025-09-01T00:00:00
d69f6398-a80d-5122-a3d0-dbf577e345c3,fb1ad2c1-a5b0-5ae0-9d88-507024507a14,de3e3182-4126-54b8-a5b3-1fbacfb03c9e,dac49113-c1bb-5b26-8af5-745de0febf46,808b3755-614e-5b7e-ba90-ef88c5558ae5,-13.48,USD,-13.48,,2025-09-01,f43ab923-88d2-5d30-b514-e67d3c90367a,confirmed,,manual,{},LYFT,0.86,,2025-09-01T00:00:00
a5c62f38-2251-52e7-99c2-8655b4f118f1,fb1ad2c1-a5b0-5ae0-9d88-507024507a14,494fb35b-ea2e-5ea2-8e6a-da836c11e230,dac49113-c1bb-5b26-8af5-745de0febf46,b7475634-9a3f-5b47-9978-5578a1ceb107,-123.23,USD,-123.23,,2025-09-01,c163ef62-5201-5cb2-bf0d-781443a4e5aa,draft,,manual,{},MACY'S,0.83,,2025-09-01T00:00:00
941e78dc-7855-5d7b-a99d-e031a9271f3e,532788bd-1641-5dc9-b246-c4397ed4af60,859c8fb0-d2a2-5d68-ad57-6ad36dcbffcc,6a8ed953-2c24-5301-8d91-e6aa9dcfeadf,4af9f4ae-4781-5cb6-8281-5c9f09d25ac0,-112.15,USD,-112.15,,2025-09-02,d4c1f95d-47e8-52f6-8df9-eeb79b606fda,confirmed,,manual,{},TARGET 9037 PAYMENT,0.99,,2025-09-02T00:00:00
d49ca4a1-ec0c-5a87-94ac-4d3294f0984b,fb1ad2c1-a5b0-5ae0-9d88-507024507a14,de3e3182-4126-54b8-a5b3-1fbacfb03c9e,dac49113-c1bb-5b26-8af5-745de0febf46,1796e996-84d5-5ef5-a717-a953e2e49c08,-214.15,USD,-214.15,,2025-09-02,7dc4d185-914f-5736-9f4d-8756e08d9766,confirmed,,manual,{},MARRIOTT,0.85,,2025-09-02T00:00:00
371e4159-fda8-5a35-ad9a-b8e2b9c97bdd,532788bd-1641-5dc9-b246-c4397ed4af60,859c8fb0-d2a2-5d68-ad57-6ad36dcbffcc,6a8ed953-2c24-5301-8d91-e6aa9dcfeadf,d97309cb-eeb8-505a-9948-eec2d33394db,-193.68,USD,-193.68,,2025-09-03,bdba84aa-8286-5caf-8252-985e2f2f3c1a,confirmed,,manual,{},HOME DEPOT #7950 DEBIT,0.98,,2025-09-03T00:00:00
d2bda96e-8e7f-55d8-927a-78cf5b035ce6,532788bd-1641-5dc9-b246-c4397ed4af60,859c8fb0-d2a2-5d68-ad57-6ad36dcbffcc,6a8ed953-2c24-5301-8d91-e6aa9dcfeadf,158297b6-5a99-547c-9a9d-4e9a859d9dab,-3.88,USD,-3.88,,2025-09-03,fa112a1b-3269-5304-b7dc-1ef8de5dddc0,confirmed,,manual,{},STARBUCKS 2154 PURCHASE,0.89,,2025-09-03T00:00:00
04573908-d8cb-5cb1-a6bd-f1204c041d06,fb1ad2c1-a5b0-5ae0-9d88-507024507a14,de3e3182-4126-54b8-a5b3-1fbacfb03c9e,dac49113-c1bb-5b26-8af5-745de0febf46,8b093965-626b-562e-ba34-3a2ae16c7328,-19.27,USD,-19.27,,2025-09-03,a519e456-2deb-59d8-a983-e0e4e0e88abb,confirmed,,manual,{},PLANET FITNESS,0.95,,2025-09-03T00:00:00
0a84773d-de5e-56e6-a1c5-0dbd5510f74b,532788bd-1641-5dc9-b246-c4397ed4af60,c7c53ab9-c6fe-5a0b-b3a8-36f12237d898,6a8ed953-2c24-5301-8d91-e6aa9dcfeadf,8b093965-626b-562e-ba34-3a2ae16c7328,-19.54,USD,-19.54,,2025-09-04,8d5d7df5-91ea-5998-8eea-33179599a118,confirmed,,plaid,{},PLANET FITNESS,0.7,,2025-09-04T00:00:00
dff377f7-a5ad-5f59-9b57-83b92c523cb2,fb1ad2c1-a5b0-5ae0-9d88-507024507a14,494fb35b-ea2e-5ea2-8e6a-da836c11e230,dac49113-c1bb-5b26-8af5-745de0febf46,5813fb16-6db8-5fd5-9486-97b3414b3ad6,-41.17,USD,-41.17,,2025-09-04,83564403-ac9f-5db5-a4fb-344879db34db,confirmed,,manual,{},WHOLE FOODS 4014 PURCHASE,0.75,,2025-09-04T00:00:00
136d2298-4aa5-5190-9027-18a4a29f1ea6,fb1ad2c1-a5b0-5ae0-9d88-507024507a14,494fb35b-ea2e-5ea2-8e6a-da836c11e230,dac49113-c1bb-5b26-8af5-745de0febf46,8b093965-626b-562e-ba34-3a2ae16c7328,-30.63,USD,-30.63,,2025-09-04,875ccc19-66e7-5835-86a5-73be20384685,confirmed,,manual,{},PLANET FITNESS,0.92,,2025-09-04T00:00:00
ebe5a7d8-a79e-5491-ba00-35c4fdf7c7c3,532788bd-1641-5dc9-b246-c4397ed4af60,c7c53ab9-c6fe-5a0b-b3a8-36f12237d898,6a8ed953-2c24-5301-8d91-e6aa9dcfeadf,2b4a9416-2f9a-5c84-8a99-089c2a8da440,-111.44,USD,-111.44,,2025-09-05,06a5f4d3-67e1-5147-a99f-8e6859ddba5e,confirmed,,manual,{},COMCAST 3496,0.79,,2025-09-05T00:00:00
ddc80fb3-aab5-5687-ad58-70d97ecf7cc9,532788bd-1641-5dc9-b246-c4397ed4af60,c7c53ab9-c6fe-5a0b-b3a8-36f12237d898,6a8ed953-2c24-5301-8d91-e6aa9dcfeadf,2b4a9416-2f9a-5c84-8a99-089c2a8da440,-85.07,USD,-85.07,,2025-09-05,0c9330d7-1154-5540-9033-ff3ccdfd842d,confirmed,,manual,{},COMCAST 8583,0.73,,2025-09-05T00:00:00
340c009d-610d-5080-bcbe-b58b9538ba8b,532788bd-1641-5dc9-b246-c4397ed4af60,859c8fb0-d2a2-5d68-ad57-6ad36dcbffcc,6a8ed953-2c24-5301-8d91-e6aa9dcfeadf,d97309cb-eeb8-505a-9948-eec2d33394db,-90.02,USD,-90.02,,2025-09-05,077786c2-88f8-517e-9a65-266b802523c4,confirmed,,manual,{},HOME DEPOT #1305 DEBIT,0.76,,2025-09-05T00:00:00
3f9fc344-5fa7-5dbf-b34e-eb6c44e82cb0,fb1ad2c1-a5b0-5ae0-9d88-507024507a14,494fb35b-ea2e-5ea2-8e6a-da836c11e230,dac49113-c1bb-5b26-8af5-745de0febf46,c9ef2dab-c18a-5c65-bdc7-b6b34f18356e,-31.50,USD,-31.50,,2025-09-05,f4256214-1f20-597d-abac-553feefc5cd8,confirmed,,plaid,{},CVS PHARMACY #3608,0.85,,2025-09-05T00:00:00
0634e8fd-cd77-5ae5-9745-c8e1ad2539fc,fb1ad2c1-a5b0-5ae0-9d88-507024507a14,de3e3182-4126-54b8-a5b3-1fbacfb03c9e,dac49113-c1bb-5b26-8af5-745de0febf46,d97309cb-eeb8-505a-9948-eec2d33394db,-44.42,USD,-44.42,,2025-09-05,bdba84aa-8286-5caf-8252-985e2f2f3c1a,confirmed,,manual,{},HOME DEPOT #9918 PURCHASE,0.9,,2025-09-05T00:00:00
b479bca2-e0c2-5fee-9494-fa7d4efc42b7,fb1ad2c1-a5b0-5ae0-9d88-507024507a14,494fb35b-ea2e-5ea2-8e6a-da836c11e230,dac49113-c1bb-5b26-8af5-745de0febf46,f2a9ca2a-37af-503e-8036-0623ac1a9dbc,-26.73,USD,-26.73,,2025-09-06,bcbbc4c0-8642-5b1f-ad56-562045f80345,confirmed,,plaid,{},APPLE.COM/BILL,0.89,,2025-09-06T00:00:00
c0c29fed-b441-54a1-aceb-c5e2ee9d5345,fb1ad2c1-a5b0-5ae0-9d88-507024507a14,de3e3182-4126-54b8-a5b3-1fbacfb03c9e,dac49113-c1bb-5b26-8af5-745de0febf46,d553f2a4-b2c8-570b-8de4-81fa86437869,-102.56,USD,-102.56,,2025-09-06,83564403-ac9f-5db5-a4fb-344879db34db,confirmed,,manual,{},WALMART 2856 ,0.75,,2025-09-06T00:00:00
359502be-d6c2-583f-9ab4-5187c5e5c01e,fb1ad2c1-a5b0-5ae0-9d88-507024507a14,494fb35b-ea2e-5ea2-8e6a-da836c11e230,dac49113-c1bb-5b26-8af5-745de0febf46,d97309cb-eeb8-505a-9948-eec2d33394db,-53.40,USD,-53.40,,2025-09-06,ccb8e507-d6df-51d3-9c6b-2af43847184c,confirmed,,plaid,{},HOME DEPOT #1916 PURCHASE,0.82,,2025-09-06T00:00:00
5d44a83b-3288-5407-be52-91fa7daf1849,532788bd-1641-5dc9-b246-c4397ed4af60,c7c53ab9-c6fe-5a0b-b3a8-36f12237d898,6a8ed953-2c24-5301-8d91-e6aa9dcfeadf,4070c9b0-7b80-5ca4-9dcd-613c6df99208,-348.34,USD,-348.34,,2025-09-07,79c60cc2-48aa-5f74-8871-3cb616b26e25,confirmed,,manual,{},HILTON,0.94,,2025-09-07T00:00:00
a50afe9e-da10-5f91-bce4-f716d1f0de17,532788bd-1641-5dc9-b246-c4397ed4af60,859c8fb0-d2a2-5d68-ad57-6ad36dcbffcc,6a8ed953-2c24-5301-8d91-e6aa9dcfeadf,2b4a9416-2f9a-5c84-8a99-089c2a8da440,-144.18,USD,-144.18,,2025-09-07,0c9330d7-1154-5540-9033-ff3ccdfd842d,confirmed,,manual,{},COMCAST 7196,0.96,,2025-09-07T00:00:00
cf705058-e4cb-590a-ae66-380353a5d516,fb1ad2c1-a5b0-5ae0-9d88-507024507a14,494fb35b-ea2e-5ea2-8e6a-da836c11e230,dac49113-c1bb-5b26-8af5-745de0febf46,d97309cb-eeb8-505a-9948-eec2d33394db,-265.16,USD,-265.16,,2025-09-07,ccb8e507-d6df-51d3-9c6b-2af43847184c,confirmed,,manual,{'recurring': True},HOME DEPOT #8901 PURCHASE,0.93,,2025-09-07T00:00:00
8c45e54a-6b2c-59a9-bcd8-f0f3aa6ba66f,fb1ad2c1-a5b0-5ae0-9d88-507024507a14,de3e3182-4126-54b8-a5b3-1fbacfb03c9e,dac49113-c1bb-5b26-8af5-745de0febf46,d553f2a4-b2c8-570b-8de4-81fa86437869,-107.67,USD,-107.67,,2025-09-07,83564403-ac9f-5db5-a4fb-344879db34db,confirmed,,manual,{},WAL-MART #8899,0.78,,2025-09-07T00:00:00
490e27ae-9648-52e2-95fe-719253692bbc,532788bd-1641-5dc9-b246-c4397ed4af60,859c8fb0-d2a2-5d68-ad57-6ad36dcbffcc,6a8ed953-2c24-5301-8d91-e6aa9dcfeadf,d97309cb-eeb8-505a-9948-eec2d33394db,-179.73,USD,-179.73,,2025-09-08,ccb8e507-d6df-51d3-9c6b-2af43847184c,confirmed,,manual,{},HOME DEPOT #7144 PURCHASE,0.73,,2025-09-08T00:00:00
4a4a4b47-a2a6-54b6-b57f-a491d1424bab,532788bd-1641-5dc9-b246-c4397ed4af60,c7c53ab9-c6fe-5a0b-b3a8-36f12237d898,6a8ed953-2c24-5301-8d91-e6aa9dcfeadf,4070c9b0-7b80-5ca4-9dcd-613c6df99208,-212.13,USD,-212.13,,2025-09-08,79c60cc2-48aa-5f74-8871-3cb616b26e25,confirmed,,manual,{'recurring': True},HILTON,0.95,,2025-09-08T00:00:00
31079fcf-c414-542e-aa61-3d70252d9171,fb1ad2c1-a5b0-5ae0-9d88-507024507a14,de3e3182-4126-54b8-a5b3-1fbacfb03c9e,dac49113-c1bb-5b26-8af5-745de0febf46,d97309cb-eeb8-505a-9948-eec2d33394db,-221.48,USD,-221.48,,2025-09-08,ccb8e507-d6df-51d3-9c6b-2af43847184c,confirmed,,manual,{},HOME DEPOT #1941 PURCHASE,0.96,,2025-09-08T00:00:00
fbd3a987-70fc-5deb-aa7e-b49a5049cea8,fb1ad2c1-a5b0-5ae0-9d88-507024507a14,494fb35b-ea2e-5ea2-8e6a-da836c11e230,dac49113-c1bb-5b26-8af5-745de0febf46,d97309cb-eeb8-505a-9948-eec2d33394db,-190.33,USD,-190.33,,2025-09-08,077786c2-88f8-517e-9a65-266b802523c4,draft,,manual,{'recurring': True},HOME DEPOT #4919 DEBIT,0.93,,2025-09-08T00:00:00
51e93bd1-9426-5de8-baa7-2f25a1a6b676,fb1ad2c1-a5b0-5ae0-9d88-507024507a14,de3e3182-4126-54b8-a5b3-1fbacfb03c9e,dac49113-c1bb-5b26-8af5-745de0febf46,808b3755-614e-5b7e-ba90-ef88c5558ae5,-33.57,USD,-33.57,,2025-09-08,faa9d7bb-1220-5a93-8675-adf7fee33a10,confirmed,,manual,{},LYFT,0.93,,2025-09-08T00:00:00
e5c9597d-aa09-52ff-b75b-926fc18e3e18,fb1ad2c1-a5b0-5ae0-9d88-507024507a14,494fb35b-ea2e-5ea2-8e6a-da836c11e230,dac49113-c1bb-5b26-8af5-745de0febf46,d97309cb-eeb8-505a-9948-eec2d33394db,-207.92,USD,-207.92,,2025-09-09,ccb8e507-d6df-51d3-9c6b-2af43847184c,confirmed,,manual,{},HOME DEPOT #7757 PAYMENT,0.78,,2025-09-09T00:00:00
3b009770-0dd9-5dc4-916d-9fdfdb799f57,fb1ad2c1-a5b0-5ae0-9d88-507024507a14,494fb35b-ea2e-5ea2-8e6a-da836c11e230,dac49113-c1bb-5b26-8af5-745de0febf46,d97309cb-eeb8-505a-9948-eec2d33394db,-237.00,USD,-237.00,,2025-09-09,ccb8e507-d6df-51d3-9c6b-2af43847184c,confirmed,,manual,{'recurring': True},HOME DEPOT #9071 DEBIT,0.81,,2025-09-09T00:00:00
0d1e988b-abdf-59a6-a25c-ee5967413f78,532788bd-1641-5dc9-b246-c4397ed4af60,c7c53ab9-c6fe-5a0b-b3a8-36f12237d898,6a8ed953-2c24-5301-8d91-e6aa9dcfeadf,2b4a9416-2f9a-5c84-8a99-089c2a8da440,-92.79,USD,-92.79,,2025-09-10,0c9330d7-1154-5540-9033-ff3ccdfd842d,confirmed,,plaid,{},COMCAST 6995,0.93,,2025-09-10T00:00:00
a7944574-6935-5e0a-876b-ac882ba49d41,fb1ad2c1-a5b0-5ae0-9d88-507024507a14,494fb35b-ea2e-5ea2-8e6a-da836c11e230,dac49113-c1bb-5b26-8af5-745de0febf46,c905592e-a82b-5c8e-904a-d39c475430ef,-41.86,USD,-41.86,,2025-09-10,51fda6e9-fdf8-5107-ac9c-83867d45beb7,confirmed,,plaid,{},SHELL OIL 4863 ,0.99,,2025-09-10T00:00:00
365bb7b6-e04d-54da-bf69-af62b1011389,fb1ad2c1-a5b0-5ae0-9d88-507024507a14,494fb35b-ea2e-5ea2-8e6a-da836c11e230,dac49113-c1bb-5b26-8af5-745de0febf46,158297b6-5a99-547c-9a9d-4e9a859d9dab,-7.78,USD,-7.78,,2025-09-10,fa112a1b-3269-5304-b7dc-1ef8de5dddc0,confirmed,,manual,{},STARBUCKS 4530 PAYMENT,0.8,,2025-09-10T00:00:00
55ca922f-3876-5029-86b4-e57313a43150,532788bd-1641-5dc9-b246-c4397ed4af60,c7c53ab9-c6fe-5a0b-b3a8-36f12237d898,6a8ed953-2c24-5301-8d91-e6aa9dcfeadf,d97309cb-eeb8-505a-9948-eec2d33394db,-135.22,USD,-135.22,,2025-09-11,077786c2-88f8-517e-9a65-266b802523c4,confirmed,,manual,{},HOME DEPOT #2296 PURCHASE,0.79,,2025-09-11T00:00:00
aadde200-989c-5c67-bf28-607bab661260,532788bd-1641-5dc9-b246-c4397ed4af60,859c8fb0-d2a2-5d68-ad57-6ad36dcbffcc,6a8ed953-2c24-5301-8d91-e6aa9dcfeadf,808b3755-614e-5b7e-ba90-ef88c5558ae5,-22.15,USD,-22.15,,2025-09-11,f43ab923-88d2-5d30-b514-e67d3c90367a,confirmed,,plaid,{},LYFT,0.98,,2025-09-11T00:00:00
8984ed01-8ec4-5d66-a1e6-3a5646651d48,fb1ad2c1-a5b0-5ae0-9d88-507024507a14,de3e3182-4126-54b8-a5b3-1fbacfb03c9e,dac49113-c1bb-5b26-8af5-745de0febf46,7d5663eb-5e52-5077-9815-788af0c1bfc3,-5.29,USD,-5.29,,2025-09-11,fa112a1b-3269-5304-b7dc-1ef8de5dddc0,draft,,manual,{},MCDONALD'S #8801,0.74,,2025-09-11T00:00:00
5b9969e3-f6f5-5330-b901-34f44f490558,fb1ad2c1-a5b0-5ae0-9d88-507024507a14,de3e3182-4126-54b8-a5b3-1fbacfb03c9e,dac49113-c1bb-5b26-8af5-745de0febf46,c905592e-a82b-5c8e-904a-d39c475430ef,-54.08,USD,-54.08,,2025-09-11,faa9d7bb-1220-5a93-8675-adf7fee33a10,confirmed,,manual,{},SHELL OIL 6688 ,0.81,,2025-09-11T00:00:00
e291d6e1-89f2-57d8-b7d7-89cca9c2494e,532788bd-1641-5dc9-b246-c4397ed4af60,859c8fb0-d2a2-5d68-ad57-6ad36dcbffcc,6a8ed953-2c24-5301-8d91-e6aa9dcfeadf,41d50eda-694c-5967-8780-12cd00399dab,-8.80,USD,-8.80,,2025-09-12,fa112a1b-3269-5304-b7dc-1ef8de5dddc0,confirmed,,plaid,{},DUNKIN',0.94,,2025-09-12T00:00:00
a0e40bd1-17b5-5b0b-894d-b4cd84f876e0,fb1ad2c1-a5b0-5ae0-9d88-507024507a14,494fb35b-ea2e-5ea2-8e6a-da836c11e230,dac49113-c1bb-5b26-8af5-745de0febf46,2b4a9416-2f9a-5c84-8a99-089c2a8da440,-105.97,USD,-105.97,,2025-09-12,7c8fb462-7d13-54a2-8a1d-9974bce7d252,confirmed,,manual,{},COMCAST 3238,0.78,,2025-09-12T00:00:00
d5d4cebb-e60c-5554-b503-5707452c63e7,fb1ad2c1-a5b0-5ae0-9d88-507024507a14,494fb35b-ea2e-5ea2-8e6a-da836c11e230,dac49113-c1bb-5b26-8af5-745de0febf46,d97309cb-eeb8-505a-9948-eec2d33394db,-67.99,USD,-67.99,,2025-09-12,ccb8e507-d6df-51d3-9c6b-2af43847184c,confirmed,,manual,{},HOME DEPOT #5410 PURCHASE,0.75,,2025-09-12T00:00:00
0f14ae84-6384-56ce-93a3-db97388fe5c6,532788bd-1641-5dc9-b246-c4397ed4af60,c7c53ab9-c6fe-5a0b-b3a8-36f12237d898,6a8ed953-2c24-5301-8d91-e6aa9dcfeadf,d97309cb-eeb8-505a-9948-eec2d33394db,-124.67,USD,-124.67,,2025-09-13,077786c2-88f8-517e-9a65-266b802523c4,confirmed,,manual,{},HOME DEPOT #1549 PURCHASE,0.99,,2025-09-13T00:00:00
a5e81011-6330-5ef2-9ffd-f445134d91a3,532788bd-1641-5dc9-b246-c4397ed4af60,859c8fb0-d2a2-5d68-ad57-6ad36dcbffcc,6a8ed953-2c24-5301-8d91-e6aa9dcfeadf,d97309cb-eeb8-505a-9948-eec2d33394db,-127.81,USD,-127.81,,2025-09-13,077786c2-88f8-517e-9a65-266b802523c4,confirmed,,plaid,{},HOME DEPOT #1688 ,0.73,,2025-09-13T00:00:00
8ffbd447-767f-5a35-b9a3-84c2c7c0052d,fb1ad2c1-a5b0-5ae0-9d88-507024507a14,de3e3182-4126-54b8-a5b3-1fbacfb03c9e,dac49113-c1bb-5b26-8af5-745de0febf46,bea56dd3-0d8f-5b9e-8688-1f2c3fcc2a11,-16.25,USD,-16.25,,2025-09-13,fa112a1b-3269-5304-b7dc-1ef8de5dddc0,confirmed,,plaid,{},CHIPOTLE 1349 ,0.71,,2025-09-13T00:00:00
df126a4a-ead8-54ad-9baa-5f32bdb72729,532788bd-1641-5dc9-b246-c4397ed4af60,859c8fb0-d2a2-5d68-ad57-6ad36dcbffcc,6a8ed953-2c24-5301-8d91-e6aa9dcfeadf,808b3755-614e-5b7e-ba90-ef88c5558ae5,-15.43,USD,-15.43,,2025-09-14,f43ab923-88d2-5d30-b514-e67d3c90367a,confirmed,,manual,{},LYFT,0.78,,2025-09-14T00:00:00
ace92d63-5c4a-52f4-882b-f5190fbe3d93,fb1ad2c1-a5b0-5ae0-9d88-507024507a14,de3e3182-4126-54b8-a5b3-1fbacfb03c9e,dac49113-c1bb-5b26-8af5-745de0febf46,68f0922a-39b9-507c-92a6-e2500de5f321,-268.39,USD,-268.39,,2025-09-14,83564403-ac9f-5db5-a4fb-344879db34db,confirmed,,manual,{},COSTCO WHSE #6254,0.9,,2025-09-14T00:00:00
ec582124-9991-5e23-8dfd-3f4c05830a99,532788bd-1641-5dc9-b246-c4397ed4af60,859c8fb0-d2a2-5d68-ad57-6ad36dcbffcc,6a8ed953-2c24-5301-8d91-e6aa9dcfeadf,d97309cb-eeb8-505a-9948-eec2d33394db,-253.03,USD,-253.03,,2025-09-15,ccb8e507-d6df-51d3-9c6b-2af43847184c,confirmed,,plaid,{},HOME DEPOT #1512 PURCHASE,0.87,,2025-09-15T00:00:00
9c92bea9-64f3-5269-b9b8-220a0d089f63,532788bd-1641-5dc9-b246-c4397ed4af60,859c8fb0-d2a2-5d68-ad57-6ad36dcbffcc,6a8ed953-2c24-5301-8d91-e6aa9dcfeadf,808b3755-614e-5b7e-ba90-ef88c5558ae5,-9.33,USD,-9.33,,2025-09-15,938be465-3e19-5055-b08e-939e392f553f,confirmed,,plaid,{},LYFT,0.98,,2025-09-15T00:00:00
422b306f-3d38-545b-8a30-a3af74c2b28b,fb1ad2c1-a5b0-5ae0-9d88-507024507a14,494fb35b-ea2e-5ea2-8e6a-da836c11e230,dac49113-c1bb-5b26-8af5-745de0febf46,b8eadc23-f654-5613-9f2a-cf111cf0ed88,-68.43,USD,-68.43,,2025-09-15,83564403-ac9f-5db5-a4fb-344879db34db,confirmed,,manual,{},TRADER JOE'S #9667,0.76,,2025-09-15T00:00:00
2d2f3fec-a31f-5fdc-abeb-8e800c425756,fb1ad2c1-a5b0-5ae0-9d88-507024507a14,de3e3182-4126-54b8-a5b3-1fbacfb03c9e,dac49113-c1bb-5b26-8af5-745de0febf46,d97309cb-eeb8-505a-9948-eec2d33394db,-227.64,USD,-227.64,,2025-09-15,077786c2-88f8-517e-9a65-266b802523c4,confirmed,,plaid,{},HOME DEPOT #7997 DEBIT,0.85,,2025-09-15T00:00:00
98e389c3-c565-549d-bb75-1d6b4325d102,fb1ad2c1-a5b0-5ae0-9d88-507024507a14,de3e3182-4126-54b8-a5b3-1fbacfb03c9e,dac49113-c1bb-5b26-8af5-745de0febf46,808b3755-614e-5b7e-ba90-ef88c5558ae5,-22.85,USD,-22.85,,2025-09-15,51fda6e9-fdf8-5107-ac9c-83867d45beb7,confirmed,,manual,{'recurring': True},LYFT,0.8,,2025-09-15T00:00:00
1f9d77fb-c978-52d5-90fd-542e98a6ac00,fb1ad2c1-a5b0-5ae0-9d88-507024507a14,de3e3182-4126-54b8-a5b3-1fbacfb03c9e,dac49113-c1bb-5b26-8af5-745de0febf46,158297b6-5a99-547c-9a9d-4e9a859d9dab,-11.72,USD,-11.72,,2025-09-16,5638caff-364a-55b0-9433-607e4844f64b,draft,,manual,{},STARBUCKS 9480 PURCHASE,1.0,,2025-09-16T00:00:00
f87c7a2d-e6d2-5b8a-949c-6fdabad11a4c,fb1ad2c1-a5b0-5ae0-9d88-507024507a14,494fb35b-ea2e-5ea2-8e6a-da836c11e230,dac49113-c1bb-5b26-8af5-745de0febf46,2d8b3f27-58fe-5583-8d7e-995c79ade98a,-48.98,USD,-48.98,,2025-09-16,83564403-ac9f-5db5-a4fb-344879db34db,confirmed,,manual,{},KROGER #6319,0.79,,2025-09-16T00:00:00
0ce58434-36e0-5bef-ae69-2765def8c22b,532788bd-1641-5dc9-b246-c4397ed4af60,859c8fb0-d2a2-5d68-ad57-6ad36dcbffcc,6a8ed953-2c24-5301-8d91-e6aa9dcfeadf,b8eadc23-f654-5613-9f2a-cf111cf0ed88,-42.07,USD,-42.07,,2025-09-17,83564403-ac9f-5db5-a4fb-344879db34db,confirmed,,manual,{},TRADER JOE'S #1187,0.87,,2025-09-17T00:00:00
df2cb45f-f3e7-51e1-af10-c30e469e6a65,fb1ad2c1-a5b0-5ae0-9d88-507024507a14,de3e3182-4126-54b8-a5b3-1fbacfb03c9e,dac49113-c1bb-5b26-8af5-745de0febf46,d97309cb-eeb8-505a-9948-eec2d33394db,-128.58,USD,-128.58,,2025-09-17,ccb8e507-d6df-51d3-9c6b-2af43847184c,confirmed,,manual,{},HOME DEPOT #3209 ,0.87,,2025-09-17T00:00:00
df3793a1-c540-5f87-9ea6-e0cbd12abfce,532788bd-1641-5dc9-b246-c4397ed4af60,c7c53ab9-c6fe-5a0b-b3a8-36f12237d898,6a8ed953-2c24-5301-8d91-e6aa9dcfeadf,158297b6-5a99-547c-9a9d-4e9a859d9dab,-4.35,USD,-4.35,,2025-09-18,de3f2bc4-947e-5d7b-a51e-d6da6178c1df,confirmed,,manual,{},STARBUCKS 6984 PAYMENT,0.71,,2025-09-18T00:00:00
b6c0224e-7ad0-5523-bb21-f133f490677b,fb1ad2c1-a5b0-5ae0-9d88-507024507a14,494fb35b-ea2e-5ea2-8e6a-da836c11e230,dac49113-c1bb-5b26-8af5-745de0febf46,d97309cb-eeb8-505a-9948-eec2d33394db,-285.45,USD,-285.45,,2025-09-18,077786c2-88f8-517e-9a65-266b802523c4,confirmed,,manual,{},HOME DEPOT #1225 PAYMENT,0.84,,2025-09-18T00:00:00
90bf7ae6-4022-5be6-baba-c443a3a87de3,532788bd-1641-5dc9-b246-c4397ed4af60,c7c53ab9-c6fe-5a0b-b3a8-36f12237d898,6a8ed953-2c24-5301-8d91-e6aa9dcfeadf,a00cde6f-8b9f-5006-9541-fdeeb8008d4f,-181.26,USD,-181.26,,2025-09-19,c163ef62-5201-5cb2-bf0d-781443a4e5aa,confirmed,,manual,{},AMZN MKTP US*4054,0.91,,2025-09-19T00:00:00
acbaf399-c149-57d4-b710-928268ec4555,fb1ad2c1-a5b0-5ae0-9d88-507024507a14,494fb35b-ea2e-5ea2-8e6a-da836c11e230,dac49113-c1bb-5b26-8af5-745de0febf46,4af9f4ae-4781-5cb6-8281-5c9f09d25ac0,-55.91,USD,-55.91,,2025-09-19,12915486-2f7b-557e-9d40-6d2f4442ed6d,confirmed,,plaid,{},TARGET 6118 PAYMENT,0.74,,2025-09-19T00:00:00
9a15d327-35bb-5c88-9d45-1c58858ec9ed,532788bd-1641-5dc9-b246-c4397ed4af60,c7c53ab9-c6fe-5a0b-b3a8-36f12237d898,6a8ed953-2c24-5301-8d91-e6aa9dcfeadf,d97309cb-eeb8-505a-9948-eec2d33394db,-222.22,USD,-222.22,,2025-09-20,ccb8e507-d6df-51d3-9c6b-2af43847184c,confirmed,,manual,{},HOME DEPOT #7737 PAYMENT,0.76,,2025-09-20T00:00:00
4c8d85c9-7c3f-5498-a4f9-8dc95189568f,fb1ad2c1-a5b0-5ae0-9d88-507024507a14,de3e3182-4126-54b8-a5b3-1fbacfb03c9e,dac49113-c1bb-5b26-8af5-745de0febf46,bbc36a1d-bf0a-5d6c-ae4f-ff309f63cf39,-426.15,USD,-426.15,,2025-09-20,ba8264d5-be92-573d-bee0-fc77ba1eba53,confirmed,,manual,{},BEST BUY,0.74,,2025-09-20T00:00:00
d0d5f395-e5c2-5f8a-8d0f-e3b0e7c4b0cd,fb1ad2c1-a5b0-5ae0-9d88-507024507a14,de3e3182-4126-54b8-a5b3-1fbacfb03c9e,dac49113-c1bb-5b26-8af5-745de0febf46,d97309cb-eeb8-505a-9948-eec2d33394db,-262.13,USD,-262.13,,2025-09-20,ccb8e507-d6df-51d3-9c6b-2af43847184c,confirmed,,manual,{},HOME DEPOT #8496 PURCHASE,0.95,,2025-09-20T00:00:00
04b0b280-d147-5d2b-8883-2ec88dff2c05,532788bd-1641-5dc9-b246-c4397ed4af60,c7c53ab9-c6fe-5a0b-b3a8-36f12237d898,6a8ed953-2c24-5301-8d91-e6aa9dcfeadf,f573b94f-d6d1-51c3-a8dd-9f4c61a57329,-98.84,USD,-98.84,,2025-09-21,2d123316-c022-5b31-8284-b23e61b8e6d0,confirmed,,manual,{'recurring': True},VERIZON WIRELESS 1694,0.71,,2025-09-21T00:00:00
47ef5493-2b7a-514a-80b0-dbb1a9fdb222,532788bd-1641-5dc9-b246-c4397ed4af60,c7c53ab9-c6fe-5a0b-b3a8-36f12237d898,6a8ed953-2c24-5301-8d91-e6aa9dcfeadf,4af9f4ae-4781-5cb6-8281-5c9f09d25ac0,-42.03,USD,-42.03,,2025-09-21,c163ef62-5201-5cb2-bf0d-781443a4e5aa,confirmed,,manual,{},TARGET 5684 ,0.72,,2025-09-21T00:00:00
3aaaebb4-db04-5287-93c0-d72a979cb526,fb1ad2c1-a5b0-5ae0-9d88-507024507a14,494fb35b-ea2e-5ea2-8e6a-da836c11e230,dac49113-c1bb-5b26-8af5-745de0febf46,d97309cb-eeb8-505a-9948-eec2d33394db,-266.53,USD,-266.53,,2025-09-21,ccb8e507-d6df-51d3-9c6b-2af43847184c,confirmed,,manual,{},HOME DEPOT #6309 PURCHASE,0.91,,2025-09-21T00:00:00
2c1ecfd6-648b-50a4-b41d-2d1c7d27f11b,532788bd-1641-5dc9-b246-c4397ed4af60,859c8fb0-d2a2-5d68-ad57-6ad36dcbffcc,6a8ed953-2c24-5301-8d91-e6aa9dcfeadf,2b4a9416-2f9a-5c84-8a99-089c2a8da440,-78.29,USD,-78.29,,2025-09-22,0c9330d7-1154-5540-9033-ff3ccdfd842d,confirmed,,plaid,{},COMCAST 3459,0.72,,2025-09-22T00:00:00
f2e6e67c-e5ac-5ae9-b7e3-e8edd3d1fd4c,532788bd-1641-5dc9-b246-c4397ed4af60,c7c53ab9-c6fe-5a0b-b3a8-36f12237d898,6a8ed953-2c24-5301-8d91-e6aa9dcfeadf,a00cde6f-8b9f-5006-9541-fdeeb8008d4f,-126.40,USD,-126.40,,2025-09-23,c163ef62-5201-5cb2-bf0d-781443a4e5aa,confirmed,,manual,{},AMZN MKTP US*8514,0.85,,2025-09-23T00:00:00
5e0024f4-08f3-53f3-9a07-befa29985403,fb1ad2c1-a5b0-5ae0-9d88-507024507a14,de3e3182-4126-54b8-a5b3-1fbacfb03c9e,dac49113-c1bb-5b26-8af5-745de0febf46,d97309cb-eeb8-505a-9948-eec2d33394db,-60.98,USD,-60.98,,2025-09-23,ccb8e507-d6df-51d3-9c6b-2af43847184c,confirmed,,manual,{},HOME DEPOT #8460 PAYMENT,0.8,,2025-09-23T00:00:00
a96e70a1-3194-50b0-8fa6-bad8532d01b5,532788bd-1641-5dc9-b246-c4397ed4af60,c7c53ab9-c6fe-5a0b-b3a8-36f12237d898,6a8ed953-2c24-5301-8d91-e6aa9dcfeadf,bea56dd3-0d8f-5b9e-8688-1f2c3fcc2a11,-11.96,USD,-11.96,,2025-09-24,fa112a1b-3269-5304-b7dc-1ef8de5dddc0,confirmed,,manual,{},CHIPOTLE 4425 DEBIT,0.91,,2025-09-24T00:00:00
0f870b38-8e4d-5572-b279-f2799fa086bb,532788bd-1641-5dc9-b246-c4397ed4af60,c7c53ab9-c6fe-5a0b-b3a8-36f12237d898,6a8ed953-2c24-5301-8d91-e6aa9dcfeadf,d97309cb-eeb8-505a-9948-eec2d33394db,-89.00,USD,-89.00,,2025-09-24,ccb8e507-d6df-51d3-9c6b-2af43847184c,confirmed,,plaid,{'recurring': True},HOME DEPOT #9132 ,0.77,,2025-09-24T00:00:00
54bd6085-9215-5203-a14c-b44598c7c499,532788bd-1641-5dc9-b246-c4397ed4af60,859c8fb0-d2a2-5d68-ad57-6ad36dcbffcc,6a8ed953-2c24-5301-8d91-e6aa9dcfeadf,c9ef2dab-c18a-5c65-bdc7-b6b34f18356e,-31.85,USD,-31.85,,2025-09-25,71b656bc-548e-5020-b191-229e68650021,confirmed,,manual,{'recurring': True},CVS PHARMACY #6592,0.76,,2025-09-25T00:00:00
7398644a-2ab9-5e3f-8d25-c057fbf48af4,532788bd-1641-5dc9-b246-c4397ed4af60,c7c53ab9-c6fe-5a0b-b3a8-36f12237d898,6a8ed953-2c24-5301-8d91-e6aa9dcfeadf,158297b6-5a99-547c-9a9d-4e9a859d9dab,-10.75,USD,-10.75,,2025-09-25,6beed52e-4ccd-593d-890d-ce94bd2b2745,confirmed,,manual,{'recurring': True},STARBUCKS 8546 PAYMENT,0.72,,2025-09-25T00:00:00
1948015e-b859-58f9-bd14-dc97af44d214,532788bd-1641-5dc9-b246-c4397ed4af60,c7c53ab9-c6fe-5a0b-b3a8-36f12237d898,6a8ed953-2c24-5301-8d91-e6aa9dcfeadf,5813fb16-6db8-5fd5-9486-97b3414b3ad6,-90.98,USD,-90.98,,2025-09-25,83564403-ac9f-5db5-a4fb-344879db34db,confirmed,,manual,{},WHOLE FOODS 2422 ,0.99,,2025-09-25T00:00:00
a7623134-6234-54a7-9568-b65c43f72fe3,fb1ad2c1-a5b0-5ae0-9d88-507024507a14,494fb35b-ea2e-5ea2-8e6a-da836c11e230,dac49113-c1bb-5b26-8af5-745de0febf46,16a24acb-ea67-57eb-a942-246e8cd94297,-11.99,USD,-11.99,,2025-09-25,b2297a61-f8d6-53cc-b11d-49ea16c81db3,confirmed,,manual,{},GOOGLE *YOUTUBE PREMIUM,0.96,,2025-09-25T00:00:00
4e040ab1-4a7c-5601-90c1-6d1891f33fed,532788bd-1641-5dc9-b246-c4397ed4af60,c7c53ab9-c6fe-5a0b-b3a8-36f12237d898,6a8ed953-2c24-5301-8d91-e6aa9dcfeadf,d553f2a4-b2c8-570b-8de4-81fa86437869,-24.43,USD,-24.43,,2025-09-26,83564403-ac9f-5db5-a4fb-344879db34db,confirmed,,plaid,{},WAL-MART #6114,0.86,,2025-09-26T00:00:00
2b02f461-1a15-5926-ab09-95a8b72e4d7c,532788bd-1641-5dc9-b246-c4397ed4af60,859c8fb0-d2a2-5d68-ad57-6ad36dcbffcc,6a8ed953-2c24-5301-8d91-e6aa9dcfeadf,d97309cb-eeb8-505a-9948-eec2d33394db,-19.35,USD,-19.35,,2025-09-26,ccb8e507-d6df-51d3-9c6b-2af43847184c,confirmed,,manual,{},HOME DEPOT #9888 PAYMENT,0.91,,2025-09-26T00:00:00
e1dbe101-9b6d-525f-bd18-171ee2efda79,fb1ad2c1-a5b0-5ae0-9d88-507024507a14,de3e3182-4126-54b8-a5b3-1fbacfb03c9e,dac49113-c1bb-5b26-8af5-745de0febf46,f2a9ca2a-37af-503e-8036-0623ac1a9dbc,-18.87,USD,-18.87,,2025-09-26,12915486-2f7b-557e-9d40-6d2f4442ed6d,confirmed,,manual,{'recurring': True},APPLE.COM/BILL,0.93,,2025-09-26T00:00:00
c69b496a-aa7c-5f37-bf07-9aa13dae2baf,532788bd-1641-5dc9-b246-c4397ed4af60,859c8fb0-d2a2-5d68-ad57-6ad36dcbffcc,6a8ed953-2c24-5301-8d91-e6aa9dcfeadf,41d50eda-694c-5967-8780-12cd00399dab,-6.29,USD,-6.29,,2025-09-27,de3f2bc4-947e-5d7b-a51e-d6da6178c1df,confirmed,,manual,{'recurring': True},DUNKIN',0.82,,2025-09-27T00:00:00
f2088c04-da1a-5949-a739-0a209c8da88e,532788bd-1641-5dc9-b246-c4397ed4af60,859c8fb0-d2a2-5d68-ad57-6ad36dcbffcc,6a8ed953-2c24-5301-8d91-e6aa9dcfeadf,aed3c2eb-e1aa-5aab-aed0-039beaa9a52d,-9.99,USD,-9.99,,2025-09-27,ea950238-0d12-58ed-8e20-085ecb1a6754,confirmed,,manual,{},SPOTIFY USA,0.75,,2025-09-27T00:00:00
c641b409-2494-55dd-a4ab-6f87fb98a8ef,fb1ad2c1-a5b0-5ae0-9d88-507024507a14,494fb35b-ea2e-5ea2-8e6a-da836c11e230,dac49113-c1bb-5b26-8af5-745de0febf46,d97309cb-eeb8-505a-9948-eec2d33394db,-107.87,USD,-107.87,,2025-09-27,077786c2-88f8-517e-9a65-266b802523c4,confirmed,,manual,{},HOME DEPOT #9728 ,0.77,,2025-09-27T00:00:00
6fd0c240-e655-554d-82b1-eee62e340a07,532788bd-1641-5dc9-b246-c4397ed4af60,859c8fb0-d2a2-5d68-ad57-6ad36dcbffcc,6a8ed953-2c24-5301-8d91-e6aa9dcfeadf,d97309cb-eeb8-505a-9948-eec2d33394db,-108.31,USD,-108.31,,2025-09-28,077786c2-88f8-517e-9a65-266b802523c4,confirmed,,manual,{},HOME DEPOT #4565 PURCHASE,0.9,,2025-09-28T00:00:00
bb78ac7a-a355-5c04-aeba-9473d583939c,532788bd-1641-5dc9-b246-c4397ed4af60,859c8fb0-d2a2-5d68-ad57-6ad36dcbffcc,6a8ed953-2c24-5301-8d91-e6aa9dcfeadf,808b3755-614e-5b7e-ba90-ef88c5558ae5,-9.69,USD,-9.69,,2025-09-28,51fda6e9-fdf8-5107-ac9c-83867d45beb7,confirmed,,manual,{},LYFT,0.78,,2025-09-28T00:00:00
06313e08-3bae-54c2-b912-d749563930ee,532788bd-1641-5dc9-b246-c4397ed4af60,c7c53ab9-c6fe-5a0b-b3a8-36f12237d898,6a8ed953-2c24-5301-8d91-e6aa9dcfeadf,c905592e-a82b-5c8e-904a-d39c475430ef,-46.48,USD,-46.48,,2025-09-28,d765f3b4-e63d-5ea7-8e05-58458f986634,confirmed,,manual,{},SHELL OIL 9931 PURCHASE,0.87,,2025-09-28T00:00:00
4c2abe68-d755-527b-a82c-5d77ef9efff6,fb1ad2c1-a5b0-5ae0-9d88-507024507a14,494fb35b-ea2e-5ea2-8e6a-da836c11e230,dac49113-c1bb-5b26-8af5-745de0febf46,d97309cb-eeb8-505a-9948-eec2d33394db,-53.27,USD,-53.27,,2025-09-28,bdba84aa-8286-5caf-8252-985e2f2f3c1a,confirmed,,plaid,{},HOME DEPOT #3359 ,0.89,,2025-09-28T00:00:00
f58d2590-1969-591b-aaff-ae59ea3a59da,fb1ad2c1-a5b0-5ae0-9d88-507024507a14,494fb35b-ea2e-5ea2-8e6a-da836c11e230,dac49113-c1bb-5b26-8af5-745de0febf46,f2a9ca2a-37af-503e-8036-0623ac1a9dbc,-28.89,USD,-28.89,,2025-09-28,d4c1f95d-47e8-52f6-8df9-eeb79b606fda,confirmed,,manual,{},APPLE.COM/BILL,0.72,,2025-09-28T00:00:00
585a64ce-3073-57e6-922c-c26b5a2fb353,fb1ad2c1-a5b0-5ae0-9d88-507024507a14,de3e3182-4126-54b8-a5b3-1fbacfb03c9e,dac49113-c1bb-5b26-8af5-745de0febf46,158297b6-5a99-547c-9a9d-4e9a859d9dab,-11.21,USD,-11.21,,2025-09-28,de3f2bc4-947e-5d7b-a51e-d6da6178c1df,confirmed,,manual,{},STARBUCKS 6628 DEBIT,0.8,,2025-09-28T00:00:00
e7706388-3e10-52c9-a096-34dd97789e71,532788bd-1641-5dc9-b246-c4397ed4af60,c7c53ab9-c6fe-5a0b-b3a8-36f12237d898,6a8ed953-2c24-5301-8d91-e6aa9dcfeadf,8b093965-626b-562e-ba34-3a2ae16c7328,-29.71,USD,-29.71,,2025-09-29,8d5d7df5-91ea-5998-8eea-33179599a118,confirmed,,manual,{},PLANET FITNESS,0.97,,2025-09-29T00:00:00
db1027c1-1204-525f-900d-4090e4ab711c,fb1ad2c1-a5b0-5ae0-9d88-507024507a14,494fb35b-ea2e-5ea2-8e6a-da836c11e230,dac49113-c1bb-5b26-8af5-745de0febf46,d97309cb-eeb8-505a-9948-eec2d33394db,-153.20,USD,-153.20,,2025-09-29,077786c2-88f8-517e-9a65-266b802523c4,confirmed,,plaid,{'recurring': True},HOME DEPOT #2382 PURCHASE,0.93,,2025-09-29T00:00:00
d92f7236-a542-568d-83e2-f5369e80ae27,fb1ad2c1-a5b0-5ae0-9d88-507024507a14,de3e3182-4126-54b8-a5b3-1fbacfb03c9e,dac49113-c1bb-5b26-8af5-745de0febf46,d97309cb-eeb8-505a-9948-eec2d33394db,-18.38,USD,-18.38,,2025-09-29,ccb8e507-d6df-51d3-9c6b-2af43847184c,confirmed,,manual,{'recurring': True},HOME DEPOT #6172 DEBIT,0.83,,2025-09-29T00:00:00
cb14b191-d94e-5ac3-845c-abeb91d871ee,532788bd-1641-5dc9-b246-c4397ed4af60,859c8fb0-d2a2-5d68-ad57-6ad36dcbffcc,6a8ed953-2c24-5301-8d91-e6aa9dcfeadf,f573b94f-d6d1-51c3-a8dd-9f4c61a57329,-112.73,USD,-112.73,,2025-09-30,bf16b8ec-849c-50c6-9240-c9ae62d9ba69,confirmed,,manual,{'recurring': True},VERIZON WIRELESS 3947,0.7,,2025-09-30T00:00:00
b2073952-1a90-5acb-8806-1acf1e2fc1e7,532788bd-1641-5dc9-b246-c4397ed4af60,859c8fb0-d2a2-5d68-ad57-6ad36dcbffcc,6a8ed953-2c24-5301-8d91-e6aa9dcfeadf,bea56dd3-0d8f-5b9e-8688-1f2c3fcc2a11,-11.27,USD,-11.27,,2025-09-30,fa112a1b-3269-5304-b7dc-1ef8de5dddc0,confirmed,,plaid,{'recurring': True},CHIPOTLE 2506 DEBIT,0.89,,2025-09-30T00:00:00
d08e3da4-7687-5268-9697-1bd586f0efe3,fb1ad2c1-a5b0-5ae0-9d88-507024507a14,494fb35b-ea2e-5ea2-8e6a-da836c11e230,dac49113-c1bb-5b26-8af5-745de0febf46,d97309cb-eeb8-505a-9948-eec2d33394db,-270.36,USD,-270.36,,2025-09-30,ccb8e507-d6df-51d3-9c6b-2af43847184c,confirmed,,manual,{},HOME DEPOT #5826 ,0.98,,2025-09-30T00:00:00
abbace9c-bcd0-55e2-91e7-92bb755cea2d,fb1ad2c1-a5b0-5ae0-9d88-507024507a14,494fb35b-ea2e-5ea2-8e6a-da836c11e230,dac49113-c1bb-5b26-8af5-745de0febf46,d97309cb-eeb8-505a-9948-eec2d33394db,-218.89,USD,-218.89,,2025-09-30,ccb8e507-d6df-51d3-9c6b-2af43847184c,confirmed,,manual,{},HOME DEPOT #2194 DEBIT,0.71,,2025-09-30T00:00:00
52ff7879-a406-5eec-8f85-8b65d4a40b3f,532788bd-1641-5dc9-b246-c4397ed4af60,859c8fb0-d2a2-5d68-ad57-6ad36dcbffcc,6a8ed953-2c24-5301-8d91-e6aa9dcfeadf,8b093965-626b-562e-ba34-3a2ae16c7328,-27.28,USD,-27.28,,2025-10-01,875ccc19-66e7-5835-86a5-73be20384685,draft,,manual,{},PLANET FITNESS,0.86,,2025-10-01T00:00:00
e7cb1d32-9a25-5e99-980d-1bd4a15fcee6,532788bd-1641-5dc9-b246-c4397ed4af60,859c8fb0-d2a2-5d68-ad57-6ad36dcbffcc,6a8ed953-2c24-5301-8d91-e6aa9dcfeadf,d553f2a4-b2c8-570b-8de4-81fa86437869,-98.52,USD,-98.52,,2025-10-01,83564403-ac9f-5db5-a4fb-344879db34db,confirmed,,manual,{},WALMART 9759 PAYMENT,0.79,,2025-10-01T00:00:00
e3cbcbbf-9f73-524b-af31-57b00f28dcfc,fb1ad2c1-a5b0-5ae0-9d88-507024507a14,de3e3182-4126-54b8-a5b3-1fbacfb03c9e,dac49113-c1bb-5b26-8af5-745de0febf46,158297b6-5a99-547c-9a9d-4e9a859d9dab,-7.07,USD,-7.07,,2025-10-01,5638caff-364a-55b0-9433-607e4844f64b,confirmed,,manual,{'recurring': True},STARBUCKS 7643 DEBIT,0.96,,2025-10-01T00:00:00
39e6706c-becc-5e75-9a37-0e2fe52cfa08,532788bd-1641-5dc9-b246-c4397ed4af60,859c8fb0-d2a2-5d68-ad57-6ad36dcbffcc,6a8ed953-2c24-5301-8d91-e6aa9dcfeadf,7d5663eb-5e52-5077-9815-788af0c1bfc3,-5.63,USD,-5.63,,2025-10-02,de3f2bc4-947e-5d7b-a51e-d6da6178c1df,confirmed,,plaid,{},MCDONALD'S #6527,0.99,,2025-10-02T00:00:00
9219ad5c-ce29-55d2-8aa2-0d3b9c716bf1,fb1ad2c1-a5b0-5ae0-9d88-507024507a14,de3e3182-4126-54b8-a5b3-1fbacfb03c9e,dac49113-c1bb-5b26-8af5-745de0febf46,d97309cb-eeb8-505a-9948-eec2d33394db,-43.49,USD,-43.49,,2025-10-02,ccb8e507-d6df-51d3-9c6b-2af43847184c,confirmed,,manual,{},HOME DEPOT #1256 ,0.73,,2025-10-02T00:00:00
051149a8-f704-5cde-818c-bad7eb5b25ca,fb1ad2c1-a5b0-5ae0-9d88-507024507a14,494fb35b-ea2e-5ea2-8e6a-da836c11e230,dac49113-c1bb-5b26-8af5-745de0febf46,d97309cb-eeb8-505a-9948-eec2d33394db,-132.43,USD,-132.43,,2025-10-03,ccb8e507-d6df-51d3-9c6b-2af43847184c,confirmed,,manual,{},HOME DEPOT #3949 ,0.93,,2025-10-03T00:00:00
2cef1dd6-8366-5a76-b13f-ee631fafaa0f,fb1ad2c1-a5b0-5ae0-9d88-507024507a14,de3e3182-4126-54b8-a5b3-1fbacfb03c9e,dac49113-c1bb-5b26-8af5-745de0febf46,c905592e-a82b-5c8e-904a-d39c475430ef,-54.78,USD,-54.78,,2025-10-03,f43ab923-88d2-5d30-b514-e67d3c90367a,confirmed,,manual,{},SHELL OIL 4173 DEBIT,0.75,,2025-10-03T00:00:00
858a333f-c5e5-5288-9987-3cd7a605b59e,532788bd-1641-5dc9-b246-c4397ed4af60,859c8fb0-d2a2-5d68-ad57-6ad36dcbffcc,6a8ed953-2c24-5301-8d91-e6aa9dcfeadf,2b4a9416-2f9a-5c84-8a99-089c2a8da440,-78.25,USD,-78.25,,2025-10-04,06a5f4d3-67e1-5147-a99f-8e6859ddba5e,confirmed,,manual,{},COMCAST 3589,0.77,,2025-10-04T00:00:00
4d2471d4-d88c-523f-ad92-4934fe27f5f0,532788bd-1641-5dc9-b246-c4397ed4af60,859c8fb0-d2a2-5d68-ad57-6ad36dcbffcc,6a8ed953-2c24-5301-8d91-e6aa9dcfeadf,5813fb16-6db8-5fd5-9486-97b3414b3ad6,-43.01,USD,-43.01,,2025-10-04,83564403-ac9f-5db5-a4fb-344879db34db,confirmed,,manual,{'recurring': True},WHOLE FOODS 4731 DEBIT,0.81,,2025-10-04T00:00:00
61af8bd9-c16a-52d3-9046-177e3f0ed6dc,fb1ad2c1-a5b0-5ae0-9d88-507024507a14,de3e3182-4126-54b8-a5b3-1fbacfb03c9e,dac49113-c1bb-5b26-8af5-745de0febf46,5813fb16-6db8-5fd5-9486-97b3414b3ad6,-41.99,USD,-41.99,,2025-10-04,83564403-ac9f-5db5-a4fb-344879db34db,confirmed,,manual,{'recurring': True},WHOLE FOODS 3784 PURCHASE,0.76,,2025-10-04T00:00:00
ee3ab867-2513-53d7-b364-dbdc304e44f3,fb1ad2c1-a5b0-5ae0-9d88-507024507a14,494fb35b-ea2e-5ea2-8e6a-da836c11e230,dac49113-c1bb-5b26-8af5-745de0febf46,c9ef2dab-c18a-5c65-bdc7-b6b34f18356e,-20.84,USD,-20.84,,2025-10-04,f4256214-1f20-597d-abac-553feefc5cd8,confirmed,,plaid,{},CVS PHARMACY #1203,0.77,,2025-10-04T00:00:00
67fd67d8-a8a6-5269-ad1b-23bc4bf13699,532788bd-1641-5dc9-b246-c4397ed4af60,859c8fb0-d2a2-5d68-ad57-6ad36dcbffcc,6a8ed953-2c24-5301-8d91-e6aa9dcfeadf,808b3755-614e-5b7e-ba90-ef88c5558ae5,-20.52,USD,-20.52,,2025-10-05,d765f3b4-e63d-5ea7-8e05-58458f986634,confirmed,,manual,{},LYFT,0.91,,2025-10-05T00:00:00
6864d835-f8ab-58ce-8807-423a3450505d,fb1ad2c1-a5b0-5ae0-9d88-507024507a14,de3e3182-4126-54b8-a5b3-1fbacfb03c9e,dac49113-c1bb-5b26-8af5-745de0febf46,b7475634-9a3f-5b47-9978-5578a1ceb107,-117.96,USD,-117.96,,2025-10-05,ba8264d5-be92-573d-bee0-fc77ba1eba53,confirmed,,manual,{},MACY'S,0.8,,2025-10-05T00:00:00
ef187ec6-7b65-5540-8e20-224cda3090d3,532788bd-1641-5dc9-b246-c4397ed4af60,c7c53ab9-c6fe-5a0b-b3a8-36f12237d898,6a8ed953-2c24-5301-8d91-e6aa9dcfeadf,b8eadc23-f654-5613-9f2a-cf111cf0ed88,-55.24,USD,-55.24,,2025-10-06,83564403-ac9f-5db5-a4fb-344879db34db,confirmed,,plaid,{},TRADER JOE'S #3871,0.8,,2025-10-06T00:00:00
f4c35cc1-1bcf-585e-b572-08079895e30e,532788bd-1641-5dc9-b246-c4397ed4af60,859c8fb0-d2a2-5d68-ad57-6ad36dcbffcc,6a8ed953-2c24-5301-8d91-e6aa9dcfeadf,c905592e-a82b-5c8e-904a-d39c475430ef,-46.04,USD,-46.04,,2025-10-06,f43ab923-88d2-5d30-b514-e67d3c90367a,confirmed,,plaid,{},SHELL OIL 8501 DEBIT,0.99,,2025-10-06T00:00:00
0e19645e-81cb-5e05-ba80-562b4c7d6b42,532788bd-1641-5dc9-b246-c4397ed4af60,c7c53ab9-c6fe-5a0b-b3a8-36f12237d898,6a8ed953-2c24-5301-8d91-e6aa9dcfeadf,d97309cb-eeb8-505a-9948-eec2d33394db,-252.96,USD,-252.96,,2025-10-06,ccb8e507-d6df-51d3-9c6b-2af43847184c,confirmed,,manual,{},HOME DEPOT #6616 PAYMENT,0.87,,2025-10-06T00:00:00
d7be0f11-7d7c-5f3f-bf25-179362e547b1,fb1ad2c1-a5b0-5ae0-9d88-507024507a14,494fb35b-ea2e-5ea2-8e6a-da836c11e230,dac49113-c1bb-5b26-8af5-745de0febf46,d97309cb-eeb8-505a-9948-eec2d33394db,-234.38,USD,-234.38,,2025-10-06,ccb8e507-d6df-51d3-9c6b-2af43847184c,confirmed,,plaid,{},HOME DEPOT #6785 PAYMENT,0.75,,2025-10-06T00:00:00
a90da48b-10f1-5ae9-9f95-1f384f1e0ded,532788bd-1641-5dc9-b246-c4397ed4af60,c7c53ab9-c6fe-5a0b-b3a8-36f12237d898,6a8ed953-2c24-5301-8d91-e6aa9dcfeadf,2d8b3f27-58fe-5583-8d7e-995c79ade98a,-97.91,USD,-97.91,,2025-10-07,83564403-ac9f-5db5-a4fb-344879db34db,confirmed,,plaid,{'recurring': True},KROGER #1408,0.98,,2025-10-07T00:00:00
42ebf297-aa8a-5b42-8bd7-4c0570f1462a,532788bd-1641-5dc9-b246-c4397ed4af60,c7c53ab9-c6fe-5a0b-b3a8-36f12237d898,6a8ed953-2c24-5301-8d91-e6aa9dcfeadf,f573b94f-d6d1-51c3-a8dd-9f4c61a57329,-115.78,USD,-115.78,,2025-10-07,0c9330d7-1154-5540-9033-ff3ccdfd842d,confirmed,,manual,{},VERIZON WIRELESS 1369,0.99,,2025-10-07T00:00:00
53346507-fe27-5c62-bd25-4ea364d02c57,fb1ad2c1-a5b0-5ae0-9d88-507024507a14,de3e3182-4126-54b8-a5b3-1fbacfb03c9e,dac49113-c1bb-5b26-8af5-745de0febf46,f573b94f-d6d1-51c3-a8dd-9f4c61a57329,-124.05,USD,-124.05,,2025-10-07,7c8fb462-7d13-54a2-8a1d-9974bce7d252,confirmed,,manual,{},VERIZON WIRELESS 3423,0.8,,2025-10-07T00:00:00
27dfa943-a451-5f13-810c-bc7b92ef55b1,532788bd-1641-5dc9-b246-c4397ed4af60,c7c53ab9-c6fe-5a0b-b3a8-36f12237d898,6a8ed953-2c24-5301-8d91-e6aa9dcfeadf,aed3c2eb-e1aa-5aab-aed0-039beaa9a52d,-9.99,USD,-9.99,,2025-10-08,8186f853-4ffe-5357-8ca5-adc11ba52b8a,confirmed,,manual,{},SPOTIFY USA,0.79,,2025-10-08T00:00:00
e4df3b0f-7291-55cf-bdc0-c8e6e8e01afa,fb1ad2c1-a5b0-5ae0-9d88-507024507a14,de3e3182-4126-54b8-a5b3-1fbacfb03c9e,dac49113-c1bb-5b26-8af5-745de0febf46,1796e996-84d5-5ef5-a717-a953e2e49c08,-172.11,USD,-172.11,,2025-10-08,b7ec2236-fab9-5f74-9e59-c0476c5dccf2,confirmed,,manual,{},MARRIOTT,0.93,,2025-10-08T00:00:00
1acce8f0-86c6-5bda-8e81-5cf817b862ee,532788bd-1641-5dc9-b246-c4397ed4af60,c7c53ab9-c6fe-5a0b-b3a8-36f12237d898,6a8ed953-2c24-5301-8d91-e6aa9dcfeadf,c9ef2dab-c18a-5c65-bdc7-b6b34f18356e,-22.29,USD,-22.29,,2025-10-09,dbdc8686-ec42-5ce3-ba3f-5424fe985322,confirmed,,manual,{'recurring': True},CVS PHARMACY #1439,0.95,,2025-10-09T00:00:00
279b53e1-8ec7-5e95-9aae-65c116ea6ac1,fb1ad2c1-a5b0-5ae0-9d88-507024507a14,494fb35b-ea2e-5ea2-8e6a-da836c11e230,dac49113-c1bb-5b26-8af5-745de0febf46,d97309cb-eeb8-505a-9948-eec2d33394db,-255.90,USD,-255.90,,2025-10-09,ccb8e507-d6df-51d3-9c6b-2af43847184c,confirmed,,plaid,{},HOME DEPOT #3394 PAYMENT,0.72,,2025-10-09T00:00:00
4b4f6c0b-2420-51d9-999c-2e2f7d1fa154,fb1ad2c1-a5b0-5ae0-9d88-507024507a14,494fb35b-ea2e-5ea2-8e6a-da836c11e230,dac49113-c1bb-5b26-8af5-745de0febf46,bbc36a1d-bf0a-5d6c-ae4f-ff309f63cf39,-298.42,USD,-298.42,,2025-10-09,ba8264d5-be92-573d-bee0-fc77ba1eba53,confirmed,,manual,{},BEST BUY,0.85,,2025-10-09T00:00:00
2c09dd60-7573-50f0-8772-5d5c2e572804,fb1ad2c1-a5b0-5ae0-9d88-507024507a14,de3e3182-4126-54b8-a5b3-1fbacfb03c9e,dac49113-c1bb-5b26-8af5-745de0febf46,bbc36a1d-bf0a-5d6c-ae4f-ff309f63cf39,-271.10,USD,-271.10,,2025-10-10,aee92619-ae79-565c-a988-70e59f94bc78,confirmed,,manual,{},BEST BUY,0.74,,2025-10-10T00:00:00
b04453fa-e09b-51ce-860b-19188d090340,532788bd-1641-5dc9-b246-c4397ed4af60,c7c53ab9-c6fe-5a0b-b3a8-36f12237d898,6a8ed953-2c24-5301-8d91-e6aa9dcfeadf,2b4a9416-2f9a-5c84-8a99-089c2a8da440,-83.92,USD,-83.92,,2025-10-11,7c8fb462-7d13-54a2-8a1d-9974bce7d252,confirmed,,manual,{},COMCAST 2085,0.98,,2025-10-11T00:00:00
c2c1e51b-181d-5fcb-9561-ff024a65fe7a,532788bd-1641-5dc9-b246-c4397ed4af60,c7c53ab9-c6fe-5a0b-b3a8-36f12237d898,6a8ed953-2c24-5301-8d91-e6aa9dcfeadf,d97309cb-eeb8-505a-9948-eec2d33394db,-56.48,USD,-56.48,,2025-10-11,ccb8e507-d6df-51d3-9c6b-2af43847184c,confirmed,,plaid,{},HOME DEPOT #6770 PURCHASE,0.72,,2025-10-11T00:00:00
c3db92a9-d928-58b7-8693-718526f652e5,fb1ad2c1-a5b0-5ae0-9d88-507024507a14,494fb35b-ea2e-5ea2-8e6a-da836c11e230,dac49113-c1bb-5b26-8af5-745de0febf46,4af9f4ae-4781-5cb6-8281-5c9f09d25ac0,-109.18,USD,-109.18,,2025-10-11,12915486-2f7b-557e-9d40-6d2f4442ed6d,confirmed,,plaid,{},TARGET 4506 ,0.99,,2025-10-11T00:00:00
75aea2b6-c9ae-5be2-a35b-f9eea24428b9,fb1ad2c1-a5b0-5ae0-9d88-507024507a14,de3e3182-4126-54b8-a5b3-1fbacfb03c9e,dac49113-c1bb-5b26-8af5-745de0febf46,d97309cb-eeb8-505a-9948-eec2d33394db,-210.81,USD,-210.81,,2025-10-11,ccb8e507-d6df-51d3-9c6b-2af43847184c,draft,,manual,{},HOME DEPOT #7672 PAYMENT,0.72,,2025-10-11T00:00:00
4ea86236-d386-59ac-bc9c-57c53fe9dcb5,532788bd-1641-5dc9-b246-c4397ed4af60,859c8fb0-d2a2-5d68-ad57-6ad36dcbffcc,6a8ed953-2c24-5301-8d91-e6aa9dcfeadf,41d50eda-694c-5967-8780-12cd00399dab,-6.66,USD,-6.66,,2025-10-12,fa112a1b-3269-5304-b7dc-1ef8de5dddc0,confirmed,,manual,{},DUNKIN',0.99,,2025-10-12T00:00:00
0bc02cd2-3ce1-50bf-bcc6-c9b65e11d048,fb1ad2c1-a5b0-5ae0-9d88-507024507a14,de3e3182-4126-54b8-a5b3-1fbacfb03c9e,dac49113-c1bb-5b26-8af5-745de0febf46,68f0922a-39b9-507c-92a6-e2500de5f321,-121.43,USD,-121.43,,2025-10-12,83564403-ac9f-5db5-a4fb-344879db34db,confirmed,,manual,{},COSTCO WHSE #4815,0.93,,2025-10-12T00:00:00
f3dfeffb-566e-53a2-aa40-3b210665a3bc,fb1ad2c1-a5b0-5ae0-9d88-507024507a14,de3e3182-4126-54b8-a5b3-1fbacfb03c9e,dac49113-c1bb-5b26-8af5-745de0febf46,c9ef2dab-c18a-5c65-bdc7-b6b34f18356e,-21.65,USD,-21.65,,2025-10-12,dbdc8686-ec42-5ce3-ba3f-5424fe985322,confirmed,,manual,{},CVS PHARMACY #9379,0.78,,2025-10-12T00:00:00
53253b69-8a1e-58fc-ae73-b4161d0b4089,532788bd-1641-5dc9-b246-c4397ed4af60,c7c53ab9-c6fe-5a0b-b3a8-36f12237d898,6a8ed953-2c24-5301-8d91-e6aa9dcfeadf,bea56dd3-0d8f-5b9e-8688-1f2c3fcc2a11,-14.96,USD,-14.96,,2025-10-13,6beed52e-4ccd-593d-890d-ce94bd2b2745,confirmed,,manual,{'recurring': True},CHIPOTLE 9887 PAYMENT,0.71,,2025-10-13T00:00:00
5c0a4e12-7ae2-57c6-854e-a633d62e5307,532788bd-1641-5dc9-b246-c4397ed4af60,859c8fb0-d2a2-5d68-ad57-6ad36dcbffcc,6a8ed953-2c24-5301-8d91-e6aa9dcfeadf,8989e0bc-e443-55e5-9e3f-e2a8f32ee6d7,-15.49,USD,-15.49,,2025-10-13,ea950238-0d12-58ed-8e20-085ecb1a6754,confirmed,,manual,{},NETFLIX.COM,0.87,,2025-10-13T00:00:00
0f8247ed-5f61-5017-be46-bcbead704f07,532788bd-1641-5dc9-b246-c4397ed4af60,c7c53ab9-c6fe-5a0b-b3a8-36f12237d898,6a8ed953-2c24-5301-8d91-e6aa9dcfeadf,d97309cb-eeb8-505a-9948-eec2d33394db,-190.83,USD,-190.83,,2025-10-14,ccb8e507-d6df-51d3-9c6b-2af43847184c,confirmed,,manual,{},HOME DEPOT #6250 DEBIT,0.81,,2025-10-14T00:00:00
4b18137a-239e-5c9f-ab61-04e1f29c6719,fb1ad2c1-a5b0-5ae0-9d88-507024507a14,de3e3182-4126-54b8-a5b3-1fbacfb03c9e,dac49113-c1bb-5b26-8af5-745de0febf46,2b4a9416-2f9a-5c84-8a99-089c2a8da440,-100.89,USD,-100.89,,2025-10-14,bf16b8ec-849c-50c6-9240-c9ae62d9ba69,confirmed,,plaid,{},COMCAST 6755,0.79,,2025-10-14T00:00:00
77a7021f-3447-5ab8-b268-5d31a92ccd56,532788bd-1641-5dc9-b246-c4397ed4af60,c7c53ab9-c6fe-5a0b-b3a8-36f12237d898,6a8ed953-2c24-5301-8d91-e6aa9dcfeadf,c905592e-a82b-5c8e-904a-d39c475430ef,-60.90,USD,-60.90,,2025-10-15,f43ab923-88d2-5d30-b514-e67d3c90367a,confirmed,,manual,{},SHELL OIL 1334 ,0.82,,2025-10-15T00:00:00
04d3c773-f297-53cc-a05c-090fc0b94608,532788bd-1641-5dc9-b246-c4397ed4af60,c7c53ab9-c6fe-5a0b-b3a8-36f12237d898,6a8ed953-2c24-5301-8d91-e6aa9dcfeadf,d97309cb-eeb8-505a-9948-eec2d33394db,-156.57,USD,-156.57,,2025-10-15,ccb8e507-d6df-51d3-9c6b-2af43847184c,draft,,plaid,{},HOME DEPOT #5907 PAYMENT,0.95,,2025-10-15T00:00:00
3acd50e4-6bf9-515f-bebd-c19d93f02ea6,532788bd-1641-5dc9-b246-c4397ed4af60,c7c53ab9-c6fe-5a0b-b3a8-36f12237d898,6a8ed953-2c24-5301-8d91-e6aa9dcfeadf,234091f8-66bb-5bb3-84d3-5acfb26b89bb,-17.51,USD,-17.51,,2025-10-15,f43ab923-88d2-5d30-b514-e67d3c90367a,confirmed,,manual,{},UBER *TRIP 2506,0.94,,2025-10-15T00:00:00
8cc6fcf0-de4f-5108-8c7e-367fb85ad30b,fb1ad2c1-a5b0-5ae0-9d88-507024507a14,de3e3182-4126-54b8-a5b3-1fbacfb03c9e,dac49113-c1bb-5b26-8af5-745de0febf46,2b4a9416-2f9a-5c84-8a99-089c2a8da440,-107.47,USD,-107.47,,2025-10-15,0c9330d7-1154-5540-9033-ff3ccdfd842d,confirmed,,manual,{},COMCAST 7788,0.86,,2025-10-15T00:00:00
a977f188-9c08-5cc7-b896-8491c92a2679,532788bd-1641-5dc9-b246-c4397ed4af60,c7c53ab9-c6fe-5a0b-b3a8-36f12237d898,6a8ed953-2c24-5301-8d91-e6aa9dcfeadf,f2a9ca2a-37af-503e-8036-0623ac1a9dbc,-8.76,USD,-8.76,,2025-10-16,12915486-2f7b-557e-9d40-6d2f4442ed6d,confirmed,,manual,{},APPLE.COM/BILL,0.77,,2025-10-16T00:00:00
7e70d519-5f7a-5d21-87cf-5c7794745f19,fb1ad2c1-a5b0-5ae0-9d88-507024507a14,de3e3182-4126-54b8-a5b3-1fbacfb03c9e,dac49113-c1bb-5b26-8af5-745de0febf46,d553f2a4-b2c8-570b-8de4-81fa86437869,-98.75,USD,-98.75,,2025-10-16,83564403-ac9f-5db5-a4fb-344879db34db,confirmed,,plaid,{},WALMART 5702 PURCHASE,0.73,,2025-10-16T00:00:00
0b83792f-0102-5b15-907e-31dc98040807,532788bd-1641-5dc9-b246-c4397ed4af60,859c8fb0-d2a2-5d68-ad57-6ad36dcbffcc,6a8ed953-2c24-5301-8d91-e6aa9dcfeadf,2b4a9416-2f9a-5c84-8a99-089c2a8da440,-133.67,USD,-133.67,,2025-10-17,0c9330d7-1154-5540-9033-ff3ccdfd842d,confirmed,,manual,{'recurring': True},COMCAST 6143,0.9,,2025-10-17T00:00:00
2de32cac-be84-5c85-b39d-b1071f12d099,532788bd-1641-5dc9-b246-c4397ed4af60,c7c53ab9-c6fe-5a0b-b3a8-36f12237d898,6a8ed953-2c24-5301-8d91-e6aa9dcfeadf,c905592e-a82b-5c8e-904a-d39c475430ef,-59.87,USD,-59.87,,2025-10-18,f43ab923-88d2-5d30-b514-e67d3c90367a,confirmed,,manual,{},SHELL OIL 2478 PURCHASE,0.88,,2025-10-18T00:00:00
2fd09be9-2f92-5c9a-8c58-198a0d4e8991,532788bd-1641-5dc9-b246-c4397ed4af60,859c8fb0-d2a2-5d68-ad57-6ad36dcbffcc,6a8ed953-2c24-5301-8d91-e6aa9dcfeadf,1796e996-84d5-5ef5-a717-a953e2e49c08,-268.71,USD,-268.71,,2025-10-18,79c60cc2-48aa-5f74-8871-3cb616b26e25,confirmed,,plaid,{},MARRIOTT,0.91,,2025-10-18T00:00:00
ce89da98-3d9c-5363-a0cd-63f29ec5c09f,fb1ad2c1-a5b0-5ae0-9d88-507024507a14,494fb35b-ea2e-5ea2-8e6a-da836c11e230,dac49113-c1bb-5b26-8af5-745de0febf46,f573b94f-d6d1-51c3-a8dd-9f4c61a57329,-109.89,USD,-109.89,,2025-10-18,2d123316-c022-5b31-8284-b23e61b8e6d0,confirmed,,manual,{'recurring': True},VERIZON WIRELESS 7302,0.91,,2025-10-18T00:00:00
94e2350c-e709-58f4-abdc-475fdfaa5d4b,532788bd-1641-5dc9-b246-c4397ed4af60,859c8fb0-d2a2-5d68-ad57-6ad36dcbffcc,6a8ed953-2c24-5301-8d91-e6aa9dcfeadf,1796e996-84d5-5ef5-a717-a953e2e49c08,-172.56,USD,-172.56,,2025-10-19,7dc4d185-914f-5736-9f4d-8756e08d9766,confirmed,,plaid,{'recurring': True},MARRIOTT,0.89,,2025-10-19T00:00:00
126778e5-5638-5d8f-a695-60deb4bdafc3,fb1ad2c1-a5b0-5ae0-9d88-507024507a14,de3e3182-4126-54b8-a5b3-1fbacfb03c9e,dac49113-c1bb-5b26-8af5-745de0febf46,d97309cb-eeb8-505a-9948-eec2d33394db,-149.26,USD,-149.26,,2025-10-19,bdba84aa-8286-5caf-8252-985e2f2f3c1a,confirmed,,manual,{},HOME DEPOT #7920 DEBIT,0.81,,2025-10-19T00:00:00
dfae2811-91c3-5710-b003-ea16bfdbc899,fb1ad2c1-a5b0-5ae0-9d88-507024507a14,494fb35b-ea2e-5ea2-8e6a-da836c11e230,dac49113-c1bb-5b26-8af5-745de0febf46,a00cde6f-8b9f-5006-9541-fdeeb8008d4f,-153.59,USD,-153.59,,2025-10-19,ba8264d5-be92-573d-bee0-fc77ba1eba53,confirmed,,manual,{},Amazon.com 3229 DEBIT,0.72,,2025-10-19T00:00:00
dd4eaa7d-5d66-586c-8b5f-ea39d92d5485,532788bd-1641-5dc9-b246-c4397ed4af60,859c8fb0-d2a2-5d68-ad57-6ad36dcbffcc,6a8ed953-2c24-5301-8d91-e6aa9dcfeadf,d97309cb-eeb8-505a-9948-eec2d33394db,-214.86,USD,-214.86,,2025-10-20,ccb8e507-d6df-51d3-9c6b-2af43847184c,confirmed,,plaid,{},HOME DEPOT #7570 ,0.81,,2025-10-20T00:00:00
548eb184-40bf-54b5-a193-00224931e1fe,532788bd-1641-5dc9-b246-c4397ed4af60,c7c53ab9-c6fe-5a0b-b3a8-36f12237d898,6a8ed953-2c24-5301-8d91-e6aa9dcfeadf,f2a9ca2a-37af-503e-8036-0623ac1a9dbc,-24.99,USD,-24.99,,2025-10-20,ba8264d5-be92-573d-bee0-fc77ba1eba53,confirmed,,plaid,{},APPLE.COM/BILL,0.96,,2025-10-20T00:00:00
74c4fbc9-fefc-5232-8c0c-1b4bec88041e,fb1ad2c1-a5b0-5ae0-9d88-507024507a14,de3e3182-4126-54b8-a5b3-1fbacfb03c9e,dac49113-c1bb-5b26-8af5-745de0febf46,d97309cb-eeb8-505a-9948-eec2d33394db,-298.63,USD,-298.63,,2025-10-20,bdba84aa-8286-5caf-8252-985e2f2f3c1a,confirmed,,plaid,{},HOME DEPOT #7853 PURCHASE,0.99,,2025-10-20T00:00:00
b195bfae-639b-53ad-b444-65e715171e99,532788bd-1641-5dc9-b246-c4397ed4af60,c7c53ab9-c6fe-5a0b-b3a8-36f12237d898,6a8ed953-2c24-5301-8d91-e6aa9dcfeadf,f573b94f-d6d1-51c3-a8dd-9f4c61a57329,-65.35,USD,-65.35,,2025-10-21,2d123316-c022-5b31-8284-b23e61b8e6d0,confirmed,,manual,{},VERIZON WIRELESS 7466,0.78,,2025-10-21T00:00:00
e31983a1-249a-5c8c-bf9e-da5220238a77,532788bd-1641-5dc9-b246-c4397ed4af60,c7c53ab9-c6fe-5a0b-b3a8-36f12237d898,6a8ed953-2c24-5301-8d91-e6aa9dcfeadf,b7475634-9a3f-5b47-9978-5578a1ceb107,-183.36,USD,-183.36,,2025-10-21,c41a2c56-8547-5a0c-aaec-8c24b93da49d,confirmed,,manual,{},MACY'S,0.74,,2025-10-21T00:00:00
de2fae75-9e37-5a97-aed3-f4aff08edb80,fb1ad2c1-a5b0-5ae0-9d88-507024507a14,de3e3182-4126-54b8-a5b3-1fbacfb03c9e,dac49113-c1bb-5b26-8af5-745de0febf46,1796e996-84d5-5ef5-a717-a953e2e49c08,-303.23,USD,-303.23,,2025-10-21,79c60cc2-48aa-5f74-8871-3cb616b26e25,confirmed,,plaid,{},MARRIOTT,1.0,,2025-10-21T00:00:00
5995ea23-bdc8-5c2b-a259-2424c1b79f4d,532788bd-1641-5dc9-b246-c4397ed4af60,c7c53ab9-c6fe-5a0b-b3a8-36f12237d898,6a8ed953-2c24-5301-8d91-e6aa9dcfeadf,d97309cb-eeb8-505a-9948-eec2d33394db,-67.20,USD,-67.20,,2025-10-22,ccb8e507-d6df-51d3-9c6b-2af43847184c,confirmed,,manual,{},HOME DEPOT #3679 ,0.81,,2025-10-22T00:00:00
dd7ac126-8d23-5815-b788-545ba3b41306,532788bd-1641-5dc9-b246-c4397ed4af60,859c8fb0-d2a2-5d68-ad57-6ad36dcbffcc,6a8ed953-2c24-5301-8d91-e6aa9dcfeadf,7d5663eb-5e52-5077-9815-788af0c1bfc3,-6.24,USD,-6.24,,2025-10-22,de3f2bc4-947e-5d7b-a51e-d6da6178c1df,confirmed,,manual,{},MCDONALD'S #5654,0.9,,2025-10-22T00:00:00
a81a27c1-dc05-58be-9a2a-9f60259f3b0b,532788bd-1641-5dc9-b246-c4397ed4af60,859c8fb0-d2a2-5d68-ad57-6ad36dcbffcc,6a8ed953-2c24-5301-8d91-e6aa9dcfeadf,2d8b3f27-58fe-5583-8d7e-995c79ade98a,-93.98,USD,-93.98,,2025-10-23,83564403-ac9f-5db5-a4fb-344879db34db,confirmed,,manual,{},KROGER #3519,0.99,,2025-10-23T00:00:00
f1c714fc-77e8-5dc5-a75b-fcfe53b4ba12,532788bd-1641-5dc9-b246-c4397ed4af60,c7c53ab9-c6fe-5a0b-b3a8-36f12237d898,6a8ed953-2c24-5301-8d91-e6aa9dcfeadf,bbc36a1d-bf0a-5d6c-ae4f-ff309f63cf39,-476.43,USD,-476.43,,2025-10-23,c163ef62-5201-5cb2-bf0d-781443a4e5aa,confirmed,,manual,{'recurring': True},BEST BUY,0.78,,2025-10-23T00:00:00
70c15f2f-3004-5c2b-9eb9-b2464473be17,fb1ad2c1-a5b0-5ae0-9d88-507024507a14,de3e3182-4126-54b8-a5b3-1fbacfb03c9e,dac49113-c1bb-5b26-8af5-745de0febf46,2b4a9416-2f9a-5c84-8a99-089c2a8da440,-88.35,USD,-88.35,,2025-10-23,0c9330d7-1154-5540-9033-ff3ccdfd842d,confirmed,,manual,{},COMCAST 1336,0.93,,2025-10-23T00:00:00
fa1d55d6-e46b-52a9-baa0-2da63aa219b3,fb1ad2c1-a5b0-5ae0-9d88-507024507a14,494fb35b-ea2e-5ea2-8e6a-da836c11e230,dac49113-c1bb-5b26-8af5-745de0febf46,a00cde6f-8b9f-5006-9541-fdeeb8008d4f,-167.25,USD,-167.25,,2025-10-24,d4c1f95d-47e8-52f6-8df9-eeb79b606fda,confirmed,,manual,{},Amazon.com 8298 ,0.83,,2025-10-24T00:00:00
3a2f7fe0-628e-5fa1-a0ed-44c44e330e33,532788bd-1641-5dc9-b246-c4397ed4af60,859c8fb0-d2a2-5d68-ad57-6ad36dcbffcc,6a8ed953-2c24-5301-8d91-e6aa9dcfeadf,41d50eda-694c-5967-8780-12cd00399dab,-5.10,USD,-5.10,,2025-10-25,5638caff-364a-55b0-9433-607e4844f64b,confirmed,,manual,{},DUNKIN',0.71,,2025-10-25T00:00:00
ab031272-c2ee-5ee1-8e52-4fad61b3fd4f,532788bd-1641-5dc9-b246-c4397ed4af60,859c8fb0-d2a2-5d68-ad57-6ad36dcbffcc,6a8ed953-2c24-5301-8d91-e6aa9dcfeadf,2d8b3f27-58fe-5583-8d7e-995c79ade98a,-21.95,USD,-21.95,,2025-10-25,83564403-ac9f-5db5-a4fb-344879db34db,confirmed,,manual,{},KROGER #8583,0.82,,2025-10-25T00:00:00
c7e083bd-d2d8-5a76-8c90-fe6fcfd8f2d7,fb1ad2c1-a5b0-5ae0-9d88-507024507a14,494fb35b-ea2e-5ea2-8e6a-da836c11e230,dac49113-c1bb-5b26-8af5-745de0febf46,aed3c2eb-e1aa-5aab-aed0-039beaa9a52d,-9.99,USD,-9.99,,2025-10-25,8186f853-4ffe-5357-8ca5-adc11ba52b8a,confirmed,,manual,{'recurring': True},SPOTIFY USA,0.73,,2025-10-25T00:00:00
bf17b078-8c16-5823-ba8e-751a5857d95f,532788bd-1641-5dc9-b246-c4397ed4af60,c7c53ab9-c6fe-5a0b-b3a8-36f12237d898,6a8ed953-2c24-5301-8d91-e6aa9dcfeadf,bbc36a1d-bf0a-5d6c-ae4f-ff309f63cf39,-368.44,USD,-368.44,,2025-10-26,12915486-2f7b-557e-9d40-6d2f4442ed6d,confirmed,,manual,{'recurring': True},BEST BUY,0.73,,2025-10-26T00:00:00
affd56ad-384c-5ee0-ba48-4d362de69e37,532788bd-1641-5dc9-b246-c4397ed4af60,c7c53ab9-c6fe-5a0b-b3a8-36f12237d898,6a8ed953-2c24-5301-8d91-e6aa9dcfeadf,808b3755-614e-5b7e-ba90-ef88c5558ae5,-12.00,USD,-12.00,,2025-10-26,f43ab923-88d2-5d30-b514-e67d3c90367a,confirmed,,plaid,{},LYFT,0.83,,2025-10-26T00:00:00
6ef251fc-5bb9-5192-9a1f-ca38fee016cc,fb1ad2c1-a5b0-5ae0-9d88-507024507a14,494fb35b-ea2e-5ea2-8e6a-da836c11e230,dac49113-c1bb-5b26-8af5-745de0febf46,d97309cb-eeb8-505a-9948-eec2d33394db,-29.51,USD,-29.51,,2025-10-26,ccb8e507-d6df-51d3-9c6b-2af43847184c,confirmed,,manual,{},HOME DEPOT #8074 ,0.82,,2025-10-26T00:00:00
c9ec839f-9472-5cd7-94d3-b9874255216f,fb1ad2c1-a5b0-5ae0-9d88-507024507a14,de3e3182-4126-54b8-a5b3-1fbacfb03c9e,dac49113-c1bb-5b26-8af5-745de0febf46,4070c9b0-7b80-5ca4-9dcd-613c6df99208,-316.29,USD,-316.29,,2025-10-26,79c60cc2-48aa-5f74-8871-3cb616b26e25,confirmed,,manual,{'recurring': True},HILTON,0.95,,2025-10-26T00:00:00
2e96a66e-f31a-58fe-91eb-1fec08563507,532788bd-1641-5dc9-b246-c4397ed4af60,859c8fb0-d2a2-5d68-ad57-6ad36dcbffcc,6a8ed953-2c24-5301-8d91-e6aa9dcfeadf,f573b94f-d6d1-51c3-a8dd-9f4c61a57329,-108.36,USD,-108.36,,2025-10-27,0c9330d7-1154-5540-9033-ff3ccdfd842d,confirmed,,manual,{},VERIZON WIRELESS 4268,0.98,,2025-10-27T00:00:00
f509b6c5-cd41-591b-b8ae-b4b89fb73949,532788bd-1641-5dc9-b246-c4397ed4af60,c7c53ab9-c6fe-5a0b-b3a8-36f12237d898,6a8ed953-2c24-5301-8d91-e6aa9dcfeadf,808b3755-614e-5b7e-ba90-ef88c5558ae5,-31.78,USD,-31.78,,2025-10-27,51fda6e9-fdf8-5107-ac9c-83867d45beb7,confirmed,,manual,{'recurring': True},LYFT,0.8,,2025-10-27T00:00:00
119da035-8161-5149-a6d5-798f92e996f8,fb1ad2c1-a5b0-5ae0-9d88-507024507a14,494fb35b-ea2e-5ea2-8e6a-da836c11e230,dac49113-c1bb-5b26-8af5-745de0febf46,8989e0bc-e443-55e5-9e3f-e2a8f32ee6d7,-15.49,USD,-15.49,,2025-10-28,65728c1d-c5db-50c9-baf0-84bb2cf68d11,confirmed,,manual,{},NETFLIX.COM,0.99,,2025-10-28T00:00:00
145ad30f-2367-520f-9283-d36c83239ab8,532788bd-1641-5dc9-b246-c4397ed4af60,859c8fb0-d2a2-5d68-ad57-6ad36dcbffcc,6a8ed953-2c24-5301-8d91-e6aa9dcfeadf,d97309cb-eeb8-505a-9948-eec2d33394db,-62.61,USD,-62.61,,2025-10-29,ccb8e507-d6df-51d3-9c6b-2af43847184c,confirmed,,manual,{},HOME DEPOT #6925 PURCHASE,0.85,,2025-10-29T00:00:00
82e5f41e-5e9e-5cd0-8b81-addf01745a13,532788bd-1641-5dc9-b246-c4397ed4af60,c7c53ab9-c6fe-5a0b-b3a8-36f12237d898,6a8ed953-2c24-5301-8d91-e6aa9dcfeadf,a00cde6f-8b9f-5006-9541-fdeeb8008d4f,-52.84,USD,-52.84,,2025-10-30,c163ef62-5201-5cb2-bf0d-781443a4e5aa,confirmed,,manual,{},Amazon.com 5698 PURCHASE,0.82,,2025-10-30T00:00:00
a661064b-8001-54da-8032-bb9f9d8c9228,532788bd-1641-5dc9-b246-c4397ed4af60,c7c53ab9-c6fe-5a0b-b3a8-36f12237d898,6a8ed953-2c24-5301-8d91-e6aa9dcfeadf,8989e0bc-e443-55e5-9e3f-e2a8f32ee6d7,-15.49,USD,-15.49,,2025-10-30,8186f853-4ffe-5357-8ca5-adc11ba52b8a,confirmed,,manual,{'recurring': True},NETFLIX.COM,0.85,,2025-10-30T00:00:00
434acbad-efc1-5ca5-aea7-31768f6c0235,fb1ad2c1-a5b0-5ae0-9d88-507024507a14,494fb35b-ea2e-5ea2-8e6a-da836c11e230,dac49113-c1bb-5b26-8af5-745de0febf46,16a24acb-ea67-57eb-a942-246e8cd94297,-11.99,USD,-11.99,,2025-10-30,65728c1d-c5db-50c9-baf0-84bb2cf68d11,confirmed,,plaid,{},GOOGLE *YOUTUBE PREMIUM,0.82,,2025-10-30T00:00:00
faf13205-87ad-5ee6-b9d7-82adf7c9f06a,532788bd-1641-5dc9-b246-c4397ed4af60,c7c53ab9-c6fe-5a0b-b3a8-36f12237d898,6a8ed953-2c24-5301-8d91-e6aa9dcfeadf,bbc36a1d-bf0a-5d6c-ae4f-ff309f63cf39,-486.88,USD,-486.88,,2025-10-31,c163ef62-5201-5cb2-bf0d-781443a4e5aa,confirmed,,manual,{},BEST BUY,0.79,,2025-10-31T00:00:00
b0e37242-cd75-5403-8a82-5cea0a3aaa90,532788bd-1641-5dc9-b246-c4397ed4af60,c7c53ab9-c6fe-5a0b-b3a8-36f12237d898,6a8ed953-2c24-5301-8d91-e6aa9dcfeadf,bbc36a1d-bf0a-5d6c-ae4f-ff309f63cf39,-496.12,USD,-496.12,,2025-10-31,12915486-2f7b-557e-9d40-6d2f4442ed6d,confirmed,,manual,{},BEST BUY,0.93,,2025-10-31T00:00:00
70ab9b23-2ce4-5056-8872-5ca98b55e42c,fb1ad2c1-a5b0-5ae0-9d88-507024507a14,494fb35b-ea2e-5ea2-8e6a-da836c11e230,dac49113-c1bb-5b26-8af5-745de0febf46,8b093965-626b-562e-ba34-3a2ae16c7328,-13.96,USD,-13.96,,2025-10-31,8d5d7df5-91ea-5998-8eea-33179599a118,confirmed,,manual,{},PLANET FITNESS,0.99,,2025-10-31T00:00:00
5a0add99-c947-53cb-93c7-f87ec4f2dc69,fb1ad2c1-a5b0-5ae0-9d88-507024507a14,494fb35b-ea2e-5ea2-8e6a-da836c11e230,dac49113-c1bb-5b26-8af5-745de0febf46,c905592e-a82b-5c8e-904a-d39c475430ef,-54.97,USD,-54.97,,2025-10-31,51fda6e9-fdf8-5107-ac9c-83867d45beb7,confirmed,,plaid,{},SHELL OIL 5902 PAYMENT,0.86,,2025-10-31T00:00:00
f3599e39-ad94-59b3-ac98-91a9dc906109,532788bd-1641-5dc9-b246-c4397ed4af60,c7c53ab9-c6fe-5a0b-b3a8-36f12237d898,6a8ed953-2c24-5301-8d91-e6aa9dcfeadf,808b3755-614e-5b7e-ba90-ef88c5558ae5,-26.60,USD,-26.60,,2025-11-01,d765f3b4-e63d-5ea7-8e05-58458f986634,confirmed,,plaid,{},LYFT,0.85,,2025-11-01T00:00:00
bcf43c5a-93fe-5e53-8e04-a90160310c1a,fb1ad2c1-a5b0-5ae0-9d88-507024507a14,494fb35b-ea2e-5ea2-8e6a-da836c11e230,dac49113-c1bb-5b26-8af5-745de0febf46,808b3755-614e-5b7e-ba90-ef88c5558ae5,-20.78,USD,-20.78,,2025-11-01,d765f3b4-e63d-5ea7-8e05-58458f986634,confirmed,,manual,{},LYFT,0.82,,2025-11-01T00:00:00
1bb1a8b9-3d84-53de-9115-b840a7b8e4be,fb1ad2c1-a5b0-5ae0-9d88-507024507a14,de3e3182-4126-54b8-a5b3-1fbacfb03c9e,dac49113-c1bb-5b26-8af5-745de0febf46,d97309cb-eeb8-505a-9948-eec2d33394db,-101.90,USD,-101.90,,2025-11-01,ccb8e507-d6df-51d3-9c6b-2af43847184c,confirmed,,plaid,{},HOME DEPOT #5816 ,0.88,,2025-11-01T00:00:00
f3496d76-65bb-5b78-b243-a25cc8aad44d,532788bd-1641-5dc9-b246-c4397ed4af60,859c8fb0-d2a2-5d68-ad57-6ad36dcbffcc,6a8ed953-2c24-5301-8d91-e6aa9dcfeadf,808b3755-614e-5b7e-ba90-ef88c5558ae5,-26.01,USD,-26.01,,2025-11-02,faa9d7bb-1220-5a93-8675-adf7fee33a10,confirmed,,manual,{},LYFT,0.97,,2025-11-02T00:00:00
1928ad9d-41f6-5f1a-92ac-3f68e6588bd6,532788bd-1641-5dc9-b246-c4397ed4af60,859c8fb0-d2a2-5d68-ad57-6ad36dcbffcc,6a8ed953-2c24-5301-8d91-e6aa9dcfeadf,d97309cb-eeb8-505a-9948-eec2d33394db,-174.90,USD,-174.90,,2025-11-03,ccb8e507-d6df-51d3-9c6b-2af43847184c,draft,,plaid,{},HOME DEPOT #4152 DEBIT,0.85,,2025-11-03T00:00:00
fcf07593-00ea-5f05-bc4d-d24488420daa,532788bd-1641-5dc9-b246-c4397ed4af60,c7c53ab9-c6fe-5a0b-b3a8-36f12237d898,6a8ed953-2c24-5301-8d91-e6aa9dcfeadf,d97309cb-eeb8-505a-9948-eec2d33394db,-102.44,USD,-102.44,,2025-11-03,077786c2-88f8-517e-9a65-266b802523c4,confirmed,,manual,{},HOME DEPOT #1965 PAYMENT,0.73,,2025-11-03T00:00:00
d520a9ed-288b-5276-b980-d2cf5d8122d2,fb1ad2c1-a5b0-5ae0-9d88-507024507a14,494fb35b-ea2e-5ea2-8e6a-da836c11e230,dac49113-c1bb-5b26-8af5-745de0febf46,d97309cb-eeb8-505a-9948-eec2d33394db,-172.91,USD,-172.91,,2025-11-03,bdba84aa-8286-5caf-8252-985e2f2f3c1a,confirmed,,manual,{},HOME DEPOT #3057 PAYMENT,0.89,,2025-11-03T00:00:00
aad8b32c-e060-53cd-abdf-e3011777a7cd,fb1ad2c1-a5b0-5ae0-9d88-507024507a14,de3e3182-4126-54b8-a5b3-1fbacfb03c9e,dac49113-c1bb-5b26-8af5-745de0febf46,d97309cb-eeb8-505a-9948-eec2d33394db,-92.89,USD,-92.89,,2025-11-03,bdba84aa-8286-5caf-8252-985e2f2f3c1a,confirmed,,manual,{},HOME DEPOT #6757 PURCHASE,0.92,,2025-11-03T00:00:00
03f17f11-8c47-5a21-a30f-71336c0858a8,532788bd-1641-5dc9-b246-c4397ed4af60,c7c53ab9-c6fe-5a0b-b3a8-36f12237d898,6a8ed953-2c24-5301-8d91-e6aa9dcfeadf,808b3755-614e-5b7e-ba90-ef88c5558ae5,-13.69,USD,-13.69,,2025-11-04,f43ab923-88d2-5d30-b514-e67d3c90367a,confirmed,,manual,{},LYFT,0.9,,2025-11-04T00:00:00
50cb331a-efc3-5ff5-858f-20486d44831a,532788bd-1641-5dc9-b246-c4397ed4af60,859c8fb0-d2a2-5d68-ad57-6ad36dcbffcc,6a8ed953-2c24-5301-8d91-e6aa9dcfeadf,b7475634-9a3f-5b47-9978-5578a1ceb107,-23.65,USD,-23.65,,2025-11-04,c163ef62-5201-5cb2-bf0d-781443a4e5aa,confirmed,,manual,{'recurring': True},MACY'S,0.9,,2025-11-04T00:00:00
e66b49ad-c761-59f8-81b3-71c484efb76e,fb1ad2c1-a5b0-5ae0-9d88-507024507a14,de3e3182-4126-54b8-a5b3-1fbacfb03c9e,dac49113-c1bb-5b26-8af5-745de0febf46,4af9f4ae-4781-5cb6-8281-5c9f09d25ac0,-19.90,USD,-19.90,,2025-11-04,af424ab5-dcc2-5aa4-802d-53e8e99d4579,draft,,manual,{},TARGET 4838 ,0.97,,2025-11-04T00:00:00
7a9417cb-f3c2-5072-92e3-e9ebbaf17fe6,532788bd-1641-5dc9-b246-c4397ed4af60,859c8fb0-d2a2-5d68-ad57-6ad36dcbffcc,6a8ed953-2c24-5301-8d91-e6aa9dcfeadf,f2a9ca2a-37af-503e-8036-0623ac1a9dbc,-5.94,USD,-5.94,,2025-11-05,bcbbc4c0-8642-5b1f-ad56-562045f80345,confirmed,,plaid,{},APPLE.COM/BILL,0.74,,2025-11-05T00:00:00
4f7d03a3-0ca3-588b-b74e-5dbaa98647b7,fb1ad2c1-a5b0-5ae0-9d88-507024507a14,de3e3182-4126-54b8-a5b3-1fbacfb03c9e,dac49113-c1bb-5b26-8af5-745de0febf46,a00cde6f-8b9f-5006-9541-fdeeb8008d4f,-198.43,USD,-198.43,,2025-11-05,ba8264d5-be92-573d-bee0-fc77ba1eba53,confirmed,,manual,{'recurring': True},Amazon.com 1032 ,0.8,,2025-11-05T00:00:00
83b57fd3-3c93-589c-80bd-6ec3b7f368ef,fb1ad2c1-a5b0-5ae0-9d88-507024507a14,494fb35b-ea2e-5ea2-8e6a-da836c11e230,dac49113-c1bb-5b26-8af5-745de0febf46,d97309cb-eeb8-505a-9948-eec2d33394db,-118.02,USD,-118.02,,2025-11-05,ccb8e507-d6df-51d3-9c6b-2af43847184c,confirmed,,manual,{},HOME DEPOT #1769 PAYMENT,0.82,,2025-11-05T00:00:00
13338abe-efac-55aa-8fff-d60628e8ccdf,532788bd-1641-5dc9-b246-c4397ed4af60,859c8fb0-d2a2-5d68-ad57-6ad36dcbffcc,6a8ed953-2c24-5301-8d91-e6aa9dcfeadf,d97309cb-eeb8-505a-9948-eec2d33394db,-122.56,USD,-122.56,,2025-11-06,ccb8e507-d6df-51d3-9c6b-2af43847184c,confirmed,,manual,{},HOME DEPOT #2015 ,0.9,,2025-11-06T00:00:00
e769cd6b-d926-52e2-b663-0a72ae29d0e0,532788bd-1641-5dc9-b246-c4397ed4af60,c7c53ab9-c6fe-5a0b-b3a8-36f12237d898,6a8ed953-2c24-5301-8d91-e6aa9dcfeadf,234091f8-66bb-5bb3-84d3-5acfb26b89bb,-22.51,USD,-22.51,,2025-11-07,d765f3b4-e63d-5ea7-8e05-58458f986634,confirmed,,manual,{},UBER *TRIP 2659,0.8,,2025-11-07T00:00:00
8187634a-db09-500f-a525-bc3aab4b53a4,532788bd-1641-5dc9-b246-c4397ed4af60,859c8fb0-d2a2-5d68-ad57-6ad36dcbffcc,6a8ed953-2c24-5301-8d91-e6aa9dcfeadf,234091f8-66bb-5bb3-84d3-5acfb26b89bb,-36.94,USD,-36.94,,2025-11-07,f43ab923-88d2-5d30-b514-e67d3c90367a,confirmed,,manual,{},UBER *TRIP 6822,0.74,,2025-11-07T00:00:00
8e792fe2-8e55-5892-b18f-69e988f0f39e,532788bd-1641-5dc9-b246-c4397ed4af60,c7c53ab9-c6fe-5a0b-b3a8-36f12237d898,6a8ed953-2c24-5301-8d91-e6aa9dcfeadf,c905592e-a82b-5c8e-904a-d39c475430ef,-57.63,USD,-57.63,,2025-11-07,faa9d7bb-1220-5a93-8675-adf7fee33a10,confirmed,,manual,{},SHELL OIL 3415 ,0.99,,2025-11-07T00:00:00
635281e4-5ac0-5fea-8ab8-5ee48ada0f54,fb1ad2c1-a5b0-5ae0-9d88-507024507a14,de3e3182-4126-54b8-a5b3-1fbacfb03c9e,dac49113-c1bb-5b26-8af5-745de0febf46,bbc36a1d-bf0a-5d6c-ae4f-ff309f63cf39,-352.36,USD,-352.36,,2025-11-07,c163ef62-5201-5cb2-bf0d-781443a4e5aa,confirmed,,plaid,{},BEST BUY,0.96,,2025-11-07T00:00:00
751c7b1a-5061-58a0-9e22-33e67a1ba895,fb1ad2c1-a5b0-5ae0-9d88-507024507a14,494fb35b-ea2e-5ea2-8e6a-da836c11e230,dac49113-c1bb-5b26-8af5-745de0febf46,4070c9b0-7b80-5ca4-9dcd-613c6df99208,-172.96,USD,-172.96,,2025-11-07,b7ec2236-fab9-5f74-9e59-c0476c5dccf2,confirmed,,manual,{'recurring': True},HILTON,0.81,,2025-11-07T00:00:00
9fbe123e-390c-5d76-99bd-424e4c21e356,532788bd-1641-5dc9-b246-c4397ed4af60,c7c53ab9-c6fe-5a0b-b3a8-36f12237d898,6a8ed953-2c24-5301-8d91-e6aa9dcfeadf,808b3755-614e-5b7e-ba90-ef88c5558ae5,-13.25,USD,-13.25,,2025-11-08,f43ab923-88d2-5d30-b514-e67d3c90367a,draft,,plaid,{},LYFT,0.75,,2025-11-08T00:00:00
019ec745-28ad-54fc-bc9d-7e507cc96f43,532788bd-1641-5dc9-b246-c4397ed4af60,859c8fb0-d2a2-5d68-ad57-6ad36dcbffcc,6a8ed953-2c24-5301-8d91-e6aa9dcfeadf,2d8b3f27-58fe-5583-8d7e-995c79ade98a,-35.91,USD,-35.91,,2025-11-08,83564403-ac9f-5db5-a4fb-344879db34db,confirmed,,manual,{'recurring': True},KROGER #3884,0.74,,2025-11-08T00:00:00
4fc7e5d9-afcb-5cec-a805-7b30777f31f7,fb1ad2c1-a5b0-5ae0-9d88-507024507a14,494fb35b-ea2e-5ea2-8e6a-da836c11e230,dac49113-c1bb-5b26-8af5-745de0febf46,d97309cb-eeb8-505a-9948-eec2d33394db,-245.70,USD,-245.70,,2025-11-08,ccb8e507-d6df-51d3-9c6b-2af43847184c,confirmed,,plaid,{},HOME DEPOT #2071 DEBIT,0.76,,2025-11-08T00:00:00
9d306823-5fa6-556d-ab45-e64c555b53c1,fb1ad2c1-a5b0-5ae0-9d88-507024507a14,de3e3182-4126-54b8-a5b3-1fbacfb03c9e,dac49113-c1bb-5b26-8af5-745de0febf46,4af9f4ae-4781-5cb6-8281-5c9f09d25ac0,-90.00,USD,-90.00,,2025-11-08,aee92619-ae79-565c-a988-70e59f94bc78,confirmed,,manual,{},TARGET 3743 ,0.84,,2025-11-08T00:00:00
69fec90e-be2a-500a-b052-9087b0242e6a,532788bd-1641-5dc9-b246-c4397ed4af60,859c8fb0-d2a2-5d68-ad57-6ad36dcbffcc,6a8ed953-2c24-5301-8d91-e6aa9dcfeadf,4070c9b0-7b80-5ca4-9dcd-613c6df99208,-139.49,USD,-139.49,,2025-11-09,79c60cc2-48aa-5f74-8871-3cb616b26e25,confirmed,,manual,{},HILTON,0.71,,2025-11-09T00:00:00
cd250d90-5a3b-5e2b-8124-a7315dd6b438,fb1ad2c1-a5b0-5ae0-9d88-507024507a14,de3e3182-4126-54b8-a5b3-1fbacfb03c9e,dac49113-c1bb-5b26-8af5-745de0febf46,41d50eda-694c-5967-8780-12cd00399dab,-5.22,USD,-5.22,,2025-11-09,fa112a1b-3269-5304-b7dc-1ef8de5dddc0,confirmed,,plaid,{},DUNKIN',0.72,,2025-11-09T00:00:00
cd8b2df2-6b60-582b-87f8-9772923cc0a1,fb1ad2c1-a5b0-5ae0-9d88-507024507a14,494fb35b-ea2e-5ea2-8e6a-da836c11e230,dac49113-c1bb-5b26-8af5-745de0febf46,234091f8-66bb-5bb3-84d3-5acfb26b89bb,-33.15,USD,-33.15,,2025-11-09,faa9d7bb-1220-5a93-8675-adf7fee33a10,confirmed,,plaid,{},UBER *TRIP 2942,0.9,,2025-11-09T00:00:00
452acfc5-d650-52ca-b160-d68930f03663,fb1ad2c1-a5b0-5ae0-9d88-507024507a14,494fb35b-ea2e-5ea2-8e6a-da836c11e230,dac49113-c1bb-5b26-8af5-745de0febf46,8989e0bc-e443-55e5-9e3f-e2a8f32ee6d7,-15.49,USD,-15.49,,2025-11-09,ea950238-0d12-58ed-8e20-085ecb1a6754,confirmed,,manual,{},NETFLIX.COM,0.8,,2025-11-09T00:00:00
489607a2-9596-5129-9486-4973a365f1f3,532788bd-1641-5dc9-b246-c4397ed4af60,859c8fb0-d2a2-5d68-ad57-6ad36dcbffcc,6a8ed953-2c24-5301-8d91-e6aa9dcfeadf,f573b94f-d6d1-51c3-a8dd-9f4c61a57329,-121.26,USD,-121.26,,2025-11-10,06a5f4d3-67e1-5147-a99f-8e6859ddba5e,confirmed,,manual,{},VERIZON WIRELESS 4438,0.84,,2025-11-10T00:00:00
be5b20a4-59be-5aa5-9e7a-ecd4baf2706c,532788bd-1641-5dc9-b246-c4397ed4af60,c7c53ab9-c6fe-5a0b-b3a8-36f12237d898,6a8ed953-2c24-5301-8d91-e6aa9dcfeadf,d97309cb-eeb8-505a-9948-eec2d33394db,-74.73,USD,-74.73,,2025-11-10,077786c2-88f8-517e-9a65-266b802523c4,confirmed,,plaid,{},HOME DEPOT #7139 PURCHASE,0.92,,2025-11-10T00:00:00
44191720-fe87-5eca-aef1-2196ed94cc5d,532788bd-1641-5dc9-b246-c4397ed4af60,c7c53ab9-c6fe-5a0b-b3a8-36f12237d898,6a8ed953-2c24-5301-8d91-e6aa9dcfeadf,2b4a9416-2f9a-5c84-8a99-089c2a8da440,-90.32,USD,-90.32,,2025-11-10,06a5f4d3-67e1-5147-a99f-8e6859ddba5e,confirmed,,manual,{},COMCAST 9757,0.99,,2025-11-10T00:00:00
a731ba05-1356-51d9-b257-e59c12b470f5,fb1ad2c1-a5b0-5ae0-9d88-507024507a14,494fb35b-ea2e-5ea2-8e6a-da836c11e230,dac49113-c1bb-5b26-8af5-745de0febf46,bbc36a1d-bf0a-5d6c-ae4f-ff309f63cf39,-254.53,USD,-254.53,,2025-11-10,d4c1f95d-47e8-52f6-8df9-eeb79b606fda,confirmed,,manual,{},BEST BUY,0.77,,2025-11-10T00:00:00
ae448c37-21c4-5072-9165-bb42f3e38757,532788bd-1641-5dc9-b246-c4397ed4af60,859c8fb0-d2a2-5d68-ad57-6ad36dcbffcc,6a8ed953-2c24-5301-8d91-e6aa9dcfeadf,8b093965-626b-562e-ba34-3a2ae16c7328,-41.67,USD,-41.67,,2025-11-11,a519e456-2deb-59d8-a983-e0e4e0e88abb,confirmed,,manual,{},PLANET FITNESS,0.97,,2025-11-11T00:00:00
1f98cf2f-74a0-5a81-a253-333ed61afeed,532788bd-1641-5dc9-b246-c4397ed4af60,c7c53ab9-c6fe-5a0b-b3a8-36f12237d898,6a8ed953-2c24-5301-8d91-e6aa9dcfeadf,b8eadc23-f654-5613-9f2a-cf111cf0ed88,-25.32,USD,-25.32,,2025-11-11,83564403-ac9f-5db5-a4fb-344879db34db,confirmed,,manual,{'recurring': True},TRADER JOE'S #9232,0.83,,2025-11-11T00:00:00
3470807b-6bc8-5c61-bab1-7056cbc5f051,532788bd-1641-5dc9-b246-c4397ed4af60,859c8fb0-d2a2-5d68-ad57-6ad36dcbffcc,6a8ed953-2c24-5301-8d91-e6aa9dcfeadf,d97309cb-eeb8-505a-9948-eec2d33394db,-146.16,USD,-146.16,,2025-11-11,ccb8e507-d6df-51d3-9c6b-2af43847184c,confirmed,,manual,{},HOME DEPOT #5717 ,0.95,,2025-11-11T00:00:00
368733fc-2b18-5e96-9ff8-3dbb58d137c2,fb1ad2c1-a5b0-5ae0-9d88-507024507a14,494fb35b-ea2e-5ea2-8e6a-da836c11e230,dac49113-c1bb-5b26-8af5-745de0febf46,2b4a9416-2f9a-5c84-8a99-089c2a8da440,-143.31,USD,-143.31,,2025-11-11,bf16b8ec-849c-50c6-9240-c9ae62d9ba69,confirmed,,plaid,{},COMCAST 7447,0.89,,2025-11-11T00:00:00
4b7e9d31-9890-5045-9ba5-f9e9d25182b8,fb1ad2c1-a5b0-5ae0-9d88-507024507a14,de3e3182-4126-54b8-a5b3-1fbacfb03c9e,dac49113-c1bb-5b26-8af5-745de0febf46,4af9f4ae-4781-5cb6-8281-5c9f09d25ac0,-109.96,USD,-109.96,,2025-11-11,af424ab5-dcc2-5aa4-802d-53e8e99d4579,confirmed,,manual,{},TARGET 7041 DEBIT,0.75,,2025-11-11T00:00:00
ba270aea-1ee4-504b-9d47-627eada617d3,532788bd-1641-5dc9-b246-c4397ed4af60,c7c53ab9-c6fe-5a0b-b3a8-36f12237d898,6a8ed953-2c24-5301-8d91-e6aa9dcfeadf,d97309cb-eeb8-505a-9948-eec2d33394db,-206.03,USD,-206.03,,2025-11-12,bdba84aa-8286-5caf-8252-985e2f2f3c1a,confirmed,,plaid,{},HOME DEPOT #8558 DEBIT,0.83,,2025-11-12T00:00:00
6064459d-4f97-59f9-bda3-c3a0ec84eb0a,532788bd-1641-5dc9-b246-c4397ed4af60,859c8fb0-d2a2-5d68-ad57-6ad36dcbffcc,6a8ed953-2c24-5301-8d91-e6aa9dcfeadf,bbc36a1d-bf0a-5d6c-ae4f-ff309f63cf39,-123.76,USD,-123.76,,2025-11-12,aee92619-ae79-565c-a988-70e59f94bc78,confirmed,,manual,{},BEST BUY,0.88,,2025-11-12T00:00:00
feb0f19c-7b24-5563-8b1e-419e6923c339,532788bd-1641-5dc9-b246-c4397ed4af60,859c8fb0-d2a2-5d68-ad57-6ad36dcbffcc,6a8ed953-2c24-5301-8d91-e6aa9dcfeadf,234091f8-66bb-5bb3-84d3-5acfb26b89bb,-15.44,USD,-15.44,,2025-11-13,51fda6e9-fdf8-5107-ac9c-83867d45beb7,confirmed,,manual,{},UBER *TRIP 6298,0.76,,2025-11-13T00:00:00
f7447954-54b0-52d5-8b05-acc2bddefdbf,532788bd-1641-5dc9-b246-c4397ed4af60,859c8fb0-d2a2-5d68-ad57-6ad36dcbffcc,6a8ed953-2c24-5301-8d91-e6aa9dcfeadf,d97309cb-eeb8-505a-9948-eec2d33394db,-34.19,USD,-34.19,,2025-11-13,ccb8e507-d6df-51d3-9c6b-2af43847184c,draft,,manual,{},HOME DEPOT #5940 ,0.94,,2025-11-13T00:00:00
67d1b2d7-d7b8-5ab4-9ea4-22a58a2d65de,fb1ad2c1-a5b0-5ae0-9d88-507024507a14,494fb35b-ea2e-5ea2-8e6a-da836c11e230,dac49113-c1bb-5b26-8af5-745de0febf46,d97309cb-eeb8-505a-9948-eec2d33394db,-208.20,USD,-208.20,,2025-11-13,ccb8e507-d6df-51d3-9c6b-2af43847184c,draft,,manual,{},HOME DEPOT #3872 PAYMENT,0.71,,2025-11-13T00:00:00
eb0e23b6-92d5-53df-a182-550cdd78445c,fb1ad2c1-a5b0-5ae0-9d88-507024507a14,494fb35b-ea2e-5ea2-8e6a-da836c11e230,dac49113-c1bb-5b26-8af5-745de0febf46,c905592e-a82b-5c8e-904a-d39c475430ef,-52.62,USD,-52.62,,2025-11-13,938be465-3e19-5055-b08e-939e392f553f,confirmed,,manual,{},SHELL OIL 1347 DEBIT,0.89,,2025-11-13T00:00:00
d112257a-ee7c-53d4-8a83-911de835f625,532788bd-1641-5dc9-b246-c4397ed4af60,859c8fb0-d2a2-5d68-ad57-6ad36dcbffcc,6a8ed953-2c24-5301-8d91-e6aa9dcfeadf,16a24acb-ea67-57eb-a942-246e8cd94297,-11.99,USD,-11.99,,2025-11-14,b2297a61-f8d6-53cc-b11d-49ea16c81db3,confirmed,,plaid,{'recurring': True},GOOGLE *YOUTUBE PREMIUM,0.91,,2025-11-14T00:00:00
abdee7c0-99b6-5be3-a2f8-2412968ed79a,532788bd-1641-5dc9-b246-c4397ed4af60,859c8fb0-d2a2-5d68-ad57-6ad36dcbffcc,6a8ed953-2c24-5301-8d91-e6aa9dcfeadf,158297b6-5a99-547c-9a9d-4e9a859d9dab,-10.61,USD,-10.61,,2025-11-15,5638caff-364a-55b0-9433-607e4844f64b,confirmed,,plaid,{},STARBUCKS 3057 DEBIT,0.72,,2025-11-15T00:00:00
91d17f8f-762c-558c-9860-cd5c51f073aa,532788bd-1641-5dc9-b246-c4397ed4af60,c7c53ab9-c6fe-5a0b-b3a8-36f12237d898,6a8ed953-2c24-5301-8d91-e6aa9dcfeadf,4af9f4ae-4781-5cb6-8281-5c9f09d25ac0,-76.64,USD,-76.64,,2025-11-15,d4c1f95d-47e8-52f6-8df9-eeb79b606fda,confirmed,,manual,{},TARGET 8344 PURCHASE,0.99,,2025-11-15T00:00:00
273be541-d133-5957-aaa2-6ceb1d268f13,532788bd-1641-5dc9-b246-c4397ed4af60,859c8fb0-d2a2-5d68-ad57-6ad36dcbffcc,6a8ed953-2c24-5301-8d91-e6aa9dcfeadf,78bab17d-4ce4-5345-97e7-6969d2e7a5e9,-509.35,USD,-509.35,,2025-11-15,b7ec2236-fab9-5f74-9e59-c0476c5dccf2,confirmed,,manual,{},DELTA AIR LINES 7233,0.88,,2025-11-15T00:00:00
2fac6cf0-88e0-5c23-b5d3-4442cf8039fe,fb1ad2c1-a5b0-5ae0-9d88-507024507a14,de3e3182-4126-54b8-a5b3-1fbacfb03c9e,dac49113-c1bb-5b26-8af5-745de0febf46,d97309cb-eeb8-505a-9948-eec2d33394db,-260.57,USD,-260.57,,2025-11-15,ccb8e507-d6df-51d3-9c6b-2af43847184c,confirmed,,manual,{},HOME DEPOT #7628 ,0.79,,2025-11-15T00:00:00
bd21236a-1b3f-5b7c-bab9-13a22b2ee5a1,fb1ad2c1-a5b0-5ae0-9d88-507024507a14,494fb35b-ea2e-5ea2-8e6a-da836c11e230,dac49113-c1bb-5b26-8af5-745de0febf46,a00cde6f-8b9f-5006-9541-fdeeb8008d4f,-80.04,USD,-80.04,,2025-11-15,aee92619-ae79-565c-a988-70e59f94bc78,confirmed,,manual,{},AMZN MKTP US*8148,0.85,,2025-11-15T00:00:00
e1d906ac-d89a-55b2-adb0-9ae8acbc4268,fb1ad2c1-a5b0-5ae0-9d88-507024507a14,494fb35b-ea2e-5ea2-8e6a-da836c11e230,dac49113-c1bb-5b26-8af5-745de0febf46,f573b94f-d6d1-51c3-a8dd-9f4c61a57329,-80.75,USD,-80.75,,2025-11-15,06a5f4d3-67e1-5147-a99f-8e6859ddba5e,confirmed,,manual,{'recurring': True},VERIZON WIRELESS 1462,0.74,,2025-11-15T00:00:00
051fe22d-734c-5fc5-87e4-5b3073a5693e,532788bd-1641-5dc9-b246-c4397ed4af60,859c8fb0-d2a2-5d68-ad57-6ad36dcbffcc,6a8ed953-2c24-5301-8d91-e6aa9dcfeadf,d97309cb-eeb8-505a-9948-eec2d33394db,-128.34,USD,-128.34,,2025-11-16,077786c2-88f8-517e-9a65-266b802523c4,confirmed,,manual,{},HOME DEPOT #7929 PURCHASE,0.85,,2025-11-16T00:00:00
55d4ec4c-e18e-5aed-ad43-1606b04564ce,532788bd-1641-5dc9-b246-c4397ed4af60,859c8fb0-d2a2-5d68-ad57-6ad36dcbffcc,6a8ed953-2c24-5301-8d91-e6aa9dcfeadf,7d5663eb-5e52-5077-9815-788af0c1bfc3,-12.04,USD,-12.04,,2025-11-16,fa112a1b-3269-5304-b7dc-1ef8de5dddc0,confirmed,,plaid,{},MCDONALD'S #3981,0.72,,2025-11-16T00:00:00
0e5206e8-85fb-56d7-a877-10fd4a955f51,fb1ad2c1-a5b0-5ae0-9d88-507024507a14,de3e3182-4126-54b8-a5b3-1fbacfb03c9e,dac49113-c1bb-5b26-8af5-745de0febf46,d97309cb-eeb8-505a-9948-eec2d33394db,-17.71,USD,-17.71,,2025-11-16,ccb8e507-d6df-51d3-9c6b-2af43847184c,confirmed,,manual,{},HOME DEPOT #1685 DEBIT,0.86,,2025-11-16T00:00:00
b0762cd5-783f-5092-b9df-ed7a67a061d7,fb1ad2c1-a5b0-5ae0-9d88-507024507a14,de3e3182-4126-54b8-a5b3-1fbacfb03c9e,dac49113-c1bb-5b26-8af5-745de0febf46,41d50eda-694c-5967-8780-12cd00399dab,-5.36,USD,-5.36,,2025-11-16,de3f2bc4-947e-5d7b-a51e-d6da6178c1df,confirmed,,manual,{},DUNKIN',0.81,,2025-11-16T00:00:00
3401f4f9-a6d3-5e54-ae6b-df830aa11d56,532788bd-1641-5dc9-b246-c4397ed4af60,c7c53ab9-c6fe-5a0b-b3a8-36f12237d898,6a8ed953-2c24-5301-8d91-e6aa9dcfeadf,4af9f4ae-4781-5cb6-8281-5c9f09d25ac0,-10.34,USD,-10.34,,2025-11-17,bcbbc4c0-8642-5b1f-ad56-562045f80345,draft,,manual,{},TARGET 6901 DEBIT,0.77,,2025-11-17T00:00:00
64e0e6a3-ea3b-59dc-8223-4693ff34ff2e,532788bd-1641-5dc9-b246-c4397ed4af60,859c8fb0-d2a2-5d68-ad57-6ad36dcbffcc,6a8ed953-2c24-5301-8d91-e6aa9dcfeadf,234091f8-66bb-5bb3-84d3-5acfb26b89bb,-36.69,USD,-36.69,,2025-11-17,51fda6e9-fdf8-5107-ac9c-83867d45beb7,confirmed,,plaid,{},UBER *TRIP 9858,0.9,,2025-11-17T00:00:00
0b3bdb79-0eb0-59b8-b5df-cbf2ac89f705,fb1ad2c1-a5b0-5ae0-9d88-507024507a14,494fb35b-ea2e-5ea2-8e6a-da836c11e230,dac49113-c1bb-5b26-8af5-745de0febf46,d97309cb-eeb8-505a-9948-eec2d33394db,-233.40,USD,-233.40,,2025-11-17,bdba84aa-8286-5caf-8252-985e2f2f3c1a,confirmed,,manual,{},HOME DEPOT #8803 DEBIT,0.91,,2025-11-17T00:00:00
fdd7ca29-87c0-593a-9788-a19c09ae1683,fb1ad2c1-a5b0-5ae0-9d88-507024507a14,de3e3182-4126-54b8-a5b3-1fbacfb03c9e,dac49113-c1bb-5b26-8af5-745de0febf46,16a24acb-ea67-57eb-a942-246e8cd94297,-11.99,USD,-11.99,,2025-11-17,65728c1d-c5db-50c9-baf0-84bb2cf68d11,confirmed,,plaid,{},GOOGLE *YOUTUBE PREMIUM,0.79,,2025-11-17T00:00:00
a0eadd0a-591a-56c6-8612-f675bf5d1b22,532788bd-1641-5dc9-b246-c4397ed4af60,859c8fb0-d2a2-5d68-ad57-6ad36dcbffcc,6a8ed953-2c24-5301-8d91-e6aa9dcfeadf,808b3755-614e-5b7e-ba90-ef88c5558ae5,-33.76,USD,-33.76,,2025-11-18,f43ab923-88d2-5d30-b514-e67d3c90367a,confirmed,,plaid,{'recurring': True},LYFT,0.99,,2025-11-18T00:00:00
d571bd7e-39b8-54c0-8f1d-c06d53ef4324,fb1ad2c1-a5b0-5ae0-9d88-507024507a14,494fb35b-ea2e-5ea2-8e6a-da836c11e230,dac49113-c1bb-5b26-8af5-745de0febf46,c9ef2dab-c18a-5c65-bdc7-b6b34f18356e,-8.73,USD,-8.73,,2025-11-18,71b656bc-548e-5020-b191-229e68650021,confirmed,,manual,{'recurring': True},CVS PHARMACY #6176,0.85,,2025-11-18T00:00:00
6e55cbfb-a250-50a4-901e-b435a3135d45,532788bd-1641-5dc9-b246-c4397ed4af60,c7c53ab9-c6fe-5a0b-b3a8-36f12237d898,6a8ed953-2c24-5301-8d91-e6aa9dcfeadf,d97309cb-eeb8-505a-9948-eec2d33394db,-259.18,USD,-259.18,,2025-11-19,bdba84aa-8286-5caf-8252-985e2f2f3c1a,confirmed,,manual,{},HOME DEPOT #3608 DEBIT,0.84,,2025-11-19T00:00:00
c20d8062-77d3-5dfb-86be-f15421c4a934,fb1ad2c1-a5b0-5ae0-9d88-507024507a14,494fb35b-ea2e-5ea2-8e6a-da836c11e230,dac49113-c1bb-5b26-8af5-745de0febf46,f573b94f-d6d1-51c3-a8dd-9f4c61a57329,-109.09,USD,-109.09,,2025-11-19,bf16b8ec-849c-50c6-9240-c9ae62d9ba69,confirmed,,manual,{},VERIZON WIRELESS 7997,0.84,,2025-11-19T00:00:00
20909e7f-c52c-5db9-a9f9-5d07d16b5315,fb1ad2c1-a5b0-5ae0-9d88-507024507a14,de3e3182-4126-54b8-a5b3-1fbacfb03c9e,dac49113-c1bb-5b26-8af5-745de0febf46,a00cde6f-8b9f-5006-9541-fdeeb8008d4f,-51.97,USD,-51.97,,2025-11-20,d4c1f95d-47e8-52f6-8df9-eeb79b606fda,confirmed,,manual,{},Amazon.com 3826 ,0.96,,2025-11-20T00:00:00
1632552e-6dba-5bf1-9814-e3a6cb802b6d,fb1ad2c1-a5b0-5ae0-9d88-507024507a14,494fb35b-ea2e-5ea2-8e6a-da836c11e230,dac49113-c1bb-5b26-8af5-745de0febf46,f573b94f-d6d1-51c3-a8dd-9f4c61a57329,-72.58,USD,-72.58,,2025-11-20,bf16b8ec-849c-50c6-9240-c9ae62d9ba69,confirmed,,manual,{},VERIZON WIRELESS 9351,0.92,,2025-11-20T00:00:00
fa35fc84-fba6-5b2d-88d7-0b5e3a50a1fc,fb1ad2c1-a5b0-5ae0-9d88-507024507a14,494fb35b-ea2e-5ea2-8e6a-da836c11e230,dac49113-c1bb-5b26-8af5-745de0febf46,d97309cb-eeb8-505a-9948-eec2d33394db,-130.52,USD,-130.52,,2025-11-21,ccb8e507-d6df-51d3-9c6b-2af43847184c,confirmed,,manual,{},HOME DEPOT #9788 ,0.76,,2025-11-21T00:00:00
bf0d6195-2b09-5f05-87cc-beb447a27a9b,532788bd-1641-5dc9-b246-c4397ed4af60,859c8fb0-d2a2-5d68-ad57-6ad36dcbffcc,6a8ed953-2c24-5301-8d91-e6aa9dcfeadf,158297b6-5a99-547c-9a9d-4e9a859d9dab,-4.55,USD,-4.55,,2025-11-22,fa112a1b-3269-5304-b7dc-1ef8de5dddc0,confirmed,,manual,{},STARBUCKS 2438 PAYMENT,0.74,,2025-11-22T00:00:00
ba641d46-588e-503f-97aa-22b1c47e58ef,532788bd-1641-5dc9-b246-c4397ed4af60,c7c53ab9-c6fe-5a0b-b3a8-36f12237d898,6a8ed953-2c24-5301-8d91-e6aa9dcfeadf,c905592e-a82b-5c8e-904a-d39c475430ef,-62.32,USD,-62.32,,2025-11-22,d765f3b4-e63d-5ea7-8e05-58458f986634,confirmed,,plaid,{},SHELL OIL 2622 DEBIT,0.96,,2025-11-22T00:00:00
4f71e669-3a9a-510e-8817-e927b171dca7,532788bd-1641-5dc9-b246-c4397ed4af60,c7c53ab9-c6fe-5a0b-b3a8-36f12237d898,6a8ed953-2c24-5301-8d91-e6aa9dcfeadf,d553f2a4-b2c8-570b-8de4-81fa86437869,-142.26,USD,-142.26,,2025-11-22,83564403-ac9f-5db5-a4fb-344879db34db,confirmed,,manual,{'recurring': True},WAL-MART #9780,0.91,,2025-11-22T00:00:00
a45ce880-0830-5d13-97d7-5887019fa3a4,fb1ad2c1-a5b0-5ae0-9d88-507024507a14,de3e3182-4126-54b8-a5b3-1fbacfb03c9e,dac49113-c1bb-5b26-8af5-745de0febf46,d553f2a4-b2c8-570b-8de4-81fa86437869,-60.79,USD,-60.79,,2025-11-22,83564403-ac9f-5db5-a4fb-344879db34db,confirmed,,manual,{},WALMART 3397 PURCHASE,0.99,,2025-11-22T00:00:00
5693deaf-8177-5efb-9e4c-bcab8b03d985,fb1ad2c1-a5b0-5ae0-9d88-507024507a14,de3e3182-4126-54b8-a5b3-1fbacfb03c9e,dac49113-c1bb-5b26-8af5-745de0febf46,f573b94f-d6d1-51c3-a8dd-9f4c61a57329,-85.67,USD,-85.67,,2025-11-23,06a5f4d3-67e1-5147-a99f-8e6859ddba5e,confirmed,,plaid,{},VERIZON WIRELESS 6655,0.91,,2025-11-23T00:00:00
8306d4ff-04a4-591d-b482-b97d2e79602a,532788bd-1641-5dc9-b246-c4397ed4af60,859c8fb0-d2a2-5d68-ad57-6ad36dcbffcc,6a8ed953-2c24-5301-8d91-e6aa9dcfeadf,1796e996-84d5-5ef5-a717-a953e2e49c08,-326.88,USD,-326.88,,2025-11-24,b7ec2236-fab9-5f74-9e59-c0476c5dccf2,confirmed,,plaid,{},MARRIOTT,0.81,,2025-11-24T00:00:00
a41925e9-b926-5a33-86fc-2b4a509d95a8,532788bd-1641-5dc9-b246-c4397ed4af60,859c8fb0-d2a2-5d68-ad57-6ad36dcbffcc,6a8ed953-2c24-5301-8d91-e6aa9dcfeadf,bbc36a1d-bf0a-5d6c-ae4f-ff309f63cf39,-472.00,USD,-472.00,,2025-11-24,c163ef62-5201-5cb2-bf0d-781443a4e5aa,confirmed,,manual,{'recurring': True},BEST BUY,0.82,,2025-11-24T00:00:00
8b111948-06a8-54b3-a453-d6b4c98028f4,532788bd-1641-5dc9-b246-c4397ed4af60,c7c53ab9-c6fe-5a0b-b3a8-36f12237d898,6a8ed953-2c24-5301-8d91-e6aa9dcfeadf,d97309cb-eeb8-505a-9948-eec2d33394db,-289.22,USD,-289.22,,2025-11-24,bdba84aa-8286-5caf-8252-985e2f2f3c1a,confirmed,,manual,{},HOME DEPOT #8858 ,0.88,,2025-11-24T00:00:00
c3858a42-3367-5e41-b063-c6203f5051d1,fb1ad2c1-a5b0-5ae0-9d88-507024507a14,494fb35b-ea2e-5ea2-8e6a-da836c11e230,dac49113-c1bb-5b26-8af5-745de0febf46,4af9f4ae-4781-5cb6-8281-5c9f09d25ac0,-119.36,USD,-119.36,,2025-11-24,af424ab5-dcc2-5aa4-802d-53e8e99d4579,confirmed,,manual,{'recurring': True},TARGET 3761 PURCHASE,0.85,,2025-11-24T00:00:00
04090db6-5f46-579b-bf36-cd8bac2112fe,fb1ad2c1-a5b0-5ae0-9d88-507024507a14,de3e3182-4126-54b8-a5b3-1fbacfb03c9e,dac49113-c1bb-5b26-8af5-745de0febf46,5813fb16-6db8-5fd5-9486-97b3414b3ad6,-116.97,USD,-116.97,,2025-11-24,83564403-ac9f-5db5-a4fb-344879db34db,confirmed,,manual,{},WHOLE FOODS 9832 DEBIT,0.76,,2025-11-24T00:00:00
1ab1917c-f31a-5034-a87a-aa4f3fa0c1aa,532788bd-1641-5dc9-b246-c4397ed4af60,c7c53ab9-c6fe-5a0b-b3a8-36f12237d898,6a8ed953-2c24-5301-8d91-e6aa9dcfeadf,f573b94f-d6d1-51c3-a8dd-9f4c61a57329,-125.80,USD,-125.80,,2025-11-25,2d123316-c022-5b31-8284-b23e61b8e6d0,confirmed,,manual,{},VERIZON WIRELESS 6828,0.73,,2025-11-25T00:00:00
645b604a-e74b-51c6-8d1f-45002353ae05,fb1ad2c1-a5b0-5ae0-9d88-507024507a14,494fb35b-ea2e-5ea2-8e6a-da836c11e230,dac49113-c1bb-5b26-8af5-745de0febf46,d97309cb-eeb8-505a-9948-eec2d33394db,-39.15,USD,-39.15,,2025-11-25,ccb8e507-d6df-51d3-9c6b-2af43847184c,confirmed,,manual,{},HOME DEPOT #3029 ,0.82,,2025-11-25T00:00:00
bc916549-998b-5a3d-b677-ff894eef78de,fb1ad2c1-a5b0-5ae0-9d88-507024507a14,de3e3182-4126-54b8-a5b3-1fbacfb03c9e,dac49113-c1bb-5b26-8af5-745de0febf46,d97309cb-eeb8-505a-9948-eec2d33394db,-288.51,USD,-288.51,,2025-11-25,ccb8e507-d6df-51d3-9c6b-2af43847184c,confirmed,,plaid,{},HOME DEPOT #7899 ,0.93,,2025-11-25T00:00:00
b6317f17-950a-5b75-b56f-6b533b4d987e,532788bd-1641-5dc9-b246-c4397ed4af60,c7c53ab9-c6fe-5a0b-b3a8-36f12237d898,6a8ed953-2c24-5301-8d91-e6aa9dcfeadf,d97309cb-eeb8-505a-9948-eec2d33394db,-50.95,USD,-50.95,,2025-11-26,ccb8e507-d6df-51d3-9c6b-2af43847184c,confirmed,,manual,{},HOME DEPOT #4874 DEBIT,0.88,,2025-11-26T00:00:00
335915dc-6073-5520-8277-a35a17b4e474,532788bd-1641-5dc9-b246-c4397ed4af60,859c8fb0-d2a2-5d68-ad57-6ad36dcbffcc,6a8ed953-2c24-5301-8d91-e6aa9dcfeadf,d97309cb-eeb8-505a-9948-eec2d33394db,-80.37,USD,-80.37,,2025-11-26,bdba84aa-8286-5caf-8252-985e2f2f3c1a,draft,,plaid,{},HOME DEPOT #1628 PAYMENT,0.88,,2025-11-26T00:00:00
1cfa4aea-5bcd-5dfe-93e2-133b78cc7a68,532788bd-1641-5dc9-b246-c4397ed4af60,859c8fb0-d2a2-5d68-ad57-6ad36dcbffcc,6a8ed953-2c24-5301-8d91-e6aa9dcfeadf,d97309cb-eeb8-505a-9948-eec2d33394db,-85.39,USD,-85.39,,2025-11-27,ccb8e507-d6df-51d3-9c6b-2af43847184c,confirmed,,manual,{},HOME DEPOT #1669 DEBIT,0.84,,2025-11-27T00:00:00
799c4801-3568-5bea-8c1b-4501e5d183a3,532788bd-1641-5dc9-b246-c4397ed4af60,859c8fb0-d2a2-5d68-ad57-6ad36dcbffcc,6a8ed953-2c24-5301-8d91-e6aa9dcfeadf,d97309cb-eeb8-505a-9948-eec2d33394db,-110.27,USD,-110.27,,2025-11-27,bdba84aa-8286-5caf-8252-985e2f2f3c1a,confirmed,,manual,{},HOME DEPOT #1223 PURCHASE,0.88,,2025-11-27T00:00:00
b58c385a-593a-5c88-b4f2-ff492f76d88b,fb1ad2c1-a5b0-5ae0-9d88-507024507a14,494fb35b-ea2e-5ea2-8e6a-da836c11e230,dac49113-c1bb-5b26-8af5-745de0febf46,234091f8-66bb-5bb3-84d3-5acfb26b89bb,-12.18,USD,-12.18,,2025-11-27,f43ab923-88d2-5d30-b514-e67d3c90367a,confirmed,,manual,{},UBER *TRIP 4120,0.86,,2025-11-27T00:00:00
0125e362-4749-5e67-9824-952f2e507439,532788bd-1641-5dc9-b246-c4397ed4af60,c7c53ab9-c6fe-5a0b-b3a8-36f12237d898,6a8ed953-2c24-5301-8d91-e6aa9dcfeadf,d97309cb-eeb8-505a-9948-eec2d33394db,-269.10,USD,-269.10,,2025-11-28,ccb8e507-d6df-51d3-9c6b-2af43847184c,confirmed,,manual,{},HOME DEPOT #8347 DEBIT,0.86,,2025-11-28T00:00:00
e4790f42-05de-5867-8147-c972de411563,532788bd-1641-5dc9-b246-c4397ed4af60,859c8fb0-d2a2-5d68-ad57-6ad36dcbffcc,6a8ed953-2c24-5301-8d91-e6aa9dcfeadf,d97309cb-eeb8-505a-9948-eec2d33394db,-97.55,USD,-97.55,,2025-11-28,ccb8e507-d6df-51d3-9c6b-2af43847184c,confirmed,,manual,{},HOME DEPOT #7512 ,0.93,,2025-11-28T00:00:00
12a1abee-f3f8-5948-acad-af0721a4ad03,fb1ad2c1-a5b0-5ae0-9d88-507024507a14,de3e3182-4126-54b8-a5b3-1fbacfb03c9e,dac49113-c1bb-5b26-8af5-745de0febf46,d97309cb-eeb8-505a-9948-eec2d33394db,-279.27,USD,-279.27,,2025-11-28,ccb8e507-d6df-51d3-9c6b-2af43847184c,confirmed,,manual,{},HOME DEPOT #5079 PURCHASE,0.89,,2025-11-28T00:00:00
befcc88f-5de0-51d0-9ceb-5d3812165091,532788bd-1641-5dc9-b246-c4397ed4af60,859c8fb0-d2a2-5d68-ad57-6ad36dcbffcc,6a8ed953-2c24-5301-8d91-e6aa9dcfeadf,d97309cb-eeb8-505a-9948-eec2d33394db,-107.52,USD,-107.52,,2025-11-29,bdba84aa-8286-5caf-8252-985e2f2f3c1a,confirmed,,manual,{},HOME DEPOT #6824 PURCHASE,0.99,,2025-11-29T00:00:00
c98f10aa-6bf2-5e9a-adbf-6a4de70f6243,532788bd-1641-5dc9-b246-c4397ed4af60,859c8fb0-d2a2-5d68-ad57-6ad36dcbffcc,6a8ed953-2c24-5301-8d91-e6aa9dcfeadf,d97309cb-eeb8-505a-9948-eec2d33394db,-61.43,USD,-61.43,,2025-11-29,ccb8e507-d6df-51d3-9c6b-2af43847184c,confirmed,,manual,{},HOME DEPOT #4077 DEBIT,0.97,,2025-11-29T00:00:00
3b43e8ca-1282-57f6-b5da-7e81303cff57,532788bd-1641-5dc9-b246-c4397ed4af60,c7c53ab9-c6fe-5a0b-b3a8-36f12237d898,6a8ed953-2c24-5301-8d91-e6aa9dcfeadf,234091f8-66bb-5bb3-84d3-5acfb26b89bb,-27.31,USD,-27.31,,2025-11-29,938be465-3e19-5055-b08e-939e392f553f,confirmed,,manual,{},UBER *TRIP 1339,0.93,,2025-11-29T00:00:00
e619a9c4-d58f-5a14-8f48-3f7fe3a9a85d,532788bd-1641-5dc9-b246-c4397ed4af60,859c8fb0-d2a2-5d68-ad57-6ad36dcbffcc,6a8ed953-2c24-5301-8d91-e6aa9dcfeadf,234091f8-66bb-5bb3-84d3-5acfb26b89bb,-38.64,USD,-38.64,,2025-11-29,938be465-3e19-5055-b08e-939e392f553f,confirmed,,manual,{'recurring': True},UBER *TRIP 2392,0.79,,2025-11-29T00:00:00
22cf21ed-8f01-554e-863a-30e9b0df1cfb,fb1ad2c1-a5b0-5ae0-9d88-507024507a14,494fb35b-ea2e-5ea2-8e6a-da836c11e230,dac49113-c1bb-5b26-8af5-745de0febf46,d97309cb-eeb8-505a-9948-eec2d33394db,-250.10,USD,-250.10,,2025-11-29,ccb8e507-d6df-51d3-9c6b-2af43847184c,confirmed,,plaid,{},HOME DEPOT #2680 ,0.83,,2025-11-29T00:00:00
c637c586-785e-5afe-a6b0-e0d761220878,532788bd-1641-5dc9-b246-c4397ed4af60,859c8fb0-d2a2-5d68-ad57-6ad36dcbffcc,6a8ed953-2c24-5301-8d91-e6aa9dcfeadf,7d5663eb-5e52-5077-9815-788af0c1bfc3,-11.79,USD,-11.79,,2025-11-30,fa112a1b-3269-5304-b7dc-1ef8de5dddc0,confirmed,,manual,{'recurring': True},MCDONALD'S #5702,0.9,,2025-11-30T00:00:00
53318833-7644-5183-84a1-7b801b37aa19,532788bd-1641-5dc9-b246-c4397ed4af60,859c8fb0-d2a2-5d68-ad57-6ad36dcbffcc,6a8ed953-2c24-5301-8d91-e6aa9dcfeadf,a00cde6f-8b9f-5006-9541-fdeeb8008d4f,-173.03,USD,-173.03,,2025-11-30,d4c1f95d-47e8-52f6-8df9-eeb79b606fda,confirmed,,manual,{'recurring': True},AMZN MKTP US*6247,0.73,,2025-11-30T00:00:00
7d642fc8-3878-5d43-949d-57aee8259d64,532788bd-1641-5dc9-b246-c4397ed4af60,c7c53ab9-c6fe-5a0b-b3a8-36f12237d898,6a8ed953-2c24-5301-8d91-e6aa9dcfeadf,d97309cb-eeb8-505a-9948-eec2d33394db,-168.54,USD,-168.54,,2025-11-30,ccb8e507-d6df-51d3-9c6b-2af43847184c,confirmed,,manual,{},HOME DEPOT #7301 DEBIT,0.93,,2025-11-30T00:00:00
05b1be6f-6fc0-5a63-963c-457a310919a8,fb1ad2c1-a5b0-5ae0-9d88-507024507a14,494fb35b-ea2e-5ea2-8e6a-da836c11e230,dac49113-c1bb-5b26-8af5-745de0febf46,68f0922a-39b9-507c-92a6-e2500de5f321,-298.35,USD,-298.35,,2025-11-30,83564403-ac9f-5db5-a4fb-344879db34db,confirmed,,manual,{'recurring': True},COSTCO WHSE #8764,0.81,,2025-11-30T00:00:00
74c4fab5-e1dc-5d00-9534-390853dc2064,fb1ad2c1-a5b0-5ae0-9d88-507024507a14,494fb35b-ea2e-5ea2-8e6a-da836c11e230,dac49113-c1bb-5b26-8af5-745de0febf46,d97309cb-eeb8-505a-9948-eec2d33394db,-84.11,USD,-84.11,,2025-11-30,ccb8e507-d6df-51d3-9c6b-2af43847184c,draft,,plaid,{},HOME DEPOT #3257 DEBIT,0.71,,2025-11-30T00:00:00
da85114e-cac9-505f-b00c-35b8d21c7025,fb1ad2c1-a5b0-5ae0-9d88-507024507a14,494fb35b-ea2e-5ea2-8e6a-da836c11e230,dac49113-c1bb-5b26-8af5-745de0febf46,a00cde6f-8b9f-5006-9541-fdeeb8008d4f,-97.98,USD,-97.98,,2025-11-30,af424ab5-dcc2-5aa4-802d-53e8e99d4579,confirmed,,plaid,{},AMZN MKTP US*3406,0.87,,2025-11-30T00:00:00
e95a2630-ee81-5ff0-87b0-6db70cb80b24,532788bd-1641-5dc9-b246-c4397ed4af60,c7c53ab9-c6fe-5a0b-b3a8-36f12237d898,6a8ed953-2c24-5301-8d91-e6aa9dcfeadf,f2a9ca2a-37af-503e-8036-0623ac1a9dbc,-21.95,USD,-21.95,,2025-12-01,ba8264d5-be92-573d-bee0-fc77ba1eba53,confirmed,,plaid,{},APPLE.COM/BILL,0.89,,2025-12-01T00:00:00
b2c75861-e61b-55ed-ab8d-a855bccf1552,532788bd-1641-5dc9-b246-c4397ed4af60,c7c53ab9-c6fe-5a0b-b3a8-36f12237d898,6a8ed953-2c24-5301-8d91-e6aa9dcfeadf,d97309cb-eeb8-505a-9948-eec2d33394db,-208.77,USD,-208.77,,2025-12-01,ccb8e507-d6df-51d3-9c6b-2af43847184c,confirmed,,manual,{'recurring': True},HOME DEPOT #9222 PAYMENT,0.78,,2025-12-01T00:00:00
8b57ea21-ff5d-5522-af7c-f304a11b2d33,532788bd-1641-5dc9-b246-c4397ed4af60,c7c53ab9-c6fe-5a0b-b3a8-36f12237d898,6a8ed953-2c24-5301-8d91-e6aa9dcfeadf,d97309cb-eeb8-505a-9948-eec2d33394db,-22.99,USD,-22.99,,2025-12-01,ccb8e507-d6df-51d3-9c6b-2af43847184c,confirmed,,manual,{},HOME DEPOT #9873 DEBIT,0.79,,2025-12-01T00:00:00
3cda1a51-4aba-5eef-a17f-e670791a001c,fb1ad2c1-a5b0-5ae0-9d88-507024507a14,de3e3182-4126-54b8-a5b3-1fbacfb03c9e,dac49113-c1bb-5b26-8af5-745de0febf46,d97309cb-eeb8-505a-9948-eec2d33394db,-175.67,USD,-175.67,,2025-12-01,bdba84aa-8286-5caf-8252-985e2f2f3c1a,confirmed,,manual,{},HOME DEPOT #1787 PAYMENT,0.81,,2025-12-01T00:00:00
62b83df6-c7de-5b10-bbde-6cc55f0576ff,fb1ad2c1-a5b0-5ae0-9d88-507024507a14,494fb35b-ea2e-5ea2-8e6a-da836c11e230,dac49113-c1bb-5b26-8af5-745de0febf46,d97309cb-eeb8-505a-9948-eec2d33394db,-267.05,USD,-267.05,,2025-12-01,ccb8e507-d6df-51d3-9c6b-2af43847184c,confirmed,,plaid,{},HOME DEPOT #9218 PAYMENT,0.81,,2025-12-01T00:00:00
b6ba8ae6-d637-5332-88fa-703f031429fc,fb1ad2c1-a5b0-5ae0-9d88-507024507a14,494fb35b-ea2e-5ea2-8e6a-da836c11e230,dac49113-c1bb-5b26-8af5-745de0febf46,f2a9ca2a-37af-503e-8036-0623ac1a9dbc,-7.93,USD,-7.93,,2025-12-01,aee92619-ae79-565c-a988-70e59f94bc78,confirmed,,manual,{},APPLE.COM/BILL,0.7,,2025-12-01T00:00:00
58454604-4f45-55fd-9afd-d1c47825011f,fb1ad2c1-a5b0-5ae0-9d88-507024507a14,de3e3182-4126-54b8-a5b3-1fbacfb03c9e,dac49113-c1bb-5b26-8af5-745de0febf46,a00cde6f-8b9f-5006-9541-fdeeb8008d4f,-102.29,USD,-102.29,,2025-12-01,961ca9c0-9d0b-50b0-8dad-f7ef999ec988,confirmed,,manual,{},Amazon.com 3780 PAYMENT,0.81,,2025-12-01T00:00:00
e6af10d3-c570-5e3c-aa4c-39cdd0941c63,532788bd-1641-5dc9-b246-c4397ed4af60,859c8fb0-d2a2-5d68-ad57-6ad36dcbffcc,6a8ed953-2c24-5301-8d91-e6aa9dcfeadf,bbc36a1d-bf0a-5d6c-ae4f-ff309f63cf39,-489.17,USD,-489.17,,2025-12-02,bcbbc4c0-8642-5b1f-ad56-562045f80345,confirmed,,manual,{},BEST BUY,0.73,,2025-12-02T00:00:00
0ae94677-cea1-55df-93fd-4e8dcc9c0962,532788bd-1641-5dc9-b246-c4397ed4af60,859c8fb0-d2a2-5d68-ad57-6ad36dcbffcc,6a8ed953-2c24-5301-8d91-e6aa9dcfeadf,d97309cb-eeb8-505a-9948-eec2d33394db,-285.33,USD,-285.33,,2025-12-02,ccb8e507-d6df-51d3-9c6b-2af43847184c,draft,,manual,{},HOME DEPOT #6245 DEBIT,0.94,,2025-12-02T00:00:00
7aad1d82-58cc-58fe-bf04-d8c8fbaa3fa9,fb1ad2c1-a5b0-5ae0-9d88-507024507a14,494fb35b-ea2e-5ea2-8e6a-da836c11e230,dac49113-c1bb-5b26-8af5-745de0febf46,d97309cb-eeb8-505a-9948-eec2d33394db,-91.91,USD,-91.91,,2025-12-02,ccb8e507-d6df-51d3-9c6b-2af43847184c,confirmed,,manual,{},HOME DEPOT #3322 DEBIT,0.91,,2025-12-02T00:00:00
6e8ba60b-38f4-508e-bc5b-7413cb031f66,532788bd-1641-5dc9-b246-c4397ed4af60,c7c53ab9-c6fe-5a0b-b3a8-36f12237d898,6a8ed953-2c24-5301-8d91-e6aa9dcfeadf,d97309cb-eeb8-505a-9948-eec2d33394db,-289.56,USD,-289.56,,2025-12-03,bdba84aa-8286-5caf-8252-985e2f2f3c1a,confirmed,,manual,{},HOME DEPOT #4253 PAYMENT,0.91,,2025-12-03T00:00:00
dad37546-2161-516e-8775-a10bdaddece3,532788bd-1641-5dc9-b246-c4397ed4af60,859c8fb0-d2a2-5d68-ad57-6ad36dcbffcc,6a8ed953-2c24-5301-8d91-e6aa9dcfeadf,4af9f4ae-4781-5cb6-8281-5c9f09d25ac0,-79.77,USD,-79.77,,2025-12-04,c163ef62-5201-5cb2-bf0d-781443a4e5aa,confirmed,,plaid,{},TARGET 4581 PURCHASE,0.76,,2025-12-04T00:00:00
99ccb79a-a9ee-5cdd-a7a8-c069480e6e59,fb1ad2c1-a5b0-5ae0-9d88-507024507a14,de3e3182-4126-54b8-a5b3-1fbacfb03c9e,dac49113-c1bb-5b26-8af5-745de0febf46,68f0922a-39b9-507c-92a6-e2500de5f321,-153.88,USD,-153.88,,2025-12-05,83564403-ac9f-5db5-a4fb-344879db34db,confirmed,,manual,{},COSTCO WHSE #3664,0.91,,2025-12-05T00:00:00
72ce5e65-3102-53d2-a32e-66127c81b183,fb1ad2c1-a5b0-5ae0-9d88-507024507a14,494fb35b-ea2e-5ea2-8e6a-da836c11e230,dac49113-c1bb-5b26-8af5-745de0febf46,d97309cb-eeb8-505a-9948-eec2d33394db,-40.55,USD,-40.55,,2025-12-05,ccb8e507-d6df-51d3-9c6b-2af43847184c,confirmed,,manual,{},HOME DEPOT #2698 ,0.85,,2025-12-05T00:00:00
083e513a-0698-5f39-bfc4-70bd29e710c0,532788bd-1641-5dc9-b246-c4397ed4af60,c7c53ab9-c6fe-5a0b-b3a8-36f12237d898,6a8ed953-2c24-5301-8d91-e6aa9dcfeadf,808b3755-614e-5b7e-ba90-ef88c5558ae5,-33.66,USD,-33.66,,2025-12-06,f43ab923-88d2-5d30-b514-e67d3c90367a,confirmed,,manual,{},LYFT,0.81,,2025-12-06T00:00:00
0898af5e-8943-5e26-81d0-0fdcfccb4189,532788bd-1641-5dc9-b246-c4397ed4af60,859c8fb0-d2a2-5d68-ad57-6ad36dcbffcc,6a8ed953-2c24-5301-8d91-e6aa9dcfeadf,f2a9ca2a-37af-503e-8036-0623ac1a9dbc,-20.52,USD,-20.52,,2025-12-06,c41a2c56-8547-5a0c-aaec-8c24b93da49d,confirmed,,manual,{},APPLE.COM/BILL,0.81,,2025-12-06T00:00:00
96ffad20-a022-5a1a-bd99-0aa69378718b,fb1ad2c1-a5b0-5ae0-9d88-507024507a14,494fb35b-ea2e-5ea2-8e6a-da836c11e230,dac49113-c1bb-5b26-8af5-745de0febf46,2d8b3f27-58fe-5583-8d7e-995c79ade98a,-99.39,USD,-99.39,,2025-12-06,83564403-ac9f-5db5-a4fb-344879db34db,confirmed,,manual,{},KROGER #4156,0.89,,2025-12-06T00:00:00
509e643a-a528-5173-8937-df04f1abcc2b,532788bd-1641-5dc9-b246-c4397ed4af60,c7c53ab9-c6fe-5a0b-b3a8-36f12237d898,6a8ed953-2c24-5301-8d91-e6aa9dcfeadf,d97309cb-eeb8-505a-9948-eec2d33394db,-194.96,USD,-194.96,,2025-12-07,077786c2-88f8-517e-9a65-266b802523c4,confirmed,,manual,{},HOME DEPOT #3605 PAYMENT,0.7,,2025-12-07T00:00:00
6cd09245-fa99-568f-b5c8-8a68cd27a5c3,532788bd-1641-5dc9-b246-c4397ed4af60,859c8fb0-d2a2-5d68-ad57-6ad36dcbffcc,6a8ed953-2c24-5301-8d91-e6aa9dcfeadf,f573b94f-d6d1-51c3-a8dd-9f4c61a57329,-102.17,USD,-102.17,,2025-12-07,7c8fb462-7d13-54a2-8a1d-9974bce7d252,confirmed,,plaid,{},VERIZON WIRELESS 8433,0.86,,2025-12-07T00:00:00
1a06b09c-8e9c-58df-85e7-d552e4b4b20e,fb1ad2c1-a5b0-5ae0-9d88-507024507a14,494fb35b-ea2e-5ea2-8e6a-da836c11e230,dac49113-c1bb-5b26-8af5-745de0febf46,aed3c2eb-e1aa-5aab-aed0-039beaa9a52d,-9.99,USD,-9.99,,2025-12-07,65728c1d-c5db-50c9-baf0-84bb2cf68d11,confirmed,,manual,{},SPOTIFY USA,0.98,,2025-12-07T00:00:00
85c80b41-6a54-5674-bddf-bfd8452e0e93,532788bd-1641-5dc9-b246-c4397ed4af60,c7c53ab9-c6fe-5a0b-b3a8-36f12237d898,6a8ed953-2c24-5301-8d91-e6aa9dcfeadf,8b093965-626b-562e-ba34-3a2ae16c7328,-22.51,USD,-22.51,,2025-12-08,875ccc19-66e7-5835-86a5-73be20384685,confirmed,,manual,{'recurring': True},PLANET FITNESS,0.72,,2025-12-08T00:00:00
844fd80a-d122-5d33-9fe3-c34c5da90ccc,532788bd-1641-5dc9-b246-c4397ed4af60,859c8fb0-d2a2-5d68-ad57-6ad36dcbffcc,6a8ed953-2c24-5301-8d91-e6aa9dcfeadf,b8eadc23-f654-5613-9f2a-cf111cf0ed88,-67.56,USD,-67.56,,2025-12-08,83564403-ac9f-5db5-a4fb-344879db34db,confirmed,,manual,{},TRADER JOE'S #1166,0.8,,2025-12-08T00:00:00
16df4f02-c2b5-5c79-97e5-8668d2fa122f,fb1ad2c1-a5b0-5ae0-9d88-507024507a14,de3e3182-4126-54b8-a5b3-1fbacfb03c9e,dac49113-c1bb-5b26-8af5-745de0febf46,f2a9ca2a-37af-503e-8036-0623ac1a9dbc,-22.61,USD,-22.61,,2025-12-08,af424ab5-dcc2-5aa4-802d-53e8e99d4579,confirmed,,manual,{'recurring': True},APPLE.COM/BILL,0.78,,2025-12-08T00:00:00
77b5a8cf-1c1d-501b-954a-b55411557aa4,fb1ad2c1-a5b0-5ae0-9d88-507024507a14,de3e3182-4126-54b8-a5b3-1fbacfb03c9e,dac49113-c1bb-5b26-8af5-745de0febf46,a00cde6f-8b9f-5006-9541-fdeeb8008d4f,-118.81,USD,-118.81,,2025-12-08,12915486-2f7b-557e-9d40-6d2f4442ed6d,confirmed,,manual,{},AMZN MKTP US*4372,0.92,,2025-12-08T00:00:00
d23f47d6-11ea-57b6-9e63-2ae9453191de,fb1ad2c1-a5b0-5ae0-9d88-507024507a14,494fb35b-ea2e-5ea2-8e6a-da836c11e230,dac49113-c1bb-5b26-8af5-745de0febf46,2b4a9416-2f9a-5c84-8a99-089c2a8da440,-103.05,USD,-103.05,,2025-12-08,bf16b8ec-849c-50c6-9240-c9ae62d9ba69,draft,,manual,{},COMCAST 3740,0.79,,2025-12-08T00:00:00
d97ac28a-cbe7-52f6-b10f-97fa59eb8887,532788bd-1641-5dc9-b246-c4397ed4af60,859c8fb0-d2a2-5d68-ad57-6ad36dcbffcc,6a8ed953-2c24-5301-8d91-e6aa9dcfeadf,d97309cb-eeb8-505a-9948-eec2d33394db,-116.96,USD,-116.96,,2025-12-09,ccb8e507-d6df-51d3-9c6b-2af43847184c,confirmed,,manual,{},HOME DEPOT #7089 PAYMENT,0.8,,2025-12-09T00:00:00
aea560fe-1cab-5901-acf9-78c6da3da607,532788bd-1641-5dc9-b246-c4397ed4af60,c7c53ab9-c6fe-5a0b-b3a8-36f12237d898,6a8ed953-2c24-5301-8d91-e6aa9dcfeadf,68f0922a-39b9-507c-92a6-e2500de5f321,-43.41,USD,-43.41,,2025-12-09,83564403-ac9f-5db5-a4fb-344879db34db,confirmed,,manual,{},COSTCO WHSE #1766,0.88,,2025-12-09T00:00:00
c2fefeb7-1cb9-5c20-9a17-dbfc728be0bd,532788bd-1641-5dc9-b246-c4397ed4af60,c7c53ab9-c6fe-5a0b-b3a8-36f12237d898,6a8ed953-2c24-5301-8d91-e6aa9dcfeadf,d97309cb-eeb8-505a-9948-eec2d33394db,-274.82,USD,-274.82,,2025-12-09,ccb8e507-d6df-51d3-9c6b-2af43847184c,confirmed,,manual,{},HOME DEPOT #7599 DEBIT,0.7,,2025-12-09T00:00:00
682573ce-9e10-5f51-a16e-9f6f21ce1540,fb1ad2c1-a5b0-5ae0-9d88-507024507a14,494fb35b-ea2e-5ea2-8e6a-da836c11e230,dac49113-c1bb-5b26-8af5-745de0febf46,f2a9ca2a-37af-503e-8036-0623ac1a9dbc,-7.56,USD,-7.56,,2025-12-09,c163ef62-5201-5cb2-bf0d-781443a4e5aa,confirmed,,manual,{'recurring': True},APPLE.COM/BILL,0.86,,2025-12-09T00:00:00
fdffae33-757d-5d04-917c-794a398016d9,fb1ad2c1-a5b0-5ae0-9d88-507024507a14,de3e3182-4126-54b8-a5b3-1fbacfb03c9e,dac49113-c1bb-5b26-8af5-745de0febf46,d97309cb-eeb8-505a-9948-eec2d33394db,-46.58,USD,-46.58,,2025-12-09,bdba84aa-8286-5caf-8252-985e2f2f3c1a,confirmed,,manual,{},HOME DEPOT #5320 PAYMENT,0.75,,2025-12-09T00:00:00
e3f09460-cc8f-53f2-85dd-9bc4bf31f37a,532788bd-1641-5dc9-b246-c4397ed4af60,859c8fb0-d2a2-5d68-ad57-6ad36dcbffcc,6a8ed953-2c24-5301-8d91-e6aa9dcfeadf,d97309cb-eeb8-505a-9948-eec2d33394db,-213.07,USD,-213.07,,2025-12-10,ccb8e507-d6df-51d3-9c6b-2af43847184c,confirmed,,plaid,{},HOME DEPOT #1987 PURCHASE,0.82,,2025-12-10T00:00:00
a8086ed0-fcc3-5df9-9dc2-9c06e77d1e96,532788bd-1641-5dc9-b246-c4397ed4af60,c7c53ab9-c6fe-5a0b-b3a8-36f12237d898,6a8ed953-2c24-5301-8d91-e6aa9dcfeadf,158297b6-5a99-547c-9a9d-4e9a859d9dab,-5.89,USD,-5.89,,2025-12-11,fa112a1b-3269-5304-b7dc-1ef8de5dddc0,confirmed,,manual,{},STARBUCKS 5370 DEBIT,0.74,,2025-12-11T00:00:00
a7b3aa6b-659f-516f-93de-0c1bd2e1e4f3,532788bd-1641-5dc9-b246-c4397ed4af60,859c8fb0-d2a2-5d68-ad57-6ad36dcbffcc,6a8ed953-2c24-5301-8d91-e6aa9dcfeadf,d97309cb-eeb8-505a-9948-eec2d33394db,-159.76,USD,-159.76,,2025-12-11,ccb8e507-d6df-51d3-9c6b-2af43847184c,confirmed,,manual,{},HOME DEPOT #5466 PAYMENT,0.83,,2025-12-11T00:00:00
30ede2f0-da62-504a-adb1-5212cebaaa55,532788bd-1641-5dc9-b246-c4397ed4af60,c7c53ab9-c6fe-5a0b-b3a8-36f12237d898,6a8ed953-2c24-5301-8d91-e6aa9dcfeadf,a00cde6f-8b9f-5006-9541-fdeeb8008d4f,-47.88,USD,-47.88,,2025-12-11,ba8264d5-be92-573d-bee0-fc77ba1eba53,confirmed,,manual,{},Amazon.com 4370 PURCHASE,0.91,,2025-12-11T00:00:00
38450bc6-8837-579f-86c1-f116f1326609,fb1ad2c1-a5b0-5ae0-9d88-507024507a14,494fb35b-ea2e-5ea2-8e6a-da836c11e230,dac49113-c1bb-5b26-8af5-745de0febf46,b7475634-9a3f-5b47-9978-5578a1ceb107,-226.97,USD,-226.97,,2025-12-11,d4c1f95d-47e8-52f6-8df9-eeb79b606fda,confirmed,,manual,{},MACY'S,0.75,,2025-12-11T00:00:00
aeb52c79-74ef-527d-b7d0-f5b0a51783b8,fb1ad2c1-a5b0-5ae0-9d88-507024507a14,de3e3182-4126-54b8-a5b3-1fbacfb03c9e,dac49113-c1bb-5b26-8af5-745de0febf46,158297b6-5a99-547c-9a9d-4e9a859d9dab,-9.81,USD,-9.81,,2025-12-11,fa112a1b-3269-5304-b7dc-1ef8de5dddc0,confirmed,,manual,{},STARBUCKS 9606 PURCHASE,0.94,,2025-12-11T00:00:00
5768c37c-3af3-5723-9db2-d046c25c8711,532788bd-1641-5dc9-b246-c4397ed4af60,c7c53ab9-c6fe-5a0b-b3a8-36f12237d898,6a8ed953-2c24-5301-8d91-e6aa9dcfeadf,d97309cb-eeb8-505a-9948-eec2d33394db,-179.61,USD,-179.61,,2025-12-12,ccb8e507-d6df-51d3-9c6b-2af43847184c,confirmed,,manual,{},HOME DEPOT #4380 DEBIT,0.99,,2025-12-12T00:00:00
f9cf4c93-b155-5b00-ada1-f7267980301c,532788bd-1641-5dc9-b246-c4397ed4af60,859c8fb0-d2a2-5d68-ad57-6ad36dcbffcc,6a8ed953-2c24-5301-8d91-e6aa9dcfeadf,f2a9ca2a-37af-503e-8036-0623ac1a9dbc,-29.63,USD,-29.63,,2025-12-12,aee92619-ae79-565c-a988-70e59f94bc78,confirmed,,manual,{'recurring': True},APPLE.COM/BILL,0.82,,2025-12-12T00:00:00
80e5b727-d719-538f-b495-6108b84ea04e,fb1ad2c1-a5b0-5ae0-9d88-507024507a14,494fb35b-ea2e-5ea2-8e6a-da836c11e230,dac49113-c1bb-5b26-8af5-745de0febf46,d97309cb-eeb8-505a-9948-eec2d33394db,-252.74,USD,-252.74,,2025-12-12,ccb8e507-d6df-51d3-9c6b-2af43847184c,confirmed,,manual,{},HOME DEPOT #8455 PAYMENT,0.91,,2025-12-12T00:00:00
d61c052e-e7a1-5a86-bd1e-e6ad168b1a92,532788bd-1641-5dc9-b246-c4397ed4af60,859c8fb0-d2a2-5d68-ad57-6ad36dcbffcc,6a8ed953-2c24-5301-8d91-e6aa9dcfeadf,d97309cb-eeb8-505a-9948-eec2d33394db,-29.22,USD,-29.22,,2025-12-13,ccb8e507-d6df-51d3-9c6b-2af43847184c,draft,,manual,{},HOME DEPOT #5641 PURCHASE,0.92,,2025-12-13T00:00:00
e1416794-3496-5e2e-a124-a7962753782e,532788bd-1641-5dc9-b246-c4397ed4af60,c7c53ab9-c6fe-5a0b-b3a8-36f12237d898,6a8ed953-2c24-5301-8d91-e6aa9dcfeadf,a00cde6f-8b9f-5006-9541-fdeeb8008d4f,-179.14,USD,-179.14,,2025-12-13,c163ef62-5201-5cb2-bf0d-781443a4e5aa,confirmed,,manual,{'recurring': True},Amazon.com 3839 ,0.74,,2025-12-13T00:00:00
bed28e6b-d299-520b-8c6c-ca152bc196db,fb1ad2c1-a5b0-5ae0-9d88-507024507a14,de3e3182-4126-54b8-a5b3-1fbacfb03c9e,dac49113-c1bb-5b26-8af5-745de0febf46,d97309cb-eeb8-505a-9948-eec2d33394db,-176.50,USD,-176.50,,2025-12-13,ccb8e507-d6df-51d3-9c6b-2af43847184c,confirmed,,manual,{},HOME DEPOT #7159 ,0.85,,2025-12-13T00:00:00
0621b6b5-5476-5c77-b2cc-d94e92dcda9c,532788bd-1641-5dc9-b246-c4397ed4af60,c7c53ab9-c6fe-5a0b-b3a8-36f12237d898,6a8ed953-2c24-5301-8d91-e6aa9dcfeadf,158297b6-5a99-547c-9a9d-4e9a859d9dab,-14.49,USD,-14.49,,2025-12-14,5638caff-364a-55b0-9433-607e4844f64b,confirmed,,manual,{},STARBUCKS 3303 PAYMENT,0.86,,2025-12-14T00:00:00
3b9e2006-1461-5808-9660-04b2854bdb39,fb1ad2c1-a5b0-5ae0-9d88-507024507a14,de3e3182-4126-54b8-a5b3-1fbacfb03c9e,dac49113-c1bb-5b26-8af5-745de0febf46,b8eadc23-f654-5613-9f2a-cf111cf0ed88,-58.56,USD,-58.56,,2025-12-14,83564403-ac9f-5db5-a4fb-344879db34db,confirmed,,manual,{},TRADER JOE'S #1890,0.73,,2025-12-14T00:00:00
fd202cb5-4053-5321-bf9a-981ff7f0f0c6,fb1ad2c1-a5b0-5ae0-9d88-507024507a14,494fb35b-ea2e-5ea2-8e6a-da836c11e230,dac49113-c1bb-5b26-8af5-745de0febf46,d97309cb-eeb8-505a-9948-eec2d33394db,-163.15,USD,-163.15,,2025-12-14,ccb8e507-d6df-51d3-9c6b-2af43847184c,confirmed,,manual,{},HOME DEPOT #2697 ,0.98,,2025-12-14T00:00:00
2a2f47fb-f958-54b6-9bba-4033551f39c1,532788bd-1641-5dc9-b246-c4397ed4af60,c7c53ab9-c6fe-5a0b-b3a8-36f12237d898,6a8ed953-2c24-5301-8d91-e6aa9dcfeadf,d97309cb-eeb8-505a-9948-eec2d33394db,-147.23,USD,-147.23,,2025-12-15,ccb8e507-d6df-51d3-9c6b-2af43847184c,confirmed,,manual,{},HOME DEPOT #1458 PAYMENT,0.79,,2025-12-15T00:00:00
32673b17-3b15-50d4-bf0a-b006a9a2c9a9,532788bd-1641-5dc9-b246-c4397ed4af60,c7c53ab9-c6fe-5a0b-b3a8-36f12237d898,6a8ed953-2c24-5301-8d91-e6aa9dcfeadf,2b4a9416-2f9a-5c84-8a99-089c2a8da440,-147.21,USD,-147.21,,2025-12-15,0c9330d7-1154-5540-9033-ff3ccdfd842d,draft,,manual,{},COMCAST 5536,0.96,,2025-12-15T00:00:00
eb24efa3-0638-5ec1-b0e5-d7fa08591325,532788bd-1641-5dc9-b246-c4397ed4af60,c7c53ab9-c6fe-5a0b-b3a8-36f12237d898,6a8ed953-2c24-5301-8d91-e6aa9dcfeadf,234091f8-66bb-5bb3-84d3-5acfb26b89bb,-28.99,USD,-28.99,,2025-12-15,faa9d7bb-1220-5a93-8675-adf7fee33a10,confirmed,,manual,{'recurring': True},UBER *TRIP 8528,0.72,,2025-12-15T00:00:00
5e0f84c4-b2e8-5da4-b16a-2fcae94708a8,532788bd-1641-5dc9-b246-c4397ed4af60,c7c53ab9-c6fe-5a0b-b3a8-36f12237d898,6a8ed953-2c24-5301-8d91-e6aa9dcfeadf,bbc36a1d-bf0a-5d6c-ae4f-ff309f63cf39,-336.31,USD,-336.31,,2025-12-15,c163ef62-5201-5cb2-bf0d-781443a4e5aa,confirmed,,manual,{},BEST BUY,0.95,,2025-12-15T00:00:00
a06e344c-fcc2-5e77-9b87-2fc22206117f,fb1ad2c1-a5b0-5ae0-9d88-507024507a14,494fb35b-ea2e-5ea2-8e6a-da836c11e230,dac49113-c1bb-5b26-8af5-745de0febf46,4af9f4ae-4781-5cb6-8281-5c9f09d25ac0,-21.60,USD,-21.60,,2025-12-15,c163ef62-5201-5cb2-bf0d-781443a4e5aa,confirmed,,manual,{},TARGET 7882 DEBIT,0.95,,2025-12-15T00:00:00
d7c2c679-b62b-5cbb-af3e-c69ccd50be1c,fb1ad2c1-a5b0-5ae0-9d88-507024507a14,494fb35b-ea2e-5ea2-8e6a-da836c11e230,dac49113-c1bb-5b26-8af5-745de0febf46,d97309cb-eeb8-505a-9948-eec2d33394db,-39.52,USD,-39.52,,2025-12-15,077786c2-88f8-517e-9a65-266b802523c4,confirmed,,manual,{},HOME DEPOT #4334 DEBIT,0.82,,2025-12-15T00:00:00
7af6acf5-65aa-55b3-b002-72cfc0abc9b9,fb1ad2c1-a5b0-5ae0-9d88-507024507a14,de3e3182-4126-54b8-a5b3-1fbacfb03c9e,dac49113-c1bb-5b26-8af5-745de0febf46,234091f8-66bb-5bb3-84d3-5acfb26b89bb,-22.04,USD,-22.04,,2025-12-15,f43ab923-88d2-5d30-b514-e67d3c90367a,confirmed,,manual,{},UBER *TRIP 2280,0.85,,2025-12-15T00:00:00
6057db40-7378-50c9-85eb-a41905a5ead0,fb1ad2c1-a5b0-5ae0-9d88-507024507a14,de3e3182-4126-54b8-a5b3-1fbacfb03c9e,dac49113-c1bb-5b26-8af5-745de0febf46,d97309cb-eeb8-505a-9948-eec2d33394db,-277.85,USD,-277.85,,2025-12-15,077786c2-88f8-517e-9a65-266b802523c4,confirmed,,plaid,{'recurring': True},HOME DEPOT #6863 DEBIT,0.72,,2025-12-15T00:00:00
07cddd2c-76ca-576b-bdc2-825bc4d73be3,532788bd-1641-5dc9-b246-c4397ed4af60,c7c53ab9-c6fe-5a0b-b3a8-36f12237d898,6a8ed953-2c24-5301-8d91-e6aa9dcfeadf,d97309cb-eeb8-505a-9948-eec2d33394db,-181.09,USD,-181.09,,2025-12-16,ccb8e507-d6df-51d3-9c6b-2af43847184c,confirmed,,plaid,{},HOME DEPOT #1528 PAYMENT,0.93,,2025-12-16T00:00:00
76fa556b-7a5b-5ec9-9035-25cdf1fd23ae,532788bd-1641-5dc9-b246-c4397ed4af60,859c8fb0-d2a2-5d68-ad57-6ad36dcbffcc,6a8ed953-2c24-5301-8d91-e6aa9dcfeadf,8989e0bc-e443-55e5-9e3f-e2a8f32ee6d7,-15.49,USD,-15.49,,2025-12-16,ea950238-0d12-58ed-8e20-085ecb1a6754,confirmed,,plaid,{},NETFLIX.COM,0.96,,2025-12-16T00:00:00
18795ede-31a0-58cf-b36a-ae38f2b2d5c8,532788bd-1641-5dc9-b246-c4397ed4af60,c7c53ab9-c6fe-5a0b-b3a8-36f12237d898,6a8ed953-2c24-5301-8d91-e6aa9dcfeadf,808b3755-614e-5b7e-ba90-ef88c5558ae5,-26.78,USD,-26.78,,2025-12-16,f43ab923-88d2-5d30-b514-e67d3c90367a,confirmed,,manual,{},LYFT,0.97,,2025-12-16T00:00:00
942f2c6a-7f35-53b5-b80b-39b353e34f16,fb1ad2c1-a5b0-5ae0-9d88-507024507a14,494fb35b-ea2e-5ea2-8e6a-da836c11e230,dac49113-c1bb-5b26-8af5-745de0febf46,7d5663eb-5e52-5077-9815-788af0c1bfc3,-5.92,USD,-5.92,,2025-12-16,fa112a1b-3269-5304-b7dc-1ef8de5dddc0,draft,,manual,{'recurring': True},MCDONALD'S #7767,0.77,,2025-12-16T00:00:00
2ade4cff-0231-5e6c-b937-6038d6b79584,fb1ad2c1-a5b0-5ae0-9d88-507024507a14,494fb35b-ea2e-5ea2-8e6a-da836c11e230,dac49113-c1bb-5b26-8af5-745de0febf46,d97309cb-eeb8-505a-9948-eec2d33394db,-202.41,USD,-202.41,,2025-12-16,ccb8e507-d6df-51d3-9c6b-2af43847184c,confirmed,,manual,{'recurring': True},HOME DEPOT #5099 PURCHASE,0.96,,2025-12-16T00:00:00
c00b1f61-b317-5130-93a5-6f1776d5e9ba,fb1ad2c1-a5b0-5ae0-9d88-507024507a14,494fb35b-ea2e-5ea2-8e6a-da836c11e230,dac49113-c1bb-5b26-8af5-745de0febf46,8b093965-626b-562e-ba34-3a2ae16c7328,-33.74,USD,-33.74,,2025-12-16,a519e456-2deb-59d8-a983-e0e4e0e88abb,confirmed,,plaid,{},PLANET FITNESS,0.77,,2025-12-16T00:00:00
dfcde86a-0b90-55b9-96ec-373cfa60c7b5,532788bd-1641-5dc9-b246-c4397ed4af60,859c8fb0-d2a2-5d68-ad57-6ad36dcbffcc,6a8ed953-2c24-5301-8d91-e6aa9dcfeadf,d97309cb-eeb8-505a-9948-eec2d33394db,-250.75,USD,-250.75,,2025-12-17,ccb8e507-d6df-51d3-9c6b-2af43847184c,confirmed,,manual,{},HOME DEPOT #5572 ,0.71,,2025-12-17T00:00:00
b4d4788a-9f25-5c67-b840-ea247564aa62,532788bd-1641-5dc9-b246-c4397ed4af60,c7c53ab9-c6fe-5a0b-b3a8-36f12237d898,6a8ed953-2c24-5301-8d91-e6aa9dcfeadf,16a24acb-ea67-57eb-a942-246e8cd94297,-11.99,USD,-11.99,,2025-12-17,8186f853-4ffe-5357-8ca5-adc11ba52b8a,confirmed,,manual,{'recurring': True},GOOGLE *YOUTUBE PREMIUM,0.98,,2025-12-17T00:00:00
138dd455-473d-53d8-b4c4-94ef97d3d166,fb1ad2c1-a5b0-5ae0-9d88-507024507a14,de3e3182-4126-54b8-a5b3-1fbacfb03c9e,dac49113-c1bb-5b26-8af5-745de0febf46,bea56dd3-0d8f-5b9e-8688-1f2c3fcc2a11,-10.46,USD,-10.46,,2025-12-17,de3f2bc4-947e-5d7b-a51e-d6da6178c1df,confirmed,,manual,{},CHIPOTLE 4903 PURCHASE,0.99,,2025-12-17T00:00:00
d6d386e6-f0a8-5ebc-9f1d-8a3f42156be2,fb1ad2c1-a5b0-5ae0-9d88-507024507a14,494fb35b-ea2e-5ea2-8e6a-da836c11e230,dac49113-c1bb-5b26-8af5-745de0febf46,d97309cb-eeb8-505a-9948-eec2d33394db,-253.26,USD,-253.26,,2025-12-17,ccb8e507-d6df-51d3-9c6b-2af43847184c,confirmed,,manual,{},HOME DEPOT #8581 DEBIT,0.81,,2025-12-17T00:00:00
099c7325-7b35-5e0b-95f8-57d0d28e1e30,532788bd-1641-5dc9-b246-c4397ed4af60,859c8fb0-d2a2-5d68-ad57-6ad36dcbffcc,6a8ed953-2c24-5301-8d91-e6aa9dcfeadf,bbc36a1d-bf0a-5d6c-ae4f-ff309f63cf39,-170.73,USD,-170.73,,2025-12-18,aee92619-ae79-565c-a988-70e59f94bc78,confirmed,,manual,{},BEST BUY,0.85,,2025-12-18T00:00:00
463e9577-792c-5290-b652-6ed59dec2579,532788bd-1641-5dc9-b246-c4397ed4af60,c7c53ab9-c6fe-5a0b-b3a8-36f12237d898,6a8ed953-2c24-5301-8d91-e6aa9dcfeadf,a00cde6f-8b9f-5006-9541-fdeeb8008d4f,-137.29,USD,-137.29,,2025-12-18,c163ef62-5201-5cb2-bf0d-781443a4e5aa,confirmed,,manual,{},AMZN MKTP US*4845,0.72,,2025-12-18T00:00:00
c4b1c61d-5c48-5d80-97db-abfc90c08a76,fb1ad2c1-a5b0-5ae0-9d88-507024507a14,de3e3182-4126-54b8-a5b3-1fbacfb03c9e,dac49113-c1bb-5b26-8af5-745de0febf46,c9ef2dab-c18a-5c65-bdc7-b6b34f18356e,-37.90,USD,-37.90,,2025-12-18,71b656bc-548e-5020-b191-229e68650021,confirmed,,manual,{'recurring': True},CVS PHARMACY #3458,0.99,,2025-12-18T00:00:00
5572de2a-4395-5240-8d25-088624095d1f,fb1ad2c1-a5b0-5ae0-9d88-507024507a14,494fb35b-ea2e-5ea2-8e6a-da836c11e230,dac49113-c1bb-5b26-8af5-745de0febf46,bbc36a1d-bf0a-5d6c-ae4f-ff309f63cf39,-372.30,USD,-372.30,,2025-12-18,c163ef62-5201-5cb2-bf0d-781443a4e5aa,confirmed,,manual,{},BEST BUY,0.76,,2025-12-18T00:00:00
42234481-c596-50f3-b242-1d880346bdcd,fb1ad2c1-a5b0-5ae0-9d88-507024507a14,de3e3182-4126-54b8-a5b3-1fbacfb03c9e,dac49113-c1bb-5b26-8af5-745de0febf46,5813fb16-6db8-5fd5-9486-97b3414b3ad6,-43.09,USD,-43.09,,2025-12-18,83564403-ac9f-5db5-a4fb-344879db34db,confirmed,,manual,{},WHOLE FOODS 4949 ,0.81,,2025-12-18T00:00:00
475b4244-98f9-5fbf-a1fb-11c0bb6c0430,532788bd-1641-5dc9-b246-c4397ed4af60,859c8fb0-d2a2-5d68-ad57-6ad36dcbffcc,6a8ed953-2c24-5301-8d91-e6aa9dcfeadf,bbc36a1d-bf0a-5d6c-ae4f-ff309f63cf39,-257.22,USD,-257.22,,2025-12-19,c163ef62-5201-5cb2-bf0d-781443a4e5aa,confirmed,,manual,{},BEST BUY,0.83,,2025-12-19T00:00:00
169bd213-49ac-560a-ad7d-895bb3410328,532788bd-1641-5dc9-b246-c4397ed4af60,859c8fb0-d2a2-5d68-ad57-6ad36dcbffcc,6a8ed953-2c24-5301-8d91-e6aa9dcfeadf,158297b6-5a99-547c-9a9d-4e9a859d9dab,-13.01,USD,-13.01,,2025-12-19,fa112a1b-3269-5304-b7dc-1ef8de5dddc0,confirmed,,manual,{'recurring': True},STARBUCKS 2196 PURCHASE,0.81,,2025-12-19T00:00:00
486b4717-7207-50b2-a307-d1ee54b34940,fb1ad2c1-a5b0-5ae0-9d88-507024507a14,de3e3182-4126-54b8-a5b3-1fbacfb03c9e,dac49113-c1bb-5b26-8af5-745de0febf46,c9ef2dab-c18a-5c65-bdc7-b6b34f18356e,-36.35,USD,-36.35,,2025-12-19,71b656bc-548e-5020-b191-229e68650021,confirmed,,manual,{'recurring': True},CVS PHARMACY #7215,0.73,,2025-12-19T00:00:00
c24c6fa7-333b-55b7-a035-60093b6b0934,fb1ad2c1-a5b0-5ae0-9d88-507024507a14,de3e3182-4126-54b8-a5b3-1fbacfb03c9e,dac49113-c1bb-5b26-8af5-745de0febf46,d97309cb-eeb8-505a-9948-eec2d33394db,-267.32,USD,-267.32,,2025-12-19,ccb8e507-d6df-51d3-9c6b-2af43847184c,confirmed,,plaid,{},HOME DEPOT #2738 PURCHASE,0.87,,2025-12-19T00:00:00
d04e35b4-66c6-52a3-96eb-80016fb7f577,532788bd-1641-5dc9-b246-c4397ed4af60,c7c53ab9-c6fe-5a0b-b3a8-36f12237d898,6a8ed953-2c24-5301-8d91-e6aa9dcfeadf,a00cde6f-8b9f-5006-9541-fdeeb8008d4f,-91.66,USD,-91.66,,2025-12-20,12915486-2f7b-557e-9d40-6d2f4442ed6d,confirmed,,manual,{},Amazon.com 5309 DEBIT,0.73,,2025-12-20T00:00:00
7c376330-7e9a-59af-ba9a-18dce66fa121,532788bd-1641-5dc9-b246-c4397ed4af60,c7c53ab9-c6fe-5a0b-b3a8-36f12237d898,6a8ed953-2c24-5301-8d91-e6aa9dcfeadf,a00cde6f-8b9f-5006-9541-fdeeb8008d4f,-142.83,USD,-142.83,,2025-12-20,af424ab5-dcc2-5aa4-802d-53e8e99d4579,confirmed,,manual,{},AMZN MKTP US*8100,0.87,,2025-12-20T00:00:00
f4658e6a-6c48-598c-994d-8323fd78712d,532788bd-1641-5dc9-b246-c4397ed4af60,c7c53ab9-c6fe-5a0b-b3a8-36f12237d898,6a8ed953-2c24-5301-8d91-e6aa9dcfeadf,78bab17d-4ce4-5345-97e7-6969d2e7a5e9,-238.97,USD,-238.97,,2025-12-20,b7ec2236-fab9-5f74-9e59-c0476c5dccf2,confirmed,,manual,{'recurring': True},DELTA AIR LINES 4205,0.92,,2025-12-20T00:00:00
cc7b54a7-5df1-59d5-994d-fff77386f3fd,fb1ad2c1-a5b0-5ae0-9d88-507024507a14,494fb35b-ea2e-5ea2-8e6a-da836c11e230,dac49113-c1bb-5b26-8af5-745de0febf46,4af9f4ae-4781-5cb6-8281-5c9f09d25ac0,-10.35,USD,-10.35,,2025-12-20,c163ef62-5201-5cb2-bf0d-781443a4e5aa,confirmed,,manual,{},TARGET 4416 PURCHASE,0.89,,2025-12-20T00:00:00
10fd26b3-821d-565b-9aa3-da2c4a2d326c,fb1ad2c1-a5b0-5ae0-9d88-507024507a14,de3e3182-4126-54b8-a5b3-1fbacfb03c9e,dac49113-c1bb-5b26-8af5-745de0febf46,b7475634-9a3f-5b47-9978-5578a1ceb107,-116.51,USD,-116.51,,2025-12-20,aee92619-ae79-565c-a988-70e59f94bc78,confirmed,,manual,{},MACY'S,0.84,,2025-12-20T00:00:00
fef93b01-ac4b-503a-a3ff-2a01f1a46438,fb1ad2c1-a5b0-5ae0-9d88-507024507a14,de3e3182-4126-54b8-a5b3-1fbacfb03c9e,dac49113-c1bb-5b26-8af5-745de0febf46,d97309cb-eeb8-505a-9948-eec2d33394db,-268.60,USD,-268.60,,2025-12-20,ccb8e507-d6df-51d3-9c6b-2af43847184c,confirmed,,manual,{},HOME DEPOT #6295 PAYMENT,0.83,,2025-12-20T00:00:00
aa78696f-0c5e-543f-80ef-8417823cd87c,532788bd-1641-5dc9-b246-c4397ed4af60,859c8fb0-d2a2-5d68-ad57-6ad36dcbffcc,6a8ed953-2c24-5301-8d91-e6aa9dcfeadf,d97309cb-eeb8-505a-9948-eec2d33394db,-51.83,USD,-51.83,,2025-12-21,bdba84aa-8286-5caf-8252-985e2f2f3c1a,confirmed,,manual,{'recurring': True},HOME DEPOT #7212 DEBIT,0.93,,2025-12-21T00:00:00
309a4408-5198-5237-9fcf-ec6d9c25257d,532788bd-1641-5dc9-b246-c4397ed4af60,c7c53ab9-c6fe-5a0b-b3a8-36f12237d898,6a8ed953-2c24-5301-8d91-e6aa9dcfeadf,234091f8-66bb-5bb3-84d3-5acfb26b89bb,-39.53,USD,-39.53,,2025-12-21,faa9d7bb-1220-5a93-8675-adf7fee33a10,confirmed,,manual,{},UBER *TRIP 5754,0.87,,2025-12-21T00:00:00
83ac090b-366a-5d10-b0e1-f9c9fd930f2f,532788bd-1641-5dc9-b246-c4397ed4af60,c7c53ab9-c6fe-5a0b-b3a8-36f12237d898,6a8ed953-2c24-5301-8d91-e6aa9dcfeadf,8b093965-626b-562e-ba34-3a2ae16c7328,-26.05,USD,-26.05,,2025-12-21,875ccc19-66e7-5835-86a5-73be20384685,confirmed,,manual,{},PLANET FITNESS,0.89,,2025-12-21T00:00:00
68a3d5db-6d13-5350-9556-40f166f469b5,fb1ad2c1-a5b0-5ae0-9d88-507024507a14,de3e3182-4126-54b8-a5b3-1fbacfb03c9e,dac49113-c1bb-5b26-8af5-745de0febf46,c9ef2dab-c18a-5c65-bdc7-b6b34f18356e,-9.59,USD,-9.59,,2025-12-21,71b656bc-548e-5020-b191-229e68650021,confirmed,,manual,{},CVS PHARMACY #2253,0.92,,2025-12-21T00:00:00
5e0d6274-e296-5fef-ae9a-4ff9629bdefd,fb1ad2c1-a5b0-5ae0-9d88-507024507a14,de3e3182-4126-54b8-a5b3-1fbacfb03c9e,dac49113-c1bb-5b26-8af5-745de0febf46,d97309cb-eeb8-505a-9948-eec2d33394db,-122.33,USD,-122.33,,2025-12-21,ccb8e507-d6df-51d3-9c6b-2af43847184c,confirmed,,manual,{},HOME DEPOT #4641 ,0.91,,2025-12-21T00:00:00
1b401019-21db-5f84-81d1-341c339804bf,532788bd-1641-5dc9-b246-c4397ed4af60,859c8fb0-d2a2-5d68-ad57-6ad36dcbffcc,6a8ed953-2c24-5301-8d91-e6aa9dcfeadf,d97309cb-eeb8-505a-9948-eec2d33394db,-164.17,USD,-164.17,,2025-12-22,ccb8e507-d6df-51d3-9c6b-2af43847184c,confirmed,,manual,{'recurring': True},HOME DEPOT #9084 PAYMENT,0.71,,2025-12-22T00:00:00
9baadc81-3e7a-5c1d-823b-24976420d282,532788bd-1641-5dc9-b246-c4397ed4af60,c7c53ab9-c6fe-5a0b-b3a8-36f12237d898,6a8ed953-2c24-5301-8d91-e6aa9dcfeadf,4af9f4ae-4781-5cb6-8281-5c9f09d25ac0,-93.05,USD,-93.05,,2025-12-22,c41a2c56-8547-5a0c-aaec-8c24b93da49d,confirmed,,manual,{},TARGET 6128 PURCHASE,0.96,,2025-12-22T00:00:00
5a30f6e2-a41b-54d8-a329-9ab73c9aab1d,532788bd-1641-5dc9-b246-c4397ed4af60,859c8fb0-d2a2-5d68-ad57-6ad36dcbffcc,6a8ed953-2c24-5301-8d91-e6aa9dcfeadf,d97309cb-eeb8-505a-9948-eec2d33394db,-51.28,USD,-51.28,,2025-12-22,ccb8e507-d6df-51d3-9c6b-2af43847184c,confirmed,,manual,{'recurring': True},HOME DEPOT #9518 DEBIT,0.73,,2025-12-22T00:00:00
bb73afa4-a59e-5d82-b87b-a4ad22f5c3e7,fb1ad2c1-a5b0-5ae0-9d88-507024507a14,494fb35b-ea2e-5ea2-8e6a-da836c11e230,dac49113-c1bb-5b26-8af5-745de0febf46,c905592e-a82b-5c8e-904a-d39c475430ef,-47.54,USD,-47.54,,2025-12-22,f43ab923-88d2-5d30-b514-e67d3c90367a,draft,,manual,{},SHELL OIL 2926 ,0.88,,2025-12-22T00:00:00
c9376790-503c-5b31-b977-cca7dc439e9f,fb1ad2c1-a5b0-5ae0-9d88-507024507a14,de3e3182-4126-54b8-a5b3-1fbacfb03c9e,dac49113-c1bb-5b26-8af5-745de0febf46,78bab17d-4ce4-5345-97e7-6969d2e7a5e9,-256.75,USD,-256.75,,2025-12-22,b7ec2236-fab9-5f74-9e59-c0476c5dccf2,confirmed,,manual,{},DELTA AIR LINES 6205,0.99,,2025-12-22T00:00:00
69c115dc-76be-58ce-a936-9864d5170b0f,fb1ad2c1-a5b0-5ae0-9d88-507024507a14,de3e3182-4126-54b8-a5b3-1fbacfb03c9e,dac49113-c1bb-5b26-8af5-745de0febf46,b7475634-9a3f-5b47-9978-5578a1ceb107,-41.78,USD,-41.78,,2025-12-22,ba8264d5-be92-573d-bee0-fc77ba1eba53,confirmed,,plaid,{},MACY'S,0.7,,2025-12-22T00:00:00
eeaf2ce1-fe2f-5544-ad4b-13554ba32bf9,fb1ad2c1-a5b0-5ae0-9d88-507024507a14,de3e3182-4126-54b8-a5b3-1fbacfb03c9e,dac49113-c1bb-5b26-8af5-745de0febf46,c905592e-a82b-5c8e-904a-d39c475430ef,-52.62,USD,-52.62,,2025-12-22,f43ab923-88d2-5d30-b514-e67d3c90367a,confirmed,,manual,{},SHELL OIL 5542 ,1.0,,2025-12-22T00:00:00
1864d944-c354-5038-ab4c-3314d847fedd,532788bd-1641-5dc9-b246-c4397ed4af60,c7c53ab9-c6fe-5a0b-b3a8-36f12237d898,6a8ed953-2c24-5301-8d91-e6aa9dcfeadf,f573b94f-d6d1-51c3-a8dd-9f4c61a57329,-119.59,USD,-119.59,,2025-12-23,0c9330d7-1154-5540-9033-ff3ccdfd842d,confirmed,,manual,{},VERIZON WIRELESS 5104,0.75,,2025-12-23T00:00:00
95df254a-ff05-50ed-81e1-47552b1fab93,532788bd-1641-5dc9-b246-c4397ed4af60,859c8fb0-d2a2-5d68-ad57-6ad36dcbffcc,6a8ed953-2c24-5301-8d91-e6aa9dcfeadf,aed3c2eb-e1aa-5aab-aed0-039beaa9a52d,-9.99,USD,-9.99,,2025-12-23,8186f853-4ffe-5357-8ca5-adc11ba52b8a,confirmed,,manual,{},SPOTIFY USA,0.81,,2025-12-23T00:00:00
19738e8d-0632-550b-ace8-c6fec925e534,532788bd-1641-5dc9-b246-c4397ed4af60,859c8fb0-d2a2-5d68-ad57-6ad36dcbffcc,6a8ed953-2c24-5301-8d91-e6aa9dcfeadf,5813fb16-6db8-5fd5-9486-97b3414b3ad6,-111.58,USD,-111.58,,2025-12-23,83564403-ac9f-5db5-a4fb-344879db34db,confirmed,,manual,{},WHOLE FOODS 1549 PAYMENT,0.91,,2025-12-23T00:00:00
34ce42ff-f3b7-5774-8b3b-f2519b13ca73,fb1ad2c1-a5b0-5ae0-9d88-507024507a14,494fb35b-ea2e-5ea2-8e6a-da836c11e230,dac49113-c1bb-5b26-8af5-745de0febf46,f573b94f-d6d1-51c3-a8dd-9f4c61a57329,-67.48,USD,-67.48,,2025-12-23,7c8fb462-7d13-54a2-8a1d-9974bce7d252,confirmed,,manual,{},VERIZON WIRELESS 3898,0.89,,2025-12-23T00:00:00
c417e636-6933-517a-bc90-9ddd64c76b42,fb1ad2c1-a5b0-5ae0-9d88-507024507a14,494fb35b-ea2e-5ea2-8e6a-da836c11e230,dac49113-c1bb-5b26-8af5-745de0febf46,234091f8-66bb-5bb3-84d3-5acfb26b89bb,-28.96,USD,-28.96,,2025-12-23,51fda6e9-fdf8-5107-ac9c-83867d45beb7,confirmed,,manual,{},UBER *TRIP 6185,0.98,,2025-12-23T00:00:00
73b44d91-9a49-52e8-be6f-8c5cef6b7379,532788bd-1641-5dc9-b246-c4397ed4af60,859c8fb0-d2a2-5d68-ad57-6ad36dcbffcc,6a8ed953-2c24-5301-8d91-e6aa9dcfeadf,234091f8-66bb-5bb3-84d3-5acfb26b89bb,-13.52,USD,-13.52,,2025-12-24,938be465-3e19-5055-b08e-939e392f553f,confirmed,,manual,{},UBER *TRIP 4255,0.87,,2025-12-24T00:00:00
4550170f-f066-50bc-b989-86a0e91c575e,532788bd-1641-5dc9-b246-c4397ed4af60,859c8fb0-d2a2-5d68-ad57-6ad36dcbffcc,6a8ed953-2c24-5301-8d91-e6aa9dcfeadf,8b093965-626b-562e-ba34-3a2ae16c7328,-12.82,USD,-12.82,,2025-12-24,8d5d7df5-91ea-5998-8eea-33179599a118,confirmed,,plaid,{},PLANET FITNESS,0.89,,2025-12-24T00:00:00
a2299612-3592-5d24-a6ea-0212f052354d,fb1ad2c1-a5b0-5ae0-9d88-507024507a14,494fb35b-ea2e-5ea2-8e6a-da836c11e230,dac49113-c1bb-5b26-8af5-745de0febf46,f573b94f-d6d1-51c3-a8dd-9f4c61a57329,-85.01,USD,-85.01,,2025-12-24,bf16b8ec-849c-50c6-9240-c9ae62d9ba69,confirmed,,manual,{},VERIZON WIRELESS 6087,0.74,,2025-12-24T00:00:00
023d2c3e-d795-5cb5-8252-eedfc3259749,fb1ad2c1-a5b0-5ae0-9d88-507024507a14,de3e3182-4126-54b8-a5b3-1fbacfb03c9e,dac49113-c1bb-5b26-8af5-745de0febf46,d97309cb-eeb8-505a-9948-eec2d33394db,-294.09,USD,-294.09,,2025-12-24,bdba84aa-8286-5caf-8252-985e2f2f3c1a,confirmed,,manual,{},HOME DEPOT #5334 DEBIT,0.89,,2025-12-24T00:00:00
0a11920d-cd36-5a46-a0ea-ca256edb1419,fb1ad2c1-a5b0-5ae0-9d88-507024507a14,494fb35b-ea2e-5ea2-8e6a-da836c11e230,dac49113-c1bb-5b26-8af5-745de0febf46,808b3755-614e-5b7e-ba90-ef88c5558ae5,-10.45,USD,-10.45,,2025-12-24,938be465-3e19-5055-b08e-939e392f553f,confirmed,,manual,{},LYFT,0.73,,2025-12-24T00:00:00
fa48a1ef-250e-57f6-a990-225bb767dcb1,532788bd-1641-5dc9-b246-c4397ed4af60,c7c53ab9-c6fe-5a0b-b3a8-36f12237d898,6a8ed953-2c24-5301-8d91-e6aa9dcfeadf,2d8b3f27-58fe-5583-8d7e-995c79ade98a,-91.61,USD,-91.61,,2025-12-25,83564403-ac9f-5db5-a4fb-344879db34db,confirmed,,manual,{},KROGER #6879,0.89,,2025-12-25T00:00:00
14b19c99-31b1-5104-a3f7-dbfcf840319b,532788bd-1641-5dc9-b246-c4397ed4af60,859c8fb0-d2a2-5d68-ad57-6ad36dcbffcc,6a8ed953-2c24-5301-8d91-e6aa9dcfeadf,4af9f4ae-4781-5cb6-8281-5c9f09d25ac0,-93.95,USD,-93.95,,2025-12-25,ba8264d5-be92-573d-bee0-fc77ba1eba53,draft,,manual,{},TARGET 7977 PAYMENT,0.75,,2025-12-25T00:00:00
b536c920-895d-571b-855e-ca81623ec768,532788bd-1641-5dc9-b246-c4397ed4af60,859c8fb0-d2a2-5d68-ad57-6ad36dcbffcc,6a8ed953-2c24-5301-8d91-e6aa9dcfeadf,d97309cb-eeb8-505a-9948-eec2d33394db,-100.87,USD,-100.87,,2025-12-25,ccb8e507-d6df-51d3-9c6b-2af43847184c,confirmed,,plaid,{},HOME DEPOT #4869 PURCHASE,0.87,,2025-12-25T00:00:00
c79fffb6-a39f-5ad1-8b24-6493f6449d52,fb1ad2c1-a5b0-5ae0-9d88-507024507a14,de3e3182-4126-54b8-a5b3-1fbacfb03c9e,dac49113-c1bb-5b26-8af5-745de0febf46,d97309cb-eeb8-505a-9948-eec2d33394db,-214.15,USD,-214.15,,2025-12-25,ccb8e507-d6df-51d3-9c6b-2af43847184c,confirmed,,manual,{},HOME DEPOT #8593 PURCHASE,0.8,,2025-12-25T00:00:00
023a8dfa-8b52-5ad7-bc39-e78653375949,fb1ad2c1-a5b0-5ae0-9d88-507024507a14,de3e3182-4126-54b8-a5b3-1fbacfb03c9e,dac49113-c1bb-5b26-8af5-745de0febf46,5813fb16-6db8-5fd5-9486-97b3414b3ad6,-101.98,USD,-101.98,,2025-12-25,83564403-ac9f-5db5-a4fb-344879db34db,confirmed,,manual,{},WHOLE FOODS 9750 DEBIT,0.88,,2025-12-25T00:00:00
7409a60c-95ea-5fef-8e64-e8bc8939c241,fb1ad2c1-a5b0-5ae0-9d88-507024507a14,de3e3182-4126-54b8-a5b3-1fbacfb03c9e,dac49113-c1bb-5b26-8af5-745de0febf46,d553f2a4-b2c8-570b-8de4-81fa86437869,-95.48,USD,-95.48,,2025-12-25,83564403-ac9f-5db5-a4fb-344879db34db,confirmed,,manual,{},WAL-MART #4769,0.83,,2025-12-25T00:00:00
cbeed125-183e-51f4-b1a6-b3421ed282a1,fb1ad2c1-a5b0-5ae0-9d88-507024507a14,494fb35b-ea2e-5ea2-8e6a-da836c11e230,dac49113-c1bb-5b26-8af5-745de0febf46,8b093965-626b-562e-ba34-3a2ae16c7328,-21.08,USD,-21.08,,2025-12-25,a519e456-2deb-59d8-a983-e0e4e0e88abb,confirmed,,manual,{},PLANET FITNESS,0.74,,2025-12-25T00:00:00
b3c92c4b-33c1-5d7e-88a4-bfc4c66d0f48,532788bd-1641-5dc9-b246-c4397ed4af60,859c8fb0-d2a2-5d68-ad57-6ad36dcbffcc,6a8ed953-2c24-5301-8d91-e6aa9dcfeadf,41d50eda-694c-5967-8780-12cd00399dab,-4.81,USD,-4.81,,2025-12-26,fa112a1b-3269-5304-b7dc-1ef8de5dddc0,confirmed,,manual,{},DUNKIN',0.95,,2025-12-26T00:00:00
6238fc95-e7cd-533e-8621-50045f966f5d,532788bd-1641-5dc9-b246-c4397ed4af60,859c8fb0-d2a2-5d68-ad57-6ad36dcbffcc,6a8ed953-2c24-5301-8d91-e6aa9dcfeadf,d97309cb-eeb8-505a-9948-eec2d33394db,-263.04,USD,-263.04,,2025-12-26,ccb8e507-d6df-51d3-9c6b-2af43847184c,confirmed,,manual,{},HOME DEPOT #1113 PAYMENT,0.94,,2025-12-26T00:00:00
cfe5352f-7180-5930-bdce-72886a3920df,532788bd-1641-5dc9-b246-c4397ed4af60,c7c53ab9-c6fe-5a0b-b3a8-36f12237d898,6a8ed953-2c24-5301-8d91-e6aa9dcfeadf,d97309cb-eeb8-505a-9948-eec2d33394db,-262.35,USD,-262.35,,2025-12-26,ccb8e507-d6df-51d3-9c6b-2af43847184c,confirmed,,manual,{},HOME DEPOT #1820 PAYMENT,0.93,,2025-12-26T00:00:00
64df6f87-4e0a-58b8-a635-895d1268f856,fb1ad2c1-a5b0-5ae0-9d88-507024507a14,de3e3182-4126-54b8-a5b3-1fbacfb03c9e,dac49113-c1bb-5b26-8af5-745de0febf46,d97309cb-eeb8-505a-9948-eec2d33394db,-276.85,USD,-276.85,,2025-12-26,bdba84aa-8286-5caf-8252-985e2f2f3c1a,confirmed,,plaid,{},HOME DEPOT #2253 PAYMENT,0.92,,2025-12-26T00:00:00
b94ffec5-ff51-5a90-8b04-81c14ba4e446,fb1ad2c1-a5b0-5ae0-9d88-507024507a14,de3e3182-4126-54b8-a5b3-1fbacfb03c9e,dac49113-c1bb-5b26-8af5-745de0febf46,808b3755-614e-5b7e-ba90-ef88c5558ae5,-33.04,USD,-33.04,,2025-12-26,938be465-3e19-5055-b08e-939e392f553f,confirmed,,plaid,{'recurring': True},LYFT,0.78,,2025-12-26T00:00:00
90398ad3-5c3c-5a35-9e06-6b0796682bac,532788bd-1641-5dc9-b246-c4397ed4af60,859c8fb0-d2a2-5d68-ad57-6ad36dcbffcc,6a8ed953-2c24-5301-8d91-e6aa9dcfeadf,d97309cb-eeb8-505a-9948-eec2d33394db,-190.44,USD,-190.44,,2025-12-27,ccb8e507-d6df-51d3-9c6b-2af43847184c,confirmed,,manual,{},HOME DEPOT #7131 ,0.91,,2025-12-27T00:00:00
0a434e08-e38a-5613-aad5-4788a962fb29,532788bd-1641-5dc9-b246-c4397ed4af60,c7c53ab9-c6fe-5a0b-b3a8-36f12237d898,6a8ed953-2c24-5301-8d91-e6aa9dcfeadf,808b3755-614e-5b7e-ba90-ef88c5558ae5,-22.62,USD,-22.62,,2025-12-27,d765f3b4-e63d-5ea7-8e05-58458f986634,confirmed,,manual,{},LYFT,0.83,,2025-12-27T00:00:00
1d6883cb-5375-5a4b-8044-33f6539cc318,532788bd-1641-5dc9-b246-c4397ed4af60,859c8fb0-d2a2-5d68-ad57-6ad36dcbffcc,6a8ed953-2c24-5301-8d91-e6aa9dcfeadf,d97309cb-eeb8-505a-9948-eec2d33394db,-87.87,USD,-87.87,,2025-12-27,ccb8e507-d6df-51d3-9c6b-2af43847184c,confirmed,,manual,{},HOME DEPOT #8971 PAYMENT,0.93,,2025-12-27T00:00:00
3007e5b5-14b3-5b65-9b65-e65e1af9aacd,532788bd-1641-5dc9-b246-c4397ed4af60,c7c53ab9-c6fe-5a0b-b3a8-36f12237d898,6a8ed953-2c24-5301-8d91-e6aa9dcfeadf,d97309cb-eeb8-505a-9948-eec2d33394db,-171.77,USD,-171.77,,2025-12-27,077786c2-88f8-517e-9a65-266b802523c4,confirmed,,manual,{},HOME DEPOT #7851 PAYMENT,0.9,,2025-12-27T00:00:00
750b49b1-5b7f-5766-93ad-7df41138d466,fb1ad2c1-a5b0-5ae0-9d88-507024507a14,de3e3182-4126-54b8-a5b3-1fbacfb03c9e,dac49113-c1bb-5b26-8af5-745de0febf46,234091f8-66bb-5bb3-84d3-5acfb26b89bb,-35.49,USD,-35.49,,2025-12-27,faa9d7bb-1220-5a93-8675-adf7fee33a10,confirmed,,plaid,{},UBER *TRIP 5690,0.7,,2025-12-27T00:00:00
9ca56ab7-368e-5c60-9366-481b6ea99ebc,fb1ad2c1-a5b0-5ae0-9d88-507024507a14,de3e3182-4126-54b8-a5b3-1fbacfb03c9e,dac49113-c1bb-5b26-8af5-745de0febf46,f573b94f-d6d1-51c3-a8dd-9f4c61a57329,-89.92,USD,-89.92,,2025-12-27,2d123316-c022-5b31-8284-b23e61b8e6d0,confirmed,,plaid,{},VERIZON WIRELESS 7722,0.89,,2025-12-27T00:00:00
2691ec07-e7cb-5150-854a-cdedc10200f1,532788bd-1641-5dc9-b246-c4397ed4af60,c7c53ab9-c6fe-5a0b-b3a8-36f12237d898,6a8ed953-2c24-5301-8d91-e6aa9dcfeadf,d97309cb-eeb8-505a-9948-eec2d33394db,-210.04,USD,-210.04,,2025-12-28,ccb8e507-d6df-51d3-9c6b-2af43847184c,confirmed,,plaid,{},HOME DEPOT #7378 PURCHASE,0.92,,2025-12-28T00:00:00
a83b1415-d62e-5655-beb6-daa9ffdf2a67,532788bd-1641-5dc9-b246-c4397ed4af60,c7c53ab9-c6fe-5a0b-b3a8-36f12237d898,6a8ed953-2c24-5301-8d91-e6aa9dcfeadf,d97309cb-eeb8-505a-9948-eec2d33394db,-262.11,USD,-262.11,,2025-12-28,ccb8e507-d6df-51d3-9c6b-2af43847184c,draft,,manual,{},HOME DEPOT #2152 ,0.88,,2025-12-28T00:00:00
cc486b70-80ac-5d01-b8a9-6abf61ec4d12,fb1ad2c1-a5b0-5ae0-9d88-507024507a14,494fb35b-ea2e-5ea2-8e6a-da836c11e230,dac49113-c1bb-5b26-8af5-745de0febf46,c9ef2dab-c18a-5c65-bdc7-b6b34f18356e,-33.99,USD,-33.99,,2025-12-28,78973b8a-ca75-5365-a413-1efb5fe538d0,confirmed,,manual,{},CVS PHARMACY #7544,0.95,,2025-12-28T00:00:00
1be85235-1ba9-57e3-a855-c278999159a4,532788bd-1641-5dc9-b246-c4397ed4af60,859c8fb0-d2a2-5d68-ad57-6ad36dcbffcc,6a8ed953-2c24-5301-8d91-e6aa9dcfeadf,f573b94f-d6d1-51c3-a8dd-9f4c61a57329,-116.71,USD,-116.71,,2025-12-29,0c9330d7-1154-5540-9033-ff3ccdfd842d,confirmed,,manual,{},VERIZON WIRELESS 2591,0.91,,2025-12-29T00:00:00
43740883-473a-5b59-aa84-56b5503498d7,532788bd-1641-5dc9-b246-c4397ed4af60,c7c53ab9-c6fe-5a0b-b3a8-36f12237d898,6a8ed953-2c24-5301-8d91-e6aa9dcfeadf,b8eadc23-f654-5613-9f2a-cf111cf0ed88,-36.49,USD,-36.49,,2025-12-29,83564403-ac9f-5db5-a4fb-344879db34db,confirmed,,plaid,{},TRADER JOE'S #5510,0.71,,2025-12-29T00:00:00
8192d1b8-ac35-5064-aab6-dd4f33efaeb5,532788bd-1641-5dc9-b246-c4397ed4af60,c7c53ab9-c6fe-5a0b-b3a8-36f12237d898,6a8ed953-2c24-5301-8d91-e6aa9dcfeadf,4af9f4ae-4781-5cb6-8281-5c9f09d25ac0,-72.44,USD,-72.44,,2025-12-29,ba8264d5-be92-573d-bee0-fc77ba1eba53,confirmed,,plaid,{},TARGET 8206 PAYMENT,0.79,,2025-12-29T00:00:00
215608d3-f60f-5412-b1e5-4bc5c2566c0a,fb1ad2c1-a5b0-5ae0-9d88-507024507a14,de3e3182-4126-54b8-a5b3-1fbacfb03c9e,dac49113-c1bb-5b26-8af5-745de0febf46,68f0922a-39b9-507c-92a6-e2500de5f321,-188.53,USD,-188.53,,2025-12-29,83564403-ac9f-5db5-a4fb-344879db34db,confirmed,,manual,{},COSTCO WHSE #7192,0.97,,2025-12-29T00:00:00
7c8cbd4a-80c3-548d-9cf0-8176b0553661,fb1ad2c1-a5b0-5ae0-9d88-507024507a14,494fb35b-ea2e-5ea2-8e6a-da836c11e230,dac49113-c1bb-5b26-8af5-745de0febf46,2b4a9416-2f9a-5c84-8a99-089c2a8da440,-117.71,USD,-117.71,,2025-12-29,bf16b8ec-849c-50c6-9240-c9ae62d9ba69,confirmed,,manual,{},COMCAST 4318,0.99,,2025-12-29T00:00:00
7e9bc61b-f4a7-500e-8a5f-66656988ed42,532788bd-1641-5dc9-b246-c4397ed4af60,859c8fb0-d2a2-5d68-ad57-6ad36dcbffcc,6a8ed953-2c24-5301-8d91-e6aa9dcfeadf,d97309cb-eeb8-505a-9948-eec2d33394db,-176.51,USD,-176.51,,2025-12-30,077786c2-88f8-517e-9a65-266b802523c4,confirmed,,plaid,{},HOME DEPOT #5195 PURCHASE,0.92,,2025-12-30T00:00:00
1c11a29f-2e02-599a-aee5-26367487c133,532788bd-1641-5dc9-b246-c4397ed4af60,859c8fb0-d2a2-5d68-ad57-6ad36dcbffcc,6a8ed953-2c24-5301-8d91-e6aa9dcfeadf,d97309cb-eeb8-505a-9948-eec2d33394db,-100.49,USD,-100.49,,2025-12-30,ccb8e507-d6df-51d3-9c6b-2af43847184c,confirmed,,plaid,{},HOME DEPOT #2827 ,0.89,,2025-12-30T00:00:00
73ffdfc8-5446-572f-a0f5-b1acac272fa8,532788bd-1641-5dc9-b246-c4397ed4af60,859c8fb0-d2a2-5d68-ad57-6ad36dcbffcc,6a8ed953-2c24-5301-8d91-e6aa9dcfeadf,d97309cb-eeb8-505a-9948-eec2d33394db,-155.39,USD,-155.39,,2025-12-30,ccb8e507-d6df-51d3-9c6b-2af43847184c,confirmed,,manual,{},HOME DEPOT #9311 ,0.86,,2025-12-30T00:00:00
42839dd3-6795-5fce-94f9-fe7d2f5a238d,fb1ad2c1-a5b0-5ae0-9d88-507024507a14,de3e3182-4126-54b8-a5b3-1fbacfb03c9e,dac49113-c1bb-5b26-8af5-745de0febf46,c905592e-a82b-5c8e-904a-d39c475430ef,-49.16,USD,-49.16,,2025-12-30,f43ab923-88d2-5d30-b514-e67d3c90367a,confirmed,,manual,{},SHELL OIL 3532 PAYMENT,0.96,,2025-12-30T00:00:00
899c6d99-be7a-5fbf-93cf-c23746ed4970,fb1ad2c1-a5b0-5ae0-9d88-507024507a14,de3e3182-4126-54b8-a5b3-1fbacfb03c9e,dac49113-c1bb-5b26-8af5-745de0febf46,f2a9ca2a-37af-503e-8036-0623ac1a9dbc,-19.95,USD,-19.95,,2025-12-30,c163ef62-5201-5cb2-bf0d-781443a4e5aa,confirmed,,manual,{},APPLE.COM/BILL,0.96,,2025-12-30T00:00:00
90e9e84e-aa76-543a-8262-4d77965cbb4a,fb1ad2c1-a5b0-5ae0-9d88-507024507a14,de3e3182-4126-54b8-a5b3-1fbacfb03c9e,dac49113-c1bb-5b26-8af5-745de0febf46,5813fb16-6db8-5fd5-9486-97b3414b3ad6,-102.92,USD,-102.92,,2025-12-30,83564403-ac9f-5db5-a4fb-344879db34db,confirmed,,manual,{},WHOLE FOODS 6046 ,0.98,,2025-12-30T00:00:00
566dbb5f-6c35-5854-84d5-f1a4a62dbf27,532788bd-1641-5dc9-b246-c4397ed4af60,859c8fb0-d2a2-5d68-ad57-6ad36dcbffcc,6a8ed953-2c24-5301-8d91-e6aa9dcfeadf,bbc36a1d-bf0a-5d6c-ae4f-ff309f63cf39,-245.54,USD,-245.54,,2025-12-31,12915486-2f7b-557e-9d40-6d2f4442ed6d,confirmed,,manual,{},BEST BUY,1.0,,2025-12-31T00:00:00
cb5a231d-f904-5f3a-a942-a880bdbf7fdb,532788bd-1641-5dc9-b246-c4397ed4af60,c7c53ab9-c6fe-5a0b-b3a8-36f12237d898,6a8ed953-2c24-5301-8d91-e6aa9dcfeadf,d97309cb-eeb8-505a-9948-eec2d33394db,-139.87,USD,-139.87,,2025-12-31,ccb8e507-d6df-51d3-9c6b-2af43847184c,confirmed,,manual,{},HOME DEPOT #8730 PURCHASE,0.93,,2025-12-31T00:00:00
7d99ca37-256f-5a74-8b33-989bfe80d6fa,532788bd-1641-5dc9-b246-c4397ed4af60,c7c53ab9-c6fe-5a0b-b3a8-36f12237d898,6a8ed953-2c24-5301-8d91-e6aa9dcfeadf,d97309cb-eeb8-505a-9948-eec2d33394db,-263.16,USD,-263.16,,2025-12-31,077786c2-88f8-517e-9a65-266b802523c4,confirmed,,manual,{},HOME DEPOT #8304 PURCHASE,0.81,,2025-12-31T00:00:00
a1c0465e-7b00-5e53-9380-8dd283a98fb4,fb1ad2c1-a5b0-5ae0-9d88-507024507a14,494fb35b-ea2e-5ea2-8e6a-da836c11e230,dac49113-c1bb-5b26-8af5-745de0febf46,808b3755-614e-5b7e-ba90-ef88c5558ae5,-25.13,USD,-25.13,,2025-12-31,f43ab923-88d2-5d30-b514-e67d3c90367a,draft,,manual,{},LYFT,0.94,,2025-12-31T00:00:00
48e55c00-88ea-5359-bb6b-08f574aec7ff,fb1ad2c1-a5b0-5ae0-9d88-507024507a14,de3e3182-4126-54b8-a5b3-1fbacfb03c9e,dac49113-c1bb-5b26-8af5-745de0febf46,78bab17d-4ce4-5345-97e7-6969d2e7a5e9,-638.74,USD,-638.74,,2025-12-31,b7ec2236-fab9-5f74-9e59-c0476c5dccf2,confirmed,,plaid,{},DELTA AIR LINES 8630,0.72,,2025-12-31T00:00:00
d7a95b66-fc1e-5b9b-9507-8b2d417d468f,fb1ad2c1-a5b0-5ae0-9d88-507024507a14,de3e3182-4126-54b8-a5b3-1fbacfb03c9e,dac49113-c1bb-5b26-8af5-745de0febf46,d97309cb-eeb8-505a-9948-eec2d33394db,-192.75,USD,-192.75,,2026-01-01,ccb8e507-d6df-51d3-9c6b-2af43847184c,confirmed,,plaid,{},HOME DEPOT #1139 PURCHASE,0.77,,2026-01-01T00:00:00
12848c9b-89a0-57ab-8f14-932c12c98afb,fb1ad2c1-a5b0-5ae0-9d88-507024507a14,494fb35b-ea2e-5ea2-8e6a-da836c11e230,dac49113-c1bb-5b26-8af5-745de0febf46,2d8b3f27-58fe-5583-8d7e-995c79ade98a,-27.97,USD,-27.97,,2026-01-02,83564403-ac9f-5db5-a4fb-344879db34db,confirmed,,manual,{},KROGER #6054,0.86,,2026-01-02T00:00:00
7c777083-4f0e-53cf-a670-b0da296a562b,532788bd-1641-5dc9-b246-c4397ed4af60,859c8fb0-d2a2-5d68-ad57-6ad36dcbffcc,6a8ed953-2c24-5301-8d91-e6aa9dcfeadf,b8eadc23-f654-5613-9f2a-cf111cf0ed88,-79.42,USD,-79.42,,2026-01-03,83564403-ac9f-5db5-a4fb-344879db34db,confirmed,,manual,{},TRADER JOE'S #6821,0.98,,2026-01-03T00:00:00
cbd66dfa-8c45-5ebf-95fb-ecf6849b2378,532788bd-1641-5dc9-b246-c4397ed4af60,c7c53ab9-c6fe-5a0b-b3a8-36f12237d898,6a8ed953-2c24-5301-8d91-e6aa9dcfeadf,234091f8-66bb-5bb3-84d3-5acfb26b89bb,-11.85,USD,-11.85,,2026-01-03,f43ab923-88d2-5d30-b514-e67d3c90367a,confirmed,,manual,{},UBER *TRIP 6191,0.81,,2026-01-03T00:00:00
d4f50636-b4bf-5554-9ac0-6c47bfbdcee3,fb1ad2c1-a5b0-5ae0-9d88-507024507a14,494fb35b-ea2e-5ea2-8e6a-da836c11e230,dac49113-c1bb-5b26-8af5-745de0febf46,d97309cb-eeb8-505a-9948-eec2d33394db,-289.05,USD,-289.05,,2026-01-03,077786c2-88f8-517e-9a65-266b802523c4,confirmed,,manual,{'recurring': True},HOME DEPOT #6904 PAYMENT,0.9,,2026-01-03T00:00:00
305c3db0-ec21-5433-b74d-df0a6664988f,fb1ad2c1-a5b0-5ae0-9d88-507024507a14,494fb35b-ea2e-5ea2-8e6a-da836c11e230,dac49113-c1bb-5b26-8af5-745de0febf46,d97309cb-eeb8-505a-9948-eec2d33394db,-51.47,USD,-51.47,,2026-01-03,ccb8e507-d6df-51d3-9c6b-2af43847184c,confirmed,,plaid,{'recurring': True},HOME DEPOT #8697 DEBIT,0.9,,2026-01-03T00:00:00
38f51b3d-f261-590d-a755-c2ef753f140f,532788bd-1641-5dc9-b246-c4397ed4af60,c7c53ab9-c6fe-5a0b-b3a8-36f12237d898,6a8ed953-2c24-5301-8d91-e6aa9dcfeadf,f2a9ca2a-37af-503e-8036-0623ac1a9dbc,-2.34,USD,-2.34,,2026-01-04,d4c1f95d-47e8-52f6-8df9-eeb79b606fda,confirmed,,manual,{},APPLE.COM/BILL,0.77,,2026-01-04T00:00:00
6bafe437-69e1-53cd-bdef-71ba008a08dd,532788bd-1641-5dc9-b246-c4397ed4af60,c7c53ab9-c6fe-5a0b-b3a8-36f12237d898,6a8ed953-2c24-5301-8d91-e6aa9dcfeadf,f2a9ca2a-37af-503e-8036-0623ac1a9dbc,-29.52,USD,-29.52,,2026-01-04,c163ef62-5201-5cb2-bf0d-781443a4e5aa,confirmed,,manual,{},APPLE.COM/BILL,0.84,,2026-01-04T00:00:00
71be7a5f-87e7-56a1-9401-00fb8f5af7f1,fb1ad2c1-a5b0-5ae0-9d88-507024507a14,494fb35b-ea2e-5ea2-8e6a-da836c11e230,dac49113-c1bb-5b26-8af5-745de0febf46,2d8b3f27-58fe-5583-8d7e-995c79ade98a,-71.82,USD,-71.82,,2026-01-04,83564403-ac9f-5db5-a4fb-344879db34db,confirmed,,plaid,{'recurring': True},KROGER #9074,0.74,,2026-01-04T00:00:00
67cb2e8f-1929-5889-9772-1ee790bdc562,fb1ad2c1-a5b0-5ae0-9d88-507024507a14,494fb35b-ea2e-5ea2-8e6a-da836c11e230,dac49113-c1bb-5b26-8af5-745de0febf46,bbc36a1d-bf0a-5d6c-ae4f-ff309f63cf39,-70.51,USD,-70.51,,2026-01-04,ba8264d5-be92-573d-bee0-fc77ba1eba53,confirmed,,manual,{},BEST BUY,0.99,,2026-01-04T00:00:00
9fe101f1-7a1d-5a51-b578-6dde330f3613,fb1ad2c1-a5b0-5ae0-9d88-507024507a14,de3e3182-4126-54b8-a5b3-1fbacfb03c9e,dac49113-c1bb-5b26-8af5-745de0febf46,158297b6-5a99-547c-9a9d-4e9a859d9dab,-11.98,USD,-11.98,,2026-01-05,de3f2bc4-947e-5d7b-a51e-d6da6178c1df,confirmed,,manual,{'recurring': True},STARBUCKS 4242 PURCHASE,0.77,,2026-01-05T00:00:00
fc1d2505-d656-5bd4-b592-ee7691b63323,fb1ad2c1-a5b0-5ae0-9d88-507024507a14,de3e3182-4126-54b8-a5b3-1fbacfb03c9e,dac49113-c1bb-5b26-8af5-745de0febf46,f573b94f-d6d1-51c3-a8dd-9f4c61a57329,-113.42,USD,-113.42,,2026-01-05,7c8fb462-7d13-54a2-8a1d-9974bce7d252,confirmed,,manual,{},VERIZON WIRELESS 4052,0.84,,2026-01-05T00:00:00
b9a2394b-47d3-5721-912b-26639b995fa5,532788bd-1641-5dc9-b246-c4397ed4af60,c7c53ab9-c6fe-5a0b-b3a8-36f12237d898,6a8ed953-2c24-5301-8d91-e6aa9dcfeadf,7d5663eb-5e52-5077-9815-788af0c1bfc3,-5.95,USD,-5.95,,2026-01-06,fa112a1b-3269-5304-b7dc-1ef8de5dddc0,confirmed,,manual,{},MCDONALD'S #2970,0.83,,2026-01-06T00:00:00
6c51609c-c0f2-51ff-a971-a6449d28fa54,fb1ad2c1-a5b0-5ae0-9d88-507024507a14,494fb35b-ea2e-5ea2-8e6a-da836c11e230,dac49113-c1bb-5b26-8af5-745de0febf46,d97309cb-eeb8-505a-9948-eec2d33394db,-236.13,USD,-236.13,,2026-01-07,077786c2-88f8-517e-9a65-266b802523c4,confirmed,,manual,{'recurring': True},HOME DEPOT #9611 PURCHASE,0.81,,2026-01-07T00:00:00
607ed34b-a2d9-5d04-8978-19fed03178ca,532788bd-1641-5dc9-b246-c4397ed4af60,c7c53ab9-c6fe-5a0b-b3a8-36f12237d898,6a8ed953-2c24-5301-8d91-e6aa9dcfeadf,78bab17d-4ce4-5345-97e7-6969d2e7a5e9,-188.49,USD,-188.49,,2026-01-08,b7ec2236-fab9-5f74-9e59-c0476c5dccf2,confirmed,,plaid,{},DELTA AIR LINES 3355,0.75,,2026-01-08T00:00:00
0187df47-120d-5747-8205-3dedf0c9685f,fb1ad2c1-a5b0-5ae0-9d88-507024507a14,de3e3182-4126-54b8-a5b3-1fbacfb03c9e,dac49113-c1bb-5b26-8af5-745de0febf46,68f0922a-39b9-507c-92a6-e2500de5f321,-290.11,USD,-290.11,,2026-01-08,83564403-ac9f-5db5-a4fb-344879db34db,confirmed,,plaid,{},COSTCO WHSE #7577,0.74,,2026-01-08T00:00:00
4b4e7ae0-5cea-5bab-869f-7187e17627ca,fb1ad2c1-a5b0-5ae0-9d88-507024507a14,494fb35b-ea2e-5ea2-8e6a-da836c11e230,dac49113-c1bb-5b26-8af5-745de0febf46,aed3c2eb-e1aa-5aab-aed0-039beaa9a52d,-9.99,USD,-9.99,,2026-01-08,65728c1d-c5db-50c9-baf0-84bb2cf68d11,confirmed,,manual,{},SPOTIFY USA,0.84,,2026-01-08T00:00:00
59ff4507-feb0-5bc9-952e-72d8c57a0199,fb1ad2c1-a5b0-5ae0-9d88-507024507a14,494fb35b-ea2e-5ea2-8e6a-da836c11e230,dac49113-c1bb-5b26-8af5-745de0febf46,b7475634-9a3f-5b47-9978-5578a1ceb107,-71.67,USD,-71.67,,2026-01-08,af424ab5-dcc2-5aa4-802d-53e8e99d4579,draft,,manual,{},MACY'S,0.95,,2026-01-08T00:00:00
9549289d-824b-5ad8-be56-7013b17a319b,532788bd-1641-5dc9-b246-c4397ed4af60,859c8fb0-d2a2-5d68-ad57-6ad36dcbffcc,6a8ed953-2c24-5301-8d91-e6aa9dcfeadf,2b4a9416-2f9a-5c84-8a99-089c2a8da440,-78.16,USD,-78.16,,2026-01-09,7c8fb462-7d13-54a2-8a1d-9974bce7d252,draft,,plaid,{},COMCAST 2555,0.9,,2026-01-09T00:00:00
e6b49185-328b-5670-b09c-6d94106f20e4,532788bd-1641-5dc9-b246-c4397ed4af60,c7c53ab9-c6fe-5a0b-b3a8-36f12237d898,6a8ed953-2c24-5301-8d91-e6aa9dcfeadf,d553f2a4-b2c8-570b-8de4-81fa86437869,-58.62,USD,-58.62,,2026-01-09,83564403-ac9f-5db5-a4fb-344879db34db,confirmed,,manual,{},WALMART 9564 DEBIT,0.71,,2026-01-09T00:00:00
cc39faa8-181b-508e-ad71-b709fcec32d0,fb1ad2c1-a5b0-5ae0-9d88-507024507a14,de3e3182-4126-54b8-a5b3-1fbacfb03c9e,dac49113-c1bb-5b26-8af5-745de0febf46,d97309cb-eeb8-505a-9948-eec2d33394db,-222.78,USD,-222.78,,2026-01-09,bdba84aa-8286-5caf-8252-985e2f2f3c1a,draft,,plaid,{},HOME DEPOT #6636 PAYMENT,0.94,,2026-01-09T00:00:00
9a5e52d2-230f-5a95-b7a5-85052f0e8d50,532788bd-1641-5dc9-b246-c4397ed4af60,c7c53ab9-c6fe-5a0b-b3a8-36f12237d898,6a8ed953-2c24-5301-8d91-e6aa9dcfeadf,d97309cb-eeb8-505a-9948-eec2d33394db,-104.18,USD,-104.18,,2026-01-10,077786c2-88f8-517e-9a65-266b802523c4,confirmed,,manual,{},HOME DEPOT #7270 PURCHASE,0.94,,2026-01-10T00:00:00
844d8e46-345f-56e3-8088-185fc6d76c9e,532788bd-1641-5dc9-b246-c4397ed4af60,859c8fb0-d2a2-5d68-ad57-6ad36dcbffcc,6a8ed953-2c24-5301-8d91-e6aa9dcfeadf,b7475634-9a3f-5b47-9978-5578a1ceb107,-23.66,USD,-23.66,,2026-01-10,c163ef62-5201-5cb2-bf0d-781443a4e5aa,confirmed,,manual,{},MACY'S,0.86,,2026-01-10T00:00:00
a30bb3d4-97cd-550f-91ba-0f94d8a232ec,fb1ad2c1-a5b0-5ae0-9d88-507024507a14,494fb35b-ea2e-5ea2-8e6a-da836c11e230,dac49113-c1bb-5b26-8af5-745de0febf46,d97309cb-eeb8-505a-9948-eec2d33394db,-189.82,USD,-189.82,,2026-01-10,ccb8e507-d6df-51d3-9c6b-2af43847184c,confirmed,,plaid,{},HOME DEPOT #4683 ,0.9,,2026-01-10T00:00:00
6d0b002e-ff0f-582d-b17f-e4b74160c08f,532788bd-1641-5dc9-b246-c4397ed4af60,c7c53ab9-c6fe-5a0b-b3a8-36f12237d898,6a8ed953-2c24-5301-8d91-e6aa9dcfeadf,5813fb16-6db8-5fd5-9486-97b3414b3ad6,-63.13,USD,-63.13,,2026-01-11,83564403-ac9f-5db5-a4fb-344879db34db,confirmed,,plaid,{},WHOLE FOODS 6245 PAYMENT,0.95,,2026-01-11T00:00:00
bbf2699e-1c34-53ce-ade9-46c0ec778386,fb1ad2c1-a5b0-5ae0-9d88-507024507a14,494fb35b-ea2e-5ea2-8e6a-da836c11e230,dac49113-c1bb-5b26-8af5-745de0febf46,d97309cb-eeb8-505a-9948-eec2d33394db,-167.58,USD,-167.58,,2026-01-11,bdba84aa-8286-5caf-8252-985e2f2f3c1a,confirmed,,manual,{},HOME DEPOT #6707 PURCHASE,0.83,,2026-01-11T00:00:00
b39e9fe5-57f5-52d3-b1cc-ea07cd8642d0,fb1ad2c1-a5b0-5ae0-9d88-507024507a14,494fb35b-ea2e-5ea2-8e6a-da836c11e230,dac49113-c1bb-5b26-8af5-745de0febf46,a00cde6f-8b9f-5006-9541-fdeeb8008d4f,-114.19,USD,-114.19,,2026-01-11,c163ef62-5201-5cb2-bf0d-781443a4e5aa,confirmed,,manual,{},Amazon.com 8809 PURCHASE,0.92,,2026-01-11T00:00:00
99c86031-9305-5e05-8526-7a31b26b60e6,532788bd-1641-5dc9-b246-c4397ed4af60,c7c53ab9-c6fe-5a0b-b3a8-36f12237d898,6a8ed953-2c24-5301-8d91-e6aa9dcfeadf,f2a9ca2a-37af-503e-8036-0623ac1a9dbc,-7.23,USD,-7.23,,2026-01-12,12915486-2f7b-557e-9d40-6d2f4442ed6d,confirmed,,manual,{},APPLE.COM/BILL,0.87,,2026-01-12T00:00:00
08a5b6c3-1ced-512e-a740-ced4814abf78,fb1ad2c1-a5b0-5ae0-9d88-507024507a14,494fb35b-ea2e-5ea2-8e6a-da836c11e230,dac49113-c1bb-5b26-8af5-745de0febf46,808b3755-614e-5b7e-ba90-ef88c5558ae5,-31.29,USD,-31.29,,2026-01-12,d765f3b4-e63d-5ea7-8e05-58458f986634,confirmed,,manual,{},LYFT,0.86,,2026-01-12T00:00:00
d99d39b9-67d4-576e-9655-1cfc0a5e4361,532788bd-1641-5dc9-b246-c4397ed4af60,c7c53ab9-c6fe-5a0b-b3a8-36f12237d898,6a8ed953-2c24-5301-8d91-e6aa9dcfeadf,d97309cb-eeb8-505a-9948-eec2d33394db,-222.67,USD,-222.67,,2026-01-13,ccb8e507-d6df-51d3-9c6b-2af43847184c,confirmed,,manual,{'recurring': True},HOME DEPOT #2542 ,0.81,,2026-01-13T00:00:00
ded52d59-8761-5027-bcbe-ff2ee1114559,fb1ad2c1-a5b0-5ae0-9d88-507024507a14,de3e3182-4126-54b8-a5b3-1fbacfb03c9e,dac49113-c1bb-5b26-8af5-745de0febf46,bbc36a1d-bf0a-5d6c-ae4f-ff309f63cf39,-48.39,USD,-48.39,,2026-01-13,c41a2c56-8547-5a0c-aaec-8c24b93da49d,confirmed,,manual,{},BEST BUY,0.82,,2026-01-13T00:00:00
d2f47a8b-8835-534c-b6bf-0e1c26067c0c,fb1ad2c1-a5b0-5ae0-9d88-507024507a14,494fb35b-ea2e-5ea2-8e6a-da836c11e230,dac49113-c1bb-5b26-8af5-745de0febf46,d97309cb-eeb8-505a-9948-eec2d33394db,-45.72,USD,-45.72,,2026-01-13,bdba84aa-8286-5caf-8252-985e2f2f3c1a,confirmed,,plaid,{'recurring': True},HOME DEPOT #2633 ,0.98,,2026-01-13T00:00:00
a28d182d-90b4-5236-8ab2-a0b685f19991,fb1ad2c1-a5b0-5ae0-9d88-507024507a14,494fb35b-ea2e-5ea2-8e6a-da836c11e230,dac49113-c1bb-5b26-8af5-745de0febf46,808b3755-614e-5b7e-ba90-ef88c5558ae5,-33.49,USD,-33.49,,2026-01-13,faa9d7bb-1220-5a93-8675-adf7fee33a10,confirmed,,plaid,{},LYFT,0.95,,2026-01-13T00:00:00
a5a9fb34-bf61-5804-95e5-0e73ad04a0e0,fb1ad2c1-a5b0-5ae0-9d88-507024507a14,494fb35b-ea2e-5ea2-8e6a-da836c11e230,dac49113-c1bb-5b26-8af5-745de0febf46,4070c9b0-7b80-5ca4-9dcd-613c6df99208,-142.72,USD,-142.72,,2026-01-14,b7ec2236-fab9-5f74-9e59-c0476c5dccf2,confirmed,,manual,{},HILTON,0.89,,2026-01-14T00:00:00
2ac36228-f45c-5121-a54a-38e1ae5cbc65,fb1ad2c1-a5b0-5ae0-9d88-507024507a14,de3e3182-4126-54b8-a5b3-1fbacfb03c9e,dac49113-c1bb-5b26-8af5-745de0febf46,16a24acb-ea67-57eb-a942-246e8cd94297,-11.99,USD,-11.99,,2026-01-14,b2297a61-f8d6-53cc-b11d-49ea16c81db3,confirmed,,manual,{},GOOGLE *YOUTUBE PREMIUM,0.8,,2026-01-14T00:00:00
7323a133-e3bb-530d-920a-c1f5c15d6da7,532788bd-1641-5dc9-b246-c4397ed4af60,859c8fb0-d2a2-5d68-ad57-6ad36dcbffcc,6a8ed953-2c24-5301-8d91-e6aa9dcfeadf,a00cde6f-8b9f-5006-9541-fdeeb8008d4f,-41.68,USD,-41.68,,2026-01-15,d4c1f95d-47e8-52f6-8df9-eeb79b606fda,confirmed,,manual,{},Amazon.com 9893 PURCHASE,0.71,,2026-01-15T00:00:00
e89aca1d-e7cc-556b-9628-b6d8bd0cc81e,fb1ad2c1-a5b0-5ae0-9d88-507024507a14,494fb35b-ea2e-5ea2-8e6a-da836c11e230,dac49113-c1bb-5b26-8af5-745de0febf46,d97309cb-eeb8-505a-9948-eec2d33394db,-218.04,USD,-218.04,,2026-01-15,bdba84aa-8286-5caf-8252-985e2f2f3c1a,confirmed,,manual,{},HOME DEPOT #9114 PURCHASE,0.81,,2026-01-15T00:00:00
d0b0f2ed-61ff-5658-819c-bd35a3bc6e8d,fb1ad2c1-a5b0-5ae0-9d88-507024507a14,de3e3182-4126-54b8-a5b3-1fbacfb03c9e,dac49113-c1bb-5b26-8af5-745de0febf46,d97309cb-eeb8-505a-9948-eec2d33394db,-295.55,USD,-295.55,,2026-01-15,bdba84aa-8286-5caf-8252-985e2f2f3c1a,confirmed,,plaid,{},HOME DEPOT #7091 ,0.89,,2026-01-15T00:00:00
eb532f21-4247-59ca-a2e0-6d72997ecfbd,532788bd-1641-5dc9-b246-c4397ed4af60,c7c53ab9-c6fe-5a0b-b3a8-36f12237d898,6a8ed953-2c24-5301-8d91-e6aa9dcfeadf,d97309cb-eeb8-505a-9948-eec2d33394db,-33.95,USD,-33.95,,2026-01-16,bdba84aa-8286-5caf-8252-985e2f2f3c1a,confirmed,,manual,{},HOME DEPOT #5202 ,0.87,,2026-01-16T00:00:00
7b7450a2-7e00-5a15-9aad-c9d36066ec9b,fb1ad2c1-a5b0-5ae0-9d88-507024507a14,494fb35b-ea2e-5ea2-8e6a-da836c11e230,dac49113-c1bb-5b26-8af5-745de0febf46,d97309cb-eeb8-505a-9948-eec2d33394db,-67.58,USD,-67.58,,2026-01-16,ccb8e507-d6df-51d3-9c6b-2af43847184c,confirmed,,plaid,{},HOME DEPOT #8142 PAYMENT,0.93,,2026-01-16T00:00:00
e5734011-0cf0-5d49-b954-3379ade0ee6e,532788bd-1641-5dc9-b246-c4397ed4af60,c7c53ab9-c6fe-5a0b-b3a8-36f12237d898,6a8ed953-2c24-5301-8d91-e6aa9dcfeadf,d97309cb-eeb8-505a-9948-eec2d33394db,-112.28,USD,-112.28,,2026-01-17,ccb8e507-d6df-51d3-9c6b-2af43847184c,confirmed,,manual,{},HOME DEPOT #6736 ,0.75,,2026-01-17T00:00:00
0ae68e14-83d8-5f5a-95d7-abb381bd4e0a,532788bd-1641-5dc9-b246-c4397ed4af60,c7c53ab9-c6fe-5a0b-b3a8-36f12237d898,6a8ed953-2c24-5301-8d91-e6aa9dcfeadf,d97309cb-eeb8-505a-9948-eec2d33394db,-55.86,USD,-55.86,,2026-01-17,ccb8e507-d6df-51d3-9c6b-2af43847184c,confirmed,,manual,{},HOME DEPOT #2824 DEBIT,0.75,,2026-01-17T00:00:00
7c7dd28a-5790-5e28-b5da-a21e899b0119,532788bd-1641-5dc9-b246-c4397ed4af60,859c8fb0-d2a2-5d68-ad57-6ad36dcbffcc,6a8ed953-2c24-5301-8d91-e6aa9dcfeadf,d97309cb-eeb8-505a-9948-eec2d33394db,-16.68,USD,-16.68,,2026-01-17,ccb8e507-d6df-51d3-9c6b-2af43847184c,confirmed,,manual,{},HOME DEPOT #7349 DEBIT,0.72,,2026-01-17T00:00:00
94f8dbee-0adb-53be-a4c4-89ea56d94922,fb1ad2c1-a5b0-5ae0-9d88-507024507a14,494fb35b-ea2e-5ea2-8e6a-da836c11e230,dac49113-c1bb-5b26-8af5-745de0febf46,2b4a9416-2f9a-5c84-8a99-089c2a8da440,-108.73,USD,-108.73,,2026-01-17,0c9330d7-1154-5540-9033-ff3ccdfd842d,draft,,manual,{},COMCAST 5096,0.97,,2026-01-17T00:00:00
220c2a97-8d41-5090-8f03-1ccfc4e0a273,532788bd-1641-5dc9-b246-c4397ed4af60,859c8fb0-d2a2-5d68-ad57-6ad36dcbffcc,6a8ed953-2c24-5301-8d91-e6aa9dcfeadf,f2a9ca2a-37af-503e-8036-0623ac1a9dbc,-29.98,USD,-29.98,,2026-01-18,c163ef62-5201-5cb2-bf0d-781443a4e5aa,confirmed,,manual,{'recurring': True},APPLE.COM/BILL,0.74,,2026-01-18T00:00:00
805ebeba-fd2b-5227-832c-b25d86715e20,532788bd-1641-5dc9-b246-c4397ed4af60,c7c53ab9-c6fe-5a0b-b3a8-36f12237d898,6a8ed953-2c24-5301-8d91-e6aa9dcfeadf,808b3755-614e-5b7e-ba90-ef88c5558ae5,-11.38,USD,-11.38,,2026-01-18,f43ab923-88d2-5d30-b514-e67d3c90367a,confirmed,,manual,{'recurring': True},LYFT,0.84,,2026-01-18T00:00:00
0c30be4a-c83f-5745-bc7b-209722d9e162,fb1ad2c1-a5b0-5ae0-9d88-507024507a14,494fb35b-ea2e-5ea2-8e6a-da836c11e230,dac49113-c1bb-5b26-8af5-745de0febf46,b8eadc23-f654-5613-9f2a-cf111cf0ed88,-23.65,USD,-23.65,,2026-01-18,83564403-ac9f-5db5-a4fb-344879db34db,confirmed,,manual,{'recurring': True},TRADER JOE'S #4554,0.86,,2026-01-18T00:00:00
5ec4d2ef-5226-51e5-bcfe-f178753bcd0e,fb1ad2c1-a5b0-5ae0-9d88-507024507a14,de3e3182-4126-54b8-a5b3-1fbacfb03c9e,dac49113-c1bb-5b26-8af5-745de0febf46,f573b94f-d6d1-51c3-a8dd-9f4c61a57329,-95.57,USD,-95.57,,2026-01-18,0c9330d7-1154-5540-9033-ff3ccdfd842d,confirmed,,manual,{},VERIZON WIRELESS 7752,0.75,,2026-01-18T00:00:00
ea8ed817-f162-5e63-8547-22d97f9b2f8e,532788bd-1641-5dc9-b246-c4397ed4af60,859c8fb0-d2a2-5d68-ad57-6ad36dcbffcc,6a8ed953-2c24-5301-8d91-e6aa9dcfeadf,68f0922a-39b9-507c-92a6-e2500de5f321,-103.80,USD,-103.80,,2026-01-19,83564403-ac9f-5db5-a4fb-344879db34db,confirmed,,manual,{},COSTCO WHSE #4240,0.92,,2026-01-19T00:00:00
f80746c1-e71e-52a0-8dec-9f8af9dc05a0,532788bd-1641-5dc9-b246-c4397ed4af60,859c8fb0-d2a2-5d68-ad57-6ad36dcbffcc,6a8ed953-2c24-5301-8d91-e6aa9dcfeadf,f573b94f-d6d1-51c3-a8dd-9f4c61a57329,-108.95,USD,-108.95,,2026-01-19,2d123316-c022-5b31-8284-b23e61b8e6d0,confirmed,,manual,{},VERIZON WIRELESS 1351,0.73,,2026-01-19T00:00:00
d621ec39-4f2e-5ba9-a258-d24b324930ab,fb1ad2c1-a5b0-5ae0-9d88-507024507a14,de3e3182-4126-54b8-a5b3-1fbacfb03c9e,dac49113-c1bb-5b26-8af5-745de0febf46,b7475634-9a3f-5b47-9978-5578a1ceb107,-213.36,USD,-213.36,,2026-01-19,c163ef62-5201-5cb2-bf0d-781443a4e5aa,confirmed,,manual,{},MACY'S,0.91,,2026-01-19T00:00:00
fe14d87b-fc5e-5ef5-9446-ac16024af214,fb1ad2c1-a5b0-5ae0-9d88-507024507a14,494fb35b-ea2e-5ea2-8e6a-da836c11e230,dac49113-c1bb-5b26-8af5-745de0febf46,c905592e-a82b-5c8e-904a-d39c475430ef,-64.50,USD,-64.50,,2026-01-19,d765f3b4-e63d-5ea7-8e05-58458f986634,confirmed,,manual,{},SHELL OIL 3402 ,0.81,,2026-01-19T00:00:00
342bdb71-78ce-5a44-b602-7b7ea395cd31,532788bd-1641-5dc9-b246-c4397ed4af60,859c8fb0-d2a2-5d68-ad57-6ad36dcbffcc,6a8ed953-2c24-5301-8d91-e6aa9dcfeadf,68f0922a-39b9-507c-92a6-e2500de5f321,-59.96,USD,-59.96,,2026-01-21,83564403-ac9f-5db5-a4fb-344879db34db,confirmed,,manual,{},COSTCO WHSE #5789,0.97,,2026-01-21T00:00:00
a586174e-abc2-5409-a23d-191d90c1138a,fb1ad2c1-a5b0-5ae0-9d88-507024507a14,de3e3182-4126-54b8-a5b3-1fbacfb03c9e,dac49113-c1bb-5b26-8af5-745de0febf46,b7475634-9a3f-5b47-9978-5578a1ceb107,-29.30,USD,-29.30,,2026-01-21,c163ef62-5201-5cb2-bf0d-781443a4e5aa,confirmed,,manual,{},MACY'S,0.99,,2026-01-21T00:00:00
2b5ac6ba-a497-5f6e-b91e-64ee9b442b1e,fb1ad2c1-a5b0-5ae0-9d88-507024507a14,494fb35b-ea2e-5ea2-8e6a-da836c11e230,dac49113-c1bb-5b26-8af5-745de0febf46,d97309cb-eeb8-505a-9948-eec2d33394db,-123.30,USD,-123.30,,2026-01-21,ccb8e507-d6df-51d3-9c6b-2af43847184c,confirmed,,manual,{},HOME DEPOT #7146 PAYMENT,0.8,,2026-01-21T00:00:00
73737cd5-68d8-5790-8ee4-2fea0fbb71fe,532788bd-1641-5dc9-b246-c4397ed4af60,c7c53ab9-c6fe-5a0b-b3a8-36f12237d898,6a8ed953-2c24-5301-8d91-e6aa9dcfeadf,78bab17d-4ce4-5345-97e7-6969d2e7a5e9,-673.56,USD,-673.56,,2026-01-22,7dc4d185-914f-5736-9f4d-8756e08d9766,confirmed,,manual,{},DELTA AIR LINES 1376,0.75,,2026-01-22T00:00:00
97fe4008-e244-523f-8310-4d642b7210fa,fb1ad2c1-a5b0-5ae0-9d88-507024507a14,de3e3182-4126-54b8-a5b3-1fbacfb03c9e,dac49113-c1bb-5b26-8af5-745de0febf46,d97309cb-eeb8-505a-9948-eec2d33394db,-224.90,USD,-224.90,,2026-01-22,ccb8e507-d6df-51d3-9c6b-2af43847184c,confirmed,,manual,{},HOME DEPOT #3559 ,0.73,,2026-01-22T00:00:00
92714e53-51c3-57f9-b179-724e829eb70d,fb1ad2c1-a5b0-5ae0-9d88-507024507a14,494fb35b-ea2e-5ea2-8e6a-da836c11e230,dac49113-c1bb-5b26-8af5-745de0febf46,2d8b3f27-58fe-5583-8d7e-995c79ade98a,-31.37,USD,-31.37,,2026-01-22,83564403-ac9f-5db5-a4fb-344879db34db,confirmed,,manual,{},KROGER #4048,0.85,,2026-01-22T00:00:00
f5dc12e8-b8cd-5900-b306-568fdb7a3f07,fb1ad2c1-a5b0-5ae0-9d88-507024507a14,de3e3182-4126-54b8-a5b3-1fbacfb03c9e,dac49113-c1bb-5b26-8af5-745de0febf46,7d5663eb-5e52-5077-9815-788af0c1bfc3,-10.31,USD,-10.31,,2026-01-23,de3f2bc4-947e-5d7b-a51e-d6da6178c1df,confirmed,,manual,{},MCDONALD'S #3642,0.92,,2026-01-23T00:00:00
aed1a1e0-261c-597e-808d-01ab93701c64,532788bd-1641-5dc9-b246-c4397ed4af60,c7c53ab9-c6fe-5a0b-b3a8-36f12237d898,6a8ed953-2c24-5301-8d91-e6aa9dcfeadf,d97309cb-eeb8-505a-9948-eec2d33394db,-105.74,USD,-105.74,,2026-01-24,077786c2-88f8-517e-9a65-266b802523c4,confirmed,,manual,{},HOME DEPOT #5299 PAYMENT,0.79,,2026-01-24T00:00:00
f8b2b55d-e2da-55d0-ae63-78906cdbbfd4,532788bd-1641-5dc9-b246-c4397ed4af60,859c8fb0-d2a2-5d68-ad57-6ad36dcbffcc,6a8ed953-2c24-5301-8d91-e6aa9dcfeadf,7d5663eb-5e52-5077-9815-788af0c1bfc3,-6.51,USD,-6.51,,2026-01-24,de3f2bc4-947e-5d7b-a51e-d6da6178c1df,confirmed,,plaid,{},MCDONALD'S #2553,0.76,,2026-01-24T00:00:00
2a265c38-93c9-57af-bc11-c3c2b42b08da,532788bd-1641-5dc9-b246-c4397ed4af60,c7c53ab9-c6fe-5a0b-b3a8-36f12237d898,6a8ed953-2c24-5301-8d91-e6aa9dcfeadf,a00cde6f-8b9f-5006-9541-fdeeb8008d4f,-190.83,USD,-190.83,,2026-01-24,c163ef62-5201-5cb2-bf0d-781443a4e5aa,confirmed,,manual,{'recurring': True},Amazon.com 3317 PURCHASE,0.82,,2026-01-24T00:00:00
dddd8fbf-4405-5035-a068-01e80763e418,fb1ad2c1-a5b0-5ae0-9d88-507024507a14,494fb35b-ea2e-5ea2-8e6a-da836c11e230,dac49113-c1bb-5b26-8af5-745de0febf46,7d5663eb-5e52-5077-9815-788af0c1bfc3,-14.45,USD,-14.45,,2026-01-24,6beed52e-4ccd-593d-890d-ce94bd2b2745,confirmed,,manual,{},MCDONALD'S #8801,0.97,,2026-01-24T00:00:00
08a7f8fd-415e-596f-af24-6e03126b8533,fb1ad2c1-a5b0-5ae0-9d88-507024507a14,494fb35b-ea2e-5ea2-8e6a-da836c11e230,dac49113-c1bb-5b26-8af5-745de0febf46,c905592e-a82b-5c8e-904a-d39c475430ef,-52.79,USD,-52.79,,2026-01-24,51fda6e9-fdf8-5107-ac9c-83867d45beb7,confirmed,,manual,{},SHELL OIL 9005 ,0.73,,2026-01-24T00:00:00
e5181f71-67ed-5227-a257-e72fb13ab19f,fb1ad2c1-a5b0-5ae0-9d88-507024507a14,de3e3182-4126-54b8-a5b3-1fbacfb03c9e,dac49113-c1bb-5b26-8af5-745de0febf46,d97309cb-eeb8-505a-9948-eec2d33394db,-34.07,USD,-34.07,,2026-01-24,ccb8e507-d6df-51d3-9c6b-2af43847184c,confirmed,,manual,{},HOME DEPOT #5525 PURCHASE,0.77,,2026-01-24T00:00:00
1d7133e3-3c57-5187-81f3-89646ffc5f1d,532788bd-1641-5dc9-b246-c4397ed4af60,859c8fb0-d2a2-5d68-ad57-6ad36dcbffcc,6a8ed953-2c24-5301-8d91-e6aa9dcfeadf,c9ef2dab-c18a-5c65-bdc7-b6b34f18356e,-15.44,USD,-15.44,,2026-01-25,71b656bc-548e-5020-b191-229e68650021,confirmed,,manual,{},CVS PHARMACY #5851,0.84,,2026-01-25T00:00:00
a91c8d18-a895-53aa-9315-6aaade9414e0,532788bd-1641-5dc9-b246-c4397ed4af60,859c8fb0-d2a2-5d68-ad57-6ad36dcbffcc,6a8ed953-2c24-5301-8d91-e6aa9dcfeadf,2b4a9416-2f9a-5c84-8a99-089c2a8da440,-131.88,USD,-131.88,,2026-01-25,7c8fb462-7d13-54a2-8a1d-9974bce7d252,confirmed,,manual,{},COMCAST 8470,0.88,,2026-01-25T00:00:00
60ad2a68-ca11-5295-a3ca-baddf4fe972c,532788bd-1641-5dc9-b246-c4397ed4af60,c7c53ab9-c6fe-5a0b-b3a8-36f12237d898,6a8ed953-2c24-5301-8d91-e6aa9dcfeadf,d97309cb-eeb8-505a-9948-eec2d33394db,-120.11,USD,-120.11,,2026-01-25,ccb8e507-d6df-51d3-9c6b-2af43847184c,confirmed,,manual,{},HOME DEPOT #1417 ,0.88,,2026-01-25T00:00:00
51505f2d-e364-5752-8ea8-5e3860cbeaee,fb1ad2c1-a5b0-5ae0-9d88-507024507a14,494fb35b-ea2e-5ea2-8e6a-da836c11e230,dac49113-c1bb-5b26-8af5-745de0febf46,16a24acb-ea67-57eb-a942-246e8cd94297,-11.99,USD,-11.99,,2026-01-25,b2297a61-f8d6-53cc-b11d-49ea16c81db3,confirmed,,manual,{},GOOGLE *YOUTUBE PREMIUM,0.73,,2026-01-25T00:00:00
3ca54b29-3ffe-55df-b13f-c3e5e3f1e112,fb1ad2c1-a5b0-5ae0-9d88-507024507a14,de3e3182-4126-54b8-a5b3-1fbacfb03c9e,dac49113-c1bb-5b26-8af5-745de0febf46,d97309cb-eeb8-505a-9948-eec2d33394db,-111.38,USD,-111.38,,2026-01-25,ccb8e507-d6df-51d3-9c6b-2af43847184c,confirmed,,manual,{},HOME DEPOT #2139 ,0.89,,2026-01-25T00:00:00
6db93488-faca-59a1-b8ea-ac7fcb34b51a,fb1ad2c1-a5b0-5ae0-9d88-507024507a14,494fb35b-ea2e-5ea2-8e6a-da836c11e230,dac49113-c1bb-5b26-8af5-745de0febf46,7d5663eb-5e52-5077-9815-788af0c1bfc3,-14.50,USD,-14.50,,2026-01-25,fa112a1b-3269-5304-b7dc-1ef8de5dddc0,confirmed,,manual,{},MCDONALD'S #6291,0.93,,2026-01-25T00:00:00
fe655967-0ba7-59e7-b9d6-1ceead9f1b05,532788bd-1641-5dc9-b246-c4397ed4af60,c7c53ab9-c6fe-5a0b-b3a8-36f12237d898,6a8ed953-2c24-5301-8d91-e6aa9dcfeadf,d97309cb-eeb8-505a-9948-eec2d33394db,-70.80,USD,-70.80,,2026-01-26,ccb8e507-d6df-51d3-9c6b-2af43847184c,confirmed,,manual,{},HOME DEPOT #2952 PAYMENT,0.9,,2026-01-26T00:00:00
c3d25e09-3783-5367-9eb1-c9f96f207f1d,532788bd-1641-5dc9-b246-c4397ed4af60,859c8fb0-d2a2-5d68-ad57-6ad36dcbffcc,6a8ed953-2c24-5301-8d91-e6aa9dcfeadf,d97309cb-eeb8-505a-9948-eec2d33394db,-76.68,USD,-76.68,,2026-01-26,ccb8e507-d6df-51d3-9c6b-2af43847184c,confirmed,,manual,{},HOME DEPOT #4380 ,0.84,,2026-01-26T00:00:00
d77ba4bd-06ff-548f-8712-1e61d22b5184,fb1ad2c1-a5b0-5ae0-9d88-507024507a14,494fb35b-ea2e-5ea2-8e6a-da836c11e230,dac49113-c1bb-5b26-8af5-745de0febf46,1796e996-84d5-5ef5-a717-a953e2e49c08,-332.19,USD,-332.19,,2026-01-26,79c60cc2-48aa-5f74-8871-3cb616b26e25,confirmed,,plaid,{},MARRIOTT,0.99,,2026-01-26T00:00:00
b5e31052-e01f-500e-9603-5004c7d1b5d5,532788bd-1641-5dc9-b246-c4397ed4af60,859c8fb0-d2a2-5d68-ad57-6ad36dcbffcc,6a8ed953-2c24-5301-8d91-e6aa9dcfeadf,d97309cb-eeb8-505a-9948-eec2d33394db,-89.88,USD,-89.88,,2026-01-27,ccb8e507-d6df-51d3-9c6b-2af43847184c,confirmed,,manual,{},HOME DEPOT #1497 ,0.77,,2026-01-27T00:00:00
9364d34f-e035-5e16-b3e0-dbfbf3a4b1bb,532788bd-1641-5dc9-b246-c4397ed4af60,859c8fb0-d2a2-5d68-ad57-6ad36dcbffcc,6a8ed953-2c24-5301-8d91-e6aa9dcfeadf,c905592e-a82b-5c8e-904a-d39c475430ef,-51.90,USD,-51.90,,2026-01-27,f43ab923-88d2-5d30-b514-e67d3c90367a,confirmed,,manual,{},SHELL OIL 4530 DEBIT,0.85,,2026-01-27T00:00:00
461f189f-0f23-5e7b-88ed-0d6c48b3ac63,fb1ad2c1-a5b0-5ae0-9d88-507024507a14,de3e3182-4126-54b8-a5b3-1fbacfb03c9e,dac49113-c1bb-5b26-8af5-745de0febf46,234091f8-66bb-5bb3-84d3-5acfb26b89bb,-38.70,USD,-38.70,,2026-01-27,f43ab923-88d2-5d30-b514-e67d3c90367a,confirmed,,manual,{},UBER *TRIP 8850,0.99,,2026-01-27T00:00:00
ac8ed9c7-2ab9-5b3e-a4ea-41a143cd17ee,fb1ad2c1-a5b0-5ae0-9d88-507024507a14,de3e3182-4126-54b8-a5b3-1fbacfb03c9e,dac49113-c1bb-5b26-8af5-745de0febf46,c9ef2dab-c18a-5c65-bdc7-b6b34f18356e,-35.57,USD,-35.57,,2026-01-27,dbdc8686-ec42-5ce3-ba3f-5424fe985322,confirmed,,manual,{},CVS PHARMACY #4793,0.84,,2026-01-27T00:00:00
0f6311fe-c0c4-5fdc-b7ac-2617db54b093,532788bd-1641-5dc9-b246-c4397ed4af60,859c8fb0-d2a2-5d68-ad57-6ad36dcbffcc,6a8ed953-2c24-5301-8d91-e6aa9dcfeadf,bea56dd3-0d8f-5b9e-8688-1f2c3fcc2a11,-17.65,USD,-17.65,,2026-01-28,6beed52e-4ccd-593d-890d-ce94bd2b2745,confirmed,,manual,{},CHIPOTLE 3255 PAYMENT,0.86,,2026-01-28T00:00:00
e43d5425-f166-5d21-813c-396b085aeac9,fb1ad2c1-a5b0-5ae0-9d88-507024507a14,494fb35b-ea2e-5ea2-8e6a-da836c11e230,dac49113-c1bb-5b26-8af5-745de0febf46,78bab17d-4ce4-5345-97e7-6969d2e7a5e9,-539.22,USD,-539.22,,2026-01-28,7dc4d185-914f-5736-9f4d-8756e08d9766,confirmed,,manual,{'recurring': True},DELTA AIR LINES 4372,1.0,,2026-01-28T00:00:00
83a48c12-f0f5-5e4d-a714-3e53ed62b033,fb1ad2c1-a5b0-5ae0-9d88-507024507a14,494fb35b-ea2e-5ea2-8e6a-da836c11e230,dac49113-c1bb-5b26-8af5-745de0febf46,c905592e-a82b-5c8e-904a-d39c475430ef,-54.94,USD,-54.94,,2026-01-28,f43ab923-88d2-5d30-b514-e67d3c90367a,confirmed,,manual,{},SHELL OIL 6486 ,0.82,,2026-01-28T00:00:00
97577763-da96-5f6e-af06-cecca7e20ac0,532788bd-1641-5dc9-b246-c4397ed4af60,859c8fb0-d2a2-5d68-ad57-6ad36dcbffcc,6a8ed953-2c24-5301-8d91-e6aa9dcfeadf,a00cde6f-8b9f-5006-9541-fdeeb8008d4f,-179.17,USD,-179.17,,2026-01-30,af424ab5-dcc2-5aa4-802d-53e8e99d4579,confirmed,,manual,{},Amazon.com 3365 DEBIT,0.82,,2026-01-30T00:00:00
6dc65563-9934-50e4-a93a-1f8f2ea5911d,532788bd-1641-5dc9-b246-c4397ed4af60,c7c53ab9-c6fe-5a0b-b3a8-36f12237d898,6a8ed953-2c24-5301-8d91-e6aa9dcfeadf,d97309cb-eeb8-505a-9948-eec2d33394db,-19.62,USD,-19.62,,2026-01-30,077786c2-88f8-517e-9a65-266b802523c4,confirmed,,manual,{},HOME DEPOT #4392 PURCHASE,0.84,,2026-01-30T00:00:00
461f036e-1969-5aa5-9961-381c9ee1e34a,fb1ad2c1-a5b0-5ae0-9d88-507024507a14,494fb35b-ea2e-5ea2-8e6a-da836c11e230,dac49113-c1bb-5b26-8af5-745de0febf46,d97309cb-eeb8-505a-9948-eec2d33394db,-229.58,USD,-229.58,,2026-01-30,077786c2-88f8-517e-9a65-266b802523c4,draft,,manual,{},HOME DEPOT #6751 ,0.85,,2026-01-30T00:00:00
80d5c837-62a7-5a3e-b773-1537860a24d8,fb1ad2c1-a5b0-5ae0-9d88-507024507a14,494fb35b-ea2e-5ea2-8e6a-da836c11e230,dac49113-c1bb-5b26-8af5-745de0febf46,c905592e-a82b-5c8e-904a-d39c475430ef,-59.92,USD,-59.92,,2026-01-30,f43ab923-88d2-5d30-b514-e67d3c90367a,confirmed,,manual,{},SHELL OIL 7223 PAYMENT,0.79,,2026-01-30T00:00:00
51330b20-1dd1-58a7-8c4d-cf869d5ae866,532788bd-1641-5dc9-b246-c4397ed4af60,c7c53ab9-c6fe-5a0b-b3a8-36f12237d898,6a8ed953-2c24-5301-8d91-e6aa9dcfeadf,d97309cb-eeb8-505a-9948-eec2d33394db,-281.63,USD,-281.63,,2026-01-31,bdba84aa-8286-5caf-8252-985e2f2f3c1a,confirmed,,manual,{'recurring': True},HOME DEPOT #9225 PURCHASE,0.86,,2026-01-31T00:00:00
e02a49de-1190-5370-8647-b18f23476b89,532788bd-1641-5dc9-b246-c4397ed4af60,c7c53ab9-c6fe-5a0b-b3a8-36f12237d898,6a8ed953-2c24-5301-8d91-e6aa9dcfeadf,d97309cb-eeb8-505a-9948-eec2d33394db,-272.14,USD,-272.14,,2026-01-31,ccb8e507-d6df-51d3-9c6b-2af43847184c,confirmed,,manual,{},HOME DEPOT #1652 PAYMENT,0.75,,2026-01-31T00:00:00
de54e673-f898-58c9-8a9a-1360861f7b4b,532788bd-1641-5dc9-b246-c4397ed4af60,859c8fb0-d2a2-5d68-ad57-6ad36dcbffcc,6a8ed953-2c24-5301-8d91-e6aa9dcfeadf,7d5663eb-5e52-5077-9815-788af0c1bfc3,-12.72,USD,-12.72,,2026-01-31,fa112a1b-3269-5304-b7dc-1ef8de5dddc0,confirmed,,manual,{},MCDONALD'S #3992,0.83,,2026-01-31T00:00:00
09774611-e5dd-5e69-8970-f4d6f4eca0bb,fb1ad2c1-a5b0-5ae0-9d88-507024507a14,de3e3182-4126-54b8-a5b3-1fbacfb03c9e,dac49113-c1bb-5b26-8af5-745de0febf46,d97309cb-eeb8-505a-9948-eec2d33394db,-139.86,USD,-139.86,,2026-01-31,077786c2-88f8-517e-9a65-266b802523c4,confirmed,,manual,{},HOME DEPOT #1336 PAYMENT,0.71,,2026-01-31T00:00:00
5e788500-fc75-52d7-9903-deffb0098b78,fb1ad2c1-a5b0-5ae0-9d88-507024507a14,494fb35b-ea2e-5ea2-8e6a-da836c11e230,dac49113-c1bb-5b26-8af5-745de0febf46,aed3c2eb-e1aa-5aab-aed0-039beaa9a52d,-9.99,USD,-9.99,,2026-01-31,b2297a61-f8d6-53cc-b11d-49ea16c81db3,confirmed,,manual,{},SPOTIFY USA,0.91,,2026-01-31T00:00:00
b9b85415-eedb-55ca-aa74-49ecf49b7b90,fb1ad2c1-a5b0-5ae0-9d88-507024507a14,494fb35b-ea2e-5ea2-8e6a-da836c11e230,dac49113-c1bb-5b26-8af5-745de0febf46,16a24acb-ea67-57eb-a942-246e8cd94297,-11.99,USD,-11.99,,2026-01-31,b2297a61-f8d6-53cc-b11d-49ea16c81db3,confirmed,,plaid,{},GOOGLE *YOUTUBE PREMIUM,0.77,,2026-01-31T00:00:00
4bf2fd82-aae9-5355-b856-900c8d8293d6,532788bd-1641-5dc9-b246-c4397ed4af60,859c8fb0-d2a2-5d68-ad57-6ad36dcbffcc,6a8ed953-2c24-5301-8d91-e6aa9dcfeadf,d97309cb-eeb8-505a-9948-eec2d33394db,-56.64,USD,-56.64,,2026-02-01,ccb8e507-d6df-51d3-9c6b-2af43847184c,confirmed,,manual,{},HOME DEPOT #2114 ,0.77,,2026-02-01T00:00:00
5c1d218f-9a82-51f5-bae0-4ef3794b1e1f,532788bd-1641-5dc9-b246-c4397ed4af60,c7c53ab9-c6fe-5a0b-b3a8-36f12237d898,6a8ed953-2c24-5301-8d91-e6aa9dcfeadf,68f0922a-39b9-507c-92a6-e2500de5f321,-253.55,USD,-253.55,,2026-02-01,83564403-ac9f-5db5-a4fb-344879db34db,confirmed,,manual,{},COSTCO WHSE #8075,0.9,,2026-02-01T00:00:00
3967c373-c51e-5a5d-8293-d326585435ea,532788bd-1641-5dc9-b246-c4397ed4af60,c7c53ab9-c6fe-5a0b-b3a8-36f12237d898,6a8ed953-2c24-5301-8d91-e6aa9dcfeadf,f573b94f-d6d1-51c3-a8dd-9f4c61a57329,-96.16,USD,-96.16,,2026-02-01,06a5f4d3-67e1-5147-a99f-8e6859ddba5e,confirmed,,manual,{},VERIZON WIRELESS 4954,0.71,,2026-02-01T00:00:00
2afbc326-1280-5454-b4fb-29933a69f581,fb1ad2c1-a5b0-5ae0-9d88-507024507a14,de3e3182-4126-54b8-a5b3-1fbacfb03c9e,dac49113-c1bb-5b26-8af5-745de0febf46,d97309cb-eeb8-505a-9948-eec2d33394db,-94.06,USD,-94.06,,2026-02-01,ccb8e507-d6df-51d3-9c6b-2af43847184c,confirmed,,manual,{'recurring': True},HOME DEPOT #6594 PAYMENT,0.96,,2026-02-01T00:00:00
9991b28f-f0ca-5d1b-ba12-df0f8e7a0842,532788bd-1641-5dc9-b246-c4397ed4af60,859c8fb0-d2a2-5d68-ad57-6ad36dcbffcc,6a8ed953-2c24-5301-8d91-e6aa9dcfeadf,808b3755-614e-5b7e-ba90-ef88c5558ae5,-24.14,USD,-24.14,,2026-02-02,faa9d7bb-1220-5a93-8675-adf7fee33a10,confirmed,,manual,{},LYFT,0.91,,2026-02-02T00:00:00
c78b91de-1dab-5e40-89fd-49959ef0c9fd,fb1ad2c1-a5b0-5ae0-9d88-507024507a14,de3e3182-4126-54b8-a5b3-1fbacfb03c9e,dac49113-c1bb-5b26-8af5-745de0febf46,158297b6-5a99-547c-9a9d-4e9a859d9dab,-11.70,USD,-11.70,,2026-02-02,6beed52e-4ccd-593d-890d-ce94bd2b2745,confirmed,,manual,{},STARBUCKS 4370 PAYMENT,0.82,,2026-02-02T00:00:00
09147cf3-8bd3-5e49-bbfb-39f6f17a613f,fb1ad2c1-a5b0-5ae0-9d88-507024507a14,de3e3182-4126-54b8-a5b3-1fbacfb03c9e,dac49113-c1bb-5b26-8af5-745de0febf46,bea56dd3-0d8f-5b9e-8688-1f2c3fcc2a11,-14.45,USD,-14.45,,2026-02-02,fa112a1b-3269-5304-b7dc-1ef8de5dddc0,confirmed,,plaid,{'recurring': True},CHIPOTLE 7169 ,0.78,,2026-02-02T00:00:00
2426e3e5-25cd-5323-b1f9-9bc970eb3f8b,fb1ad2c1-a5b0-5ae0-9d88-507024507a14,494fb35b-ea2e-5ea2-8e6a-da836c11e230,dac49113-c1bb-5b26-8af5-745de0febf46,16a24acb-ea67-57eb-a942-246e8cd94297,-11.99,USD,-11.99,,2026-02-02,ea950238-0d12-58ed-8e20-085ecb1a6754,confirmed,,manual,{'recurring': True},GOOGLE *YOUTUBE PREMIUM,0.92,,2026-02-02T00:00:00
19e82ce2-d17b-5ff3-8861-379b98655a9e,532788bd-1641-5dc9-b246-c4397ed4af60,c7c53ab9-c6fe-5a0b-b3a8-36f12237d898,6a8ed953-2c24-5301-8d91-e6aa9dcfeadf,78bab17d-4ce4-5345-97e7-6969d2e7a5e9,-248.61,USD,-248.61,,2026-02-03,79c60cc2-48aa-5f74-8871-3cb616b26e25,confirmed,,manual,{'recurring': True},DELTA AIR LINES 3815,0.73,,2026-02-03T00:00:00
68e77576-984b-5be7-b6f7-3cdd0c6ff69b,fb1ad2c1-a5b0-5ae0-9d88-507024507a14,de3e3182-4126-54b8-a5b3-1fbacfb03c9e,dac49113-c1bb-5b26-8af5-745de0febf46,41d50eda-694c-5967-8780-12cd00399dab,-4.55,USD,-4.55,,2026-02-03,fa112a1b-3269-5304-b7dc-1ef8de5dddc0,confirmed,,plaid,{},DUNKIN',0.7,,2026-02-03T00:00:00
d3ad830b-e201-5afe-9d9d-361283343c16,fb1ad2c1-a5b0-5ae0-9d88-507024507a14,494fb35b-ea2e-5ea2-8e6a-da836c11e230,dac49113-c1bb-5b26-8af5-745de0febf46,f2a9ca2a-37af-503e-8036-0623ac1a9dbc,-7.18,USD,-7.18,,2026-02-03,961ca9c0-9d0b-50b0-8dad-f7ef999ec988,confirmed,,manual,{},APPLE.COM/BILL,0.92,,2026-02-03T00:00:00
4ad53d8d-0bbe-5a9e-b595-7f2542d8d445,fb1ad2c1-a5b0-5ae0-9d88-507024507a14,494fb35b-ea2e-5ea2-8e6a-da836c11e230,dac49113-c1bb-5b26-8af5-745de0febf46,2d8b3f27-58fe-5583-8d7e-995c79ade98a,-80.03,USD,-80.03,,2026-02-03,83564403-ac9f-5db5-a4fb-344879db34db,confirmed,,manual,{},KROGER #8154,0.82,,2026-02-03T00:00:00
20d11e35-c607-52a4-8487-317baff2c9a7,532788bd-1641-5dc9-b246-c4397ed4af60,859c8fb0-d2a2-5d68-ad57-6ad36dcbffcc,6a8ed953-2c24-5301-8d91-e6aa9dcfeadf,7d5663eb-5e52-5077-9815-788af0c1bfc3,-11.45,USD,-11.45,,2026-02-04,fa112a1b-3269-5304-b7dc-1ef8de5dddc0,confirmed,,manual,{},MCDONALD'S #1358,0.85,,2026-02-04T00:00:00
161f568a-a0ee-57a7-9943-813a338e2193,fb1ad2c1-a5b0-5ae0-9d88-507024507a14,de3e3182-4126-54b8-a5b3-1fbacfb03c9e,dac49113-c1bb-5b26-8af5-745de0febf46,d97309cb-eeb8-505a-9948-eec2d33394db,-274.81,USD,-274.81,,2026-02-04,ccb8e507-d6df-51d3-9c6b-2af43847184c,confirmed,,plaid,{'recurring': True},HOME DEPOT #3590 PURCHASE,0.99,,2026-02-04T00:00:00
285402e6-0b0e-58ae-9d45-7330676deeae,fb1ad2c1-a5b0-5ae0-9d88-507024507a14,de3e3182-4126-54b8-a5b3-1fbacfb03c9e,dac49113-c1bb-5b26-8af5-745de0febf46,7d5663eb-5e52-5077-9815-788af0c1bfc3,-7.29,USD,-7.29,,2026-02-04,5638caff-364a-55b0-9433-607e4844f64b,confirmed,,manual,{},MCDONALD'S #9528,0.87,,2026-02-04T00:00:00
c897217e-1f9c-5afe-8219-185b4bf974d8,fb1ad2c1-a5b0-5ae0-9d88-507024507a14,de3e3182-4126-54b8-a5b3-1fbacfb03c9e,dac49113-c1bb-5b26-8af5-745de0febf46,b7475634-9a3f-5b47-9978-5578a1ceb107,-146.03,USD,-146.03,,2026-02-04,961ca9c0-9d0b-50b0-8dad-f7ef999ec988,confirmed,,plaid,{},MACY'S,0.72,,2026-02-04T00:00:00
c719c5ae-0c41-50c2-ad5d-8357fff90f5e,532788bd-1641-5dc9-b246-c4397ed4af60,859c8fb0-d2a2-5d68-ad57-6ad36dcbffcc,6a8ed953-2c24-5301-8d91-e6aa9dcfeadf,234091f8-66bb-5bb3-84d3-5acfb26b89bb,-12.89,USD,-12.89,,2026-02-05,faa9d7bb-1220-5a93-8675-adf7fee33a10,confirmed,,manual,{},UBER *TRIP 1143,0.71,,2026-02-05T00:00:00
7900c945-ccb8-5e5a-9bbb-afda166029f7,fb1ad2c1-a5b0-5ae0-9d88-507024507a14,de3e3182-4126-54b8-a5b3-1fbacfb03c9e,dac49113-c1bb-5b26-8af5-745de0febf46,d97309cb-eeb8-505a-9948-eec2d33394db,-83.95,USD,-83.95,,2026-02-05,ccb8e507-d6df-51d3-9c6b-2af43847184c,confirmed,,manual,{},HOME DEPOT #8576 PURCHASE,0.75,,2026-02-05T00:00:00
38cdc9c2-0948-539d-a572-474fb263fe73,532788bd-1641-5dc9-b246-c4397ed4af60,c7c53ab9-c6fe-5a0b-b3a8-36f12237d898,6a8ed953-2c24-5301-8d91-e6aa9dcfeadf,808b3755-614e-5b7e-ba90-ef88c5558ae5,-22.86,USD,-22.86,,2026-02-06,faa9d7bb-1220-5a93-8675-adf7fee33a10,draft,,manual,{},LYFT,0.87,,2026-02-06T00:00:00
03a410ad-10c8-5669-b1e0-e9b6f2ef935a,532788bd-1641-5dc9-b246-c4397ed4af60,c7c53ab9-c6fe-5a0b-b3a8-36f12237d898,6a8ed953-2c24-5301-8d91-e6aa9dcfeadf,d97309cb-eeb8-505a-9948-eec2d33394db,-158.40,USD,-158.40,,2026-02-06,bdba84aa-8286-5caf-8252-985e2f2f3c1a,confirmed,,manual,{'recurring': True},HOME DEPOT #1596 PURCHASE,0.73,,2026-02-06T00:00:00
5ba87378-018f-5cea-8353-73a1fec85a49,fb1ad2c1-a5b0-5ae0-9d88-507024507a14,494fb35b-ea2e-5ea2-8e6a-da836c11e230,dac49113-c1bb-5b26-8af5-745de0febf46,d97309cb-eeb8-505a-9948-eec2d33394db,-76.44,USD,-76.44,,2026-02-06,ccb8e507-d6df-51d3-9c6b-2af43847184c,confirmed,,plaid,{},HOME DEPOT #3291 PAYMENT,0.77,,2026-02-06T00:00:00
122d2c7f-d44d-5aee-8b56-86d1bc831752,fb1ad2c1-a5b0-5ae0-9d88-507024507a14,de3e3182-4126-54b8-a5b3-1fbacfb03c9e,dac49113-c1bb-5b26-8af5-745de0febf46,808b3755-614e-5b7e-ba90-ef88c5558ae5,-9.83,USD,-9.83,,2026-02-06,f43ab923-88d2-5d30-b514-e67d3c90367a,confirmed,,plaid,{},LYFT,0.73,,2026-02-06T00:00:00
1c3a2b69-de59-5bec-9dac-3a0f8bf86f42,532788bd-1641-5dc9-b246-c4397ed4af60,c7c53ab9-c6fe-5a0b-b3a8-36f12237d898,6a8ed953-2c24-5301-8d91-e6aa9dcfeadf,b8eadc23-f654-5613-9f2a-cf111cf0ed88,-41.22,USD,-41.22,,2026-02-07,83564403-ac9f-5db5-a4fb-344879db34db,confirmed,,manual,{'recurring': True},TRADER JOE'S #6350,0.93,,2026-02-07T00:00:00
f00de29f-46d3-5ff3-b15c-2397272b359c,532788bd-1641-5dc9-b246-c4397ed4af60,c7c53ab9-c6fe-5a0b-b3a8-36f12237d898,6a8ed953-2c24-5301-8d91-e6aa9dcfeadf,c9ef2dab-c18a-5c65-bdc7-b6b34f18356e,-24.15,USD,-24.15,,2026-02-07,dbdc8686-ec42-5ce3-ba3f-5424fe985322,confirmed,,manual,{},CVS PHARMACY #1009,0.84,,2026-02-07T00:00:00
1a3457a9-9575-58af-b1c8-72ed3715dd66,fb1ad2c1-a5b0-5ae0-9d88-507024507a14,494fb35b-ea2e-5ea2-8e6a-da836c11e230,dac49113-c1bb-5b26-8af5-745de0febf46,d97309cb-eeb8-505a-9948-eec2d33394db,-79.47,USD,-79.47,,2026-02-07,ccb8e507-d6df-51d3-9c6b-2af43847184c,confirmed,,manual,{},HOME DEPOT #8919 PAYMENT,0.92,,2026-02-07T00:00:00
dd70ea3b-535c-5110-b55b-0e3cc55f0a1f,fb1ad2c1-a5b0-5ae0-9d88-507024507a14,de3e3182-4126-54b8-a5b3-1fbacfb03c9e,dac49113-c1bb-5b26-8af5-745de0febf46,b8eadc23-f654-5613-9f2a-cf111cf0ed88,-25.01,USD,-25.01,,2026-02-07,83564403-ac9f-5db5-a4fb-344879db34db,confirmed,,plaid,{},TRADER JOE'S #6468,1.0,,2026-02-07T00:00:00
e91fb0d6-33bd-5b6d-9045-400e1d64e7a7,532788bd-1641-5dc9-b246-c4397ed4af60,c7c53ab9-c6fe-5a0b-b3a8-36f12237d898,6a8ed953-2c24-5301-8d91-e6aa9dcfeadf,d97309cb-eeb8-505a-9948-eec2d33394db,-60.37,USD,-60.37,,2026-02-08,077786c2-88f8-517e-9a65-266b802523c4,confirmed,,manual,{},HOME DEPOT #2357 DEBIT,0.83,,2026-02-08T00:00:00
3e525552-4f40-514f-b757-e5d01d8fa933,532788bd-1641-5dc9-b246-c4397ed4af60,859c8fb0-d2a2-5d68-ad57-6ad36dcbffcc,6a8ed953-2c24-5301-8d91-e6aa9dcfeadf,c9ef2dab-c18a-5c65-bdc7-b6b34f18356e,-39.71,USD,-39.71,,2026-02-08,f4256214-1f20-597d-abac-553feefc5cd8,confirmed,,manual,{},CVS PHARMACY #3909,0.98,,2026-02-08T00:00:00
ea8d678f-01c7-54c0-b670-b42be5d17371,532788bd-1641-5dc9-b246-c4397ed4af60,859c8fb0-d2a2-5d68-ad57-6ad36dcbffcc,6a8ed953-2c24-5301-8d91-e6aa9dcfeadf,d97309cb-eeb8-505a-9948-eec2d33394db,-109.09,USD,-109.09,,2026-02-08,ccb8e507-d6df-51d3-9c6b-2af43847184c,confirmed,,plaid,{},HOME DEPOT #1647 DEBIT,0.97,,2026-02-08T00:00:00
970a895d-c26a-579e-b1df-fd4fb120b774,fb1ad2c1-a5b0-5ae0-9d88-507024507a14,de3e3182-4126-54b8-a5b3-1fbacfb03c9e,dac49113-c1bb-5b26-8af5-745de0febf46,d97309cb-eeb8-505a-9948-eec2d33394db,-252.06,USD,-252.06,,2026-02-08,077786c2-88f8-517e-9a65-266b802523c4,confirmed,,manual,{},HOME DEPOT #2064 ,0.93,,2026-02-08T00:00:00
258c61d9-abd5-5df6-9381-e455f0472652,fb1ad2c1-a5b0-5ae0-9d88-507024507a14,494fb35b-ea2e-5ea2-8e6a-da836c11e230,dac49113-c1bb-5b26-8af5-745de0febf46,d97309cb-eeb8-505a-9948-eec2d33394db,-31.74,USD,-31.74,,2026-02-08,ccb8e507-d6df-51d3-9c6b-2af43847184c,confirmed,,manual,{},HOME DEPOT #2764 ,0.8,,2026-02-08T00:00:00
313a849e-705e-524a-875e-f208477a5650,fb1ad2c1-a5b0-5ae0-9d88-507024507a14,de3e3182-4126-54b8-a5b3-1fbacfb03c9e,dac49113-c1bb-5b26-8af5-745de0febf46,d97309cb-eeb8-505a-9948-eec2d33394db,-254.72,USD,-254.72,,2026-02-08,ccb8e507-d6df-51d3-9c6b-2af43847184c,confirmed,,manual,{},HOME DEPOT #4056 ,0.96,,2026-02-08T00:00:00
3cd098e9-42bf-5e63-899d-c3fb60f8ae56,532788bd-1641-5dc9-b246-c4397ed4af60,c7c53ab9-c6fe-5a0b-b3a8-36f12237d898,6a8ed953-2c24-5301-8d91-e6aa9dcfeadf,d97309cb-eeb8-505a-9948-eec2d33394db,-234.70,USD,-234.70,,2026-02-09,ccb8e507-d6df-51d3-9c6b-2af43847184c,confirmed,,manual,{},HOME DEPOT #7111 PAYMENT,0.99,,2026-02-09T00:00:00
8fa9717b-6ba5-55f7-ab2b-7c8b09fd8847,532788bd-1641-5dc9-b246-c4397ed4af60,c7c53ab9-c6fe-5a0b-b3a8-36f12237d898,6a8ed953-2c24-5301-8d91-e6aa9dcfeadf,d97309cb-eeb8-505a-9948-eec2d33394db,-27.69,USD,-27.69,,2026-02-09,bdba84aa-8286-5caf-8252-985e2f2f3c1a,confirmed,,manual,{'recurring': True},HOME DEPOT #7673 DEBIT,0.97,,2026-02-09T00:00:00
facb0ee6-bb71-5dc9-af94-8dec7b8cb6ef,fb1ad2c1-a5b0-5ae0-9d88-507024507a14,494fb35b-ea2e-5ea2-8e6a-da836c11e230,dac49113-c1bb-5b26-8af5-745de0febf46,808b3755-614e-5b7e-ba90-ef88c5558ae5,-32.07,USD,-32.07,,2026-02-09,faa9d7bb-1220-5a93-8675-adf7fee33a10,confirmed,,manual,{},LYFT,0.7,,2026-02-09T00:00:00
ec42c282-f367-565e-aba8-4478e8c44b71,532788bd-1641-5dc9-b246-c4397ed4af60,c7c53ab9-c6fe-5a0b-b3a8-36f12237d898,6a8ed953-2c24-5301-8d91-e6aa9dcfeadf,d97309cb-eeb8-505a-9948-eec2d33394db,-167.55,USD,-167.55,,2026-02-10,ccb8e507-d6df-51d3-9c6b-2af43847184c,confirmed,,manual,{},HOME DEPOT #9220 PAYMENT,0.87,,2026-02-10T00:00:00
90601db9-a31c-5b4a-9c23-59533a1fca79,532788bd-1641-5dc9-b246-c4397ed4af60,859c8fb0-d2a2-5d68-ad57-6ad36dcbffcc,6a8ed953-2c24-5301-8d91-e6aa9dcfeadf,b7475634-9a3f-5b47-9978-5578a1ceb107,-91.18,USD,-91.18,,2026-02-10,ba8264d5-be92-573d-bee0-fc77ba1eba53,draft,,manual,{'recurring': True},MACY'S,0.7,,2026-02-10T00:00:00
5535daf4-6ca5-588b-b9a9-4f4b505fd266,fb1ad2c1-a5b0-5ae0-9d88-507024507a14,494fb35b-ea2e-5ea2-8e6a-da836c11e230,dac49113-c1bb-5b26-8af5-745de0febf46,d97309cb-eeb8-505a-9948-eec2d33394db,-297.76,USD,-297.76,,2026-02-10,ccb8e507-d6df-51d3-9c6b-2af43847184c,confirmed,,plaid,{},HOME DEPOT #6604 PURCHASE,0.98,,2026-02-10T00:00:00
407e7c47-899b-5c54-b841-90d5fb66b4a1,532788bd-1641-5dc9-b246-c4397ed4af60,859c8fb0-d2a2-5d68-ad57-6ad36dcbffcc,6a8ed953-2c24-5301-8d91-e6aa9dcfeadf,c9ef2dab-c18a-5c65-bdc7-b6b34f18356e,-12.43,USD,-12.43,,2026-02-11,dbdc8686-ec42-5ce3-ba3f-5424fe985322,confirmed,,manual,{},CVS PHARMACY #2096,0.84,,2026-02-11T00:00:00
e3a1c735-f586-545e-b3b8-1cbb27d1fcdf,532788bd-1641-5dc9-b246-c4397ed4af60,c7c53ab9-c6fe-5a0b-b3a8-36f12237d898,6a8ed953-2c24-5301-8d91-e6aa9dcfeadf,8b093965-626b-562e-ba34-3a2ae16c7328,-28.97,USD,-28.97,,2026-02-11,a519e456-2deb-59d8-a983-e0e4e0e88abb,confirmed,,manual,{},PLANET FITNESS,0.94,,2026-02-11T00:00:00
fdd63a56-d1fa-597b-af25-0063e6047336,fb1ad2c1-a5b0-5ae0-9d88-507024507a14,494fb35b-ea2e-5ea2-8e6a-da836c11e230,dac49113-c1bb-5b26-8af5-745de0febf46,234091f8-66bb-5bb3-84d3-5acfb26b89bb,-35.48,USD,-35.48,,2026-02-11,faa9d7bb-1220-5a93-8675-adf7fee33a10,confirmed,,plaid,{},UBER *TRIP 3243,0.95,,2026-02-11T00:00:00
f02bef3a-1306-5db0-a2dd-d282b1406903,fb1ad2c1-a5b0-5ae0-9d88-507024507a14,494fb35b-ea2e-5ea2-8e6a-da836c11e230,dac49113-c1bb-5b26-8af5-745de0febf46,d97309cb-eeb8-505a-9948-eec2d33394db,-217.86,USD,-217.86,,2026-02-12,ccb8e507-d6df-51d3-9c6b-2af43847184c,confirmed,,manual,{},HOME DEPOT #6939 DEBIT,0.8,,2026-02-12T00:00:00
74349684-5320-5119-81ee-28ee2862d3a1,fb1ad2c1-a5b0-5ae0-9d88-507024507a14,de3e3182-4126-54b8-a5b3-1fbacfb03c9e,dac49113-c1bb-5b26-8af5-745de0febf46,808b3755-614e-5b7e-ba90-ef88c5558ae5,-9.15,USD,-9.15,,2026-02-12,f43ab923-88d2-5d30-b514-e67d3c90367a,confirmed,,manual,{},LYFT,0.98,,2026-02-12T00:00:00
c08f188e-da9d-58cf-91bb-f7f0d9379df3,532788bd-1641-5dc9-b246-c4397ed4af60,859c8fb0-d2a2-5d68-ad57-6ad36dcbffcc,6a8ed953-2c24-5301-8d91-e6aa9dcfeadf,a00cde6f-8b9f-5006-9541-fdeeb8008d4f,-96.71,USD,-96.71,,2026-02-13,d4c1f95d-47e8-52f6-8df9-eeb79b606fda,draft,,manual,{},AMZN MKTP US*9350,0.96,,2026-02-13T00:00:00
b6446f7d-547e-56f9-b5e5-f7161c685ad1,fb1ad2c1-a5b0-5ae0-9d88-507024507a14,de3e3182-4126-54b8-a5b3-1fbacfb03c9e,dac49113-c1bb-5b26-8af5-745de0febf46,41d50eda-694c-5967-8780-12cd00399dab,-4.48,USD,-4.48,,2026-02-13,fa112a1b-3269-5304-b7dc-1ef8de5dddc0,confirmed,,manual,{},DUNKIN',0.82,,2026-02-13T00:00:00
3595a2ee-f0be-5ad1-9210-a70aa348ea89,532788bd-1641-5dc9-b246-c4397ed4af60,859c8fb0-d2a2-5d68-ad57-6ad36dcbffcc,6a8ed953-2c24-5301-8d91-e6aa9dcfeadf,d97309cb-eeb8-505a-9948-eec2d33394db,-15.41,USD,-15.41,,2026-02-14,ccb8e507-d6df-51d3-9c6b-2af43847184c,confirmed,,plaid,{'recurring': True},HOME DEPOT #4132 PAYMENT,0.87,,2026-02-14T00:00:00
a0fbf503-7837-58f4-86bd-0b6fae378ae8,fb1ad2c1-a5b0-5ae0-9d88-507024507a14,de3e3182-4126-54b8-a5b3-1fbacfb03c9e,dac49113-c1bb-5b26-8af5-745de0febf46,d97309cb-eeb8-505a-9948-eec2d33394db,-223.41,USD,-223.41,,2026-02-14,ccb8e507-d6df-51d3-9c6b-2af43847184c,draft,,manual,{},HOME DEPOT #4573 PAYMENT,0.92,,2026-02-14T00:00:00
da4c0192-9226-5264-939b-293b149c2a6e,fb1ad2c1-a5b0-5ae0-9d88-507024507a14,494fb35b-ea2e-5ea2-8e6a-da836c11e230,dac49113-c1bb-5b26-8af5-745de0febf46,d97309cb-eeb8-505a-9948-eec2d33394db,-56.89,USD,-56.89,,2026-02-14,ccb8e507-d6df-51d3-9c6b-2af43847184c,confirmed,,manual,{},HOME DEPOT #6326 ,0.76,,2026-02-14T00:00:00
7fdf288a-1642-5de3-b8d2-f9179b863280,532788bd-1641-5dc9-b246-c4397ed4af60,c7c53ab9-c6fe-5a0b-b3a8-36f12237d898,6a8ed953-2c24-5301-8d91-e6aa9dcfeadf,b7475634-9a3f-5b47-9978-5578a1ceb107,-120.61,USD,-120.61,,2026-02-15,ba8264d5-be92-573d-bee0-fc77ba1eba53,confirmed,,plaid,{},MACY'S,0.97,,2026-02-15T00:00:00
4568cf5f-0981-5730-a38d-7ec0c2606a69,fb1ad2c1-a5b0-5ae0-9d88-507024507a14,494fb35b-ea2e-5ea2-8e6a-da836c11e230,dac49113-c1bb-5b26-8af5-745de0febf46,d97309cb-eeb8-505a-9948-eec2d33394db,-272.87,USD,-272.87,,2026-02-15,ccb8e507-d6df-51d3-9c6b-2af43847184c,confirmed,,plaid,{},HOME DEPOT #8961 ,0.92,,2026-02-15T00:00:00
aef95c30-1c91-5427-9aa3-0389d92e61e9,fb1ad2c1-a5b0-5ae0-9d88-507024507a14,494fb35b-ea2e-5ea2-8e6a-da836c11e230,dac49113-c1bb-5b26-8af5-745de0febf46,b7475634-9a3f-5b47-9978-5578a1ceb107,-206.23,USD,-206.23,,2026-02-15,aee92619-ae79-565c-a988-70e59f94bc78,draft,,manual,{},MACY'S,0.71,,2026-02-15T00:00:00
98b29320-5c70-5677-863b-678b4b5bf714,fb1ad2c1-a5b0-5ae0-9d88-507024507a14,494fb35b-ea2e-5ea2-8e6a-da836c11e230,dac49113-c1bb-5b26-8af5-745de0febf46,5813fb16-6db8-5fd5-9486-97b3414b3ad6,-20.15,USD,-20.15,,2026-02-15,83564403-ac9f-5db5-a4fb-344879db34db,confirmed,,manual,{},WHOLE FOODS 2777 PAYMENT,0.94,,2026-02-15T00:00:00
a733f6d1-7b08-5f8c-a61c-8794588db775,532788bd-1641-5dc9-b246-c4397ed4af60,859c8fb0-d2a2-5d68-ad57-6ad36dcbffcc,6a8ed953-2c24-5301-8d91-e6aa9dcfeadf,b8eadc23-f654-5613-9f2a-cf111cf0ed88,-45.67,USD,-45.67,,2026-02-16,83564403-ac9f-5db5-a4fb-344879db34db,confirmed,,manual,{},TRADER JOE'S #6320,0.77,,2026-02-16T00:00:00
dc66f5bd-5974-5de4-ad3b-cdf256deb5ad,532788bd-1641-5dc9-b246-c4397ed4af60,859c8fb0-d2a2-5d68-ad57-6ad36dcbffcc,6a8ed953-2c24-5301-8d91-e6aa9dcfeadf,4af9f4ae-4781-5cb6-8281-5c9f09d25ac0,-34.03,USD,-34.03,,2026-02-17,d4c1f95d-47e8-52f6-8df9-eeb79b606fda,confirmed,,manual,{},TARGET 5201 DEBIT,0.78,,2026-02-17T00:00:00
8d7ba701-634a-564a-b795-f01dfd8fa7e8,532788bd-1641-5dc9-b246-c4397ed4af60,859c8fb0-d2a2-5d68-ad57-6ad36dcbffcc,6a8ed953-2c24-5301-8d91-e6aa9dcfeadf,d97309cb-eeb8-505a-9948-eec2d33394db,-189.36,USD,-189.36,,2026-02-17,ccb8e507-d6df-51d3-9c6b-2af43847184c,confirmed,,manual,{},HOME DEPOT #9796 PURCHASE,0.9,,2026-02-17T00:00:00
2678a976-a16a-5960-88cb-f0b1cc93affe,532788bd-1641-5dc9-b246-c4397ed4af60,c7c53ab9-c6fe-5a0b-b3a8-36f12237d898,6a8ed953-2c24-5301-8d91-e6aa9dcfeadf,8b093965-626b-562e-ba34-3a2ae16c7328,-35.46,USD,-35.46,,2026-02-17,875ccc19-66e7-5835-86a5-73be20384685,confirmed,,plaid,{'recurring': True},PLANET FITNESS,0.78,,2026-02-17T00:00:00
4be2e146-c0a6-58ed-8375-9839458e52f7,fb1ad2c1-a5b0-5ae0-9d88-507024507a14,494fb35b-ea2e-5ea2-8e6a-da836c11e230,dac49113-c1bb-5b26-8af5-745de0febf46,158297b6-5a99-547c-9a9d-4e9a859d9dab,-11.87,USD,-11.87,,2026-02-17,de3f2bc4-947e-5d7b-a51e-d6da6178c1df,confirmed,,plaid,{},STARBUCKS 4154 PURCHASE,0.92,,2026-02-17T00:00:00
205797bd-b8cc-5634-a73c-31625d38a911,fb1ad2c1-a5b0-5ae0-9d88-507024507a14,de3e3182-4126-54b8-a5b3-1fbacfb03c9e,dac49113-c1bb-5b26-8af5-745de0febf46,b7475634-9a3f-5b47-9978-5578a1ceb107,-211.99,USD,-211.99,,2026-02-17,aee92619-ae79-565c-a988-70e59f94bc78,confirmed,,plaid,{},MACY'S,0.7,,2026-02-17T00:00:00
d461a6a1-3993-53e0-8522-6c3d6ba65c6f,532788bd-1641-5dc9-b246-c4397ed4af60,859c8fb0-d2a2-5d68-ad57-6ad36dcbffcc,6a8ed953-2c24-5301-8d91-e6aa9dcfeadf,d97309cb-eeb8-505a-9948-eec2d33394db,-279.27,USD,-279.27,,2026-02-18,ccb8e507-d6df-51d3-9c6b-2af43847184c,confirmed,,manual,{},HOME DEPOT #1881 PURCHASE,0.82,,2026-02-18T00:00:00
3f43edfe-67d1-50d1-b43c-f781e4876e8a,532788bd-1641-5dc9-b246-c4397ed4af60,859c8fb0-d2a2-5d68-ad57-6ad36dcbffcc,6a8ed953-2c24-5301-8d91-e6aa9dcfeadf,c9ef2dab-c18a-5c65-bdc7-b6b34f18356e,-23.87,USD,-23.87,,2026-02-18,78973b8a-ca75-5365-a413-1efb5fe538d0,confirmed,,manual,{},CVS PHARMACY #4940,0.87,,2026-02-18T00:00:00
af5c81ba-62ee-5b0c-9f41-4327e5e7b13d,532788bd-1641-5dc9-b246-c4397ed4af60,859c8fb0-d2a2-5d68-ad57-6ad36dcbffcc,6a8ed953-2c24-5301-8d91-e6aa9dcfeadf,a00cde6f-8b9f-5006-9541-fdeeb8008d4f,-21.31,USD,-21.31,,2026-02-19,d4c1f95d-47e8-52f6-8df9-eeb79b606fda,confirmed,,manual,{},AMZN MKTP US*2353,0.97,,2026-02-19T00:00:00
0f2534c1-b66f-525e-b20e-1fb2d536f236,532788bd-1641-5dc9-b246-c4397ed4af60,c7c53ab9-c6fe-5a0b-b3a8-36f12237d898,6a8ed953-2c24-5301-8d91-e6aa9dcfeadf,f573b94f-d6d1-51c3-a8dd-9f4c61a57329,-111.75,USD,-111.75,,2026-02-19,06a5f4d3-67e1-5147-a99f-8e6859ddba5e,confirmed,,manual,{},VERIZON WIRELESS 7210,0.78,,2026-02-19T00:00:00
d83660b2-df56-5fc8-89f4-0f5ba27499fc,fb1ad2c1-a5b0-5ae0-9d88-507024507a14,494fb35b-ea2e-5ea2-8e6a-da836c11e230,dac49113-c1bb-5b26-8af5-745de0febf46,808b3755-614e-5b7e-ba90-ef88c5558ae5,-22.10,USD,-22.10,,2026-02-19,faa9d7bb-1220-5a93-8675-adf7fee33a10,confirmed,,manual,{},LYFT,0.94,,2026-02-19T00:00:00
dbd2289c-85a4-5a73-bded-85346513f591,532788bd-1641-5dc9-b246-c4397ed4af60,c7c53ab9-c6fe-5a0b-b3a8-36f12237d898,6a8ed953-2c24-5301-8d91-e6aa9dcfeadf,d97309cb-eeb8-505a-9948-eec2d33394db,-122.70,USD,-122.70,,2026-02-20,ccb8e507-d6df-51d3-9c6b-2af43847184c,confirmed,,manual,{},HOME DEPOT #6922 PAYMENT,0.74,,2026-02-20T00:00:00
46cade0c-d88f-5d2d-b756-d66c56025dfe,fb1ad2c1-a5b0-5ae0-9d88-507024507a14,494fb35b-ea2e-5ea2-8e6a-da836c11e230,dac49113-c1bb-5b26-8af5-745de0febf46,158297b6-5a99-547c-9a9d-4e9a859d9dab,-12.27,USD,-12.27,,2026-02-20,fa112a1b-3269-5304-b7dc-1ef8de5dddc0,confirmed,,manual,{'recurring': True},STARBUCKS 2057 DEBIT,0.96,,2026-02-20T00:00:00
76fad141-7a78-5cd8-85ef-5d5c743707f8,532788bd-1641-5dc9-b246-c4397ed4af60,859c8fb0-d2a2-5d68-ad57-6ad36dcbffcc,6a8ed953-2c24-5301-8d91-e6aa9dcfeadf,d97309cb-eeb8-505a-9948-eec2d33394db,-131.18,USD,-131.18,,2026-02-21,ccb8e507-d6df-51d3-9c6b-2af43847184c,confirmed,,plaid,{},HOME DEPOT #4976 ,0.92,,2026-02-21T00:00:00
71afdc29-b4b7-56d6-87d0-8ec79a9ede3c,532788bd-1641-5dc9-b246-c4397ed4af60,859c8fb0-d2a2-5d68-ad57-6ad36dcbffcc,6a8ed953-2c24-5301-8d91-e6aa9dcfeadf,8989e0bc-e443-55e5-9e3f-e2a8f32ee6d7,-15.49,USD,-15.49,,2026-02-21,ea950238-0d12-58ed-8e20-085ecb1a6754,confirmed,,plaid,{},NETFLIX.COM,0.99,,2026-02-21T00:00:00
496df792-97f8-5c89-991d-6c64d96151db,fb1ad2c1-a5b0-5ae0-9d88-507024507a14,de3e3182-4126-54b8-a5b3-1fbacfb03c9e,dac49113-c1bb-5b26-8af5-745de0febf46,b8eadc23-f654-5613-9f2a-cf111cf0ed88,-66.49,USD,-66.49,,2026-02-21,83564403-ac9f-5db5-a4fb-344879db34db,confirmed,,plaid,{'recurring': True},TRADER JOE'S #4700,0.78,,2026-02-21T00:00:00
60fcf550-6310-5ba6-9cb4-140af829d1b5,fb1ad2c1-a5b0-5ae0-9d88-507024507a14,494fb35b-ea2e-5ea2-8e6a-da836c11e230,dac49113-c1bb-5b26-8af5-745de0febf46,2b4a9416-2f9a-5c84-8a99-089c2a8da440,-77.82,USD,-77.82,,2026-02-21,2d123316-c022-5b31-8284-b23e61b8e6d0,confirmed,,plaid,{'recurring': True},COMCAST 4912,0.95,,2026-02-21T00:00:00
eec587c0-07c5-5467-9c7d-e74ad01364ab,532788bd-1641-5dc9-b246-c4397ed4af60,c7c53ab9-c6fe-5a0b-b3a8-36f12237d898,6a8ed953-2c24-5301-8d91-e6aa9dcfeadf,a00cde6f-8b9f-5006-9541-fdeeb8008d4f,-22.56,USD,-22.56,,2026-02-22,12915486-2f7b-557e-9d40-6d2f4442ed6d,confirmed,,plaid,{},Amazon.com 3027 DEBIT,0.73,,2026-02-22T00:00:00
0a66c6d6-9a4e-58e6-9b59-35e2aa944fd3,fb1ad2c1-a5b0-5ae0-9d88-507024507a14,494fb35b-ea2e-5ea2-8e6a-da836c11e230,dac49113-c1bb-5b26-8af5-745de0febf46,f573b94f-d6d1-51c3-a8dd-9f4c61a57329,-122.35,USD,-122.35,,2026-02-22,06a5f4d3-67e1-5147-a99f-8e6859ddba5e,confirmed,,manual,{'recurring': True},VERIZON WIRELESS 2374,0.73,,2026-02-22T00:00:00
dd38d3be-64bc-599d-a74d-840fdce8cc1b,fb1ad2c1-a5b0-5ae0-9d88-507024507a14,494fb35b-ea2e-5ea2-8e6a-da836c11e230,dac49113-c1bb-5b26-8af5-745de0febf46,16a24acb-ea67-57eb-a942-246e8cd94297,-11.99,USD,-11.99,,2026-02-22,65728c1d-c5db-50c9-baf0-84bb2cf68d11,confirmed,,manual,{'recurring': True},GOOGLE *YOUTUBE PREMIUM,0.71,,2026-02-22T00:00:00
0d007450-550c-505d-83a8-b581b5cbac9b,532788bd-1641-5dc9-b246-c4397ed4af60,c7c53ab9-c6fe-5a0b-b3a8-36f12237d898,6a8ed953-2c24-5301-8d91-e6aa9dcfeadf,1796e996-84d5-5ef5-a717-a953e2e49c08,-233.46,USD,-233.46,,2026-02-23,79c60cc2-48aa-5f74-8871-3cb616b26e25,confirmed,,manual,{'recurring': True},MARRIOTT,0.97,,2026-02-23T00:00:00
9fa5dde5-ef11-57c1-bbe0-c269e78d2b56,532788bd-1641-5dc9-b246-c4397ed4af60,859c8fb0-d2a2-5d68-ad57-6ad36dcbffcc,6a8ed953-2c24-5301-8d91-e6aa9dcfeadf,bbc36a1d-bf0a-5d6c-ae4f-ff309f63cf39,-400.20,USD,-400.20,,2026-02-23,ba8264d5-be92-573d-bee0-fc77ba1eba53,confirmed,,manual,{'recurring': True},BEST BUY,0.96,,2026-02-23T00:00:00
429c26c8-1baf-532a-9cfa-9b3740859c67,fb1ad2c1-a5b0-5ae0-9d88-507024507a14,494fb35b-ea2e-5ea2-8e6a-da836c11e230,dac49113-c1bb-5b26-8af5-745de0febf46,d97309cb-eeb8-505a-9948-eec2d33394db,-112.74,USD,-112.74,,2026-02-23,ccb8e507-d6df-51d3-9c6b-2af43847184c,confirmed,,plaid,{'recurring': True},HOME DEPOT #7672 PURCHASE,0.88,,2026-02-23T00:00:00
ef85f4bc-290e-51ea-8f9d-17dced4f6e14,fb1ad2c1-a5b0-5ae0-9d88-507024507a14,de3e3182-4126-54b8-a5b3-1fbacfb03c9e,dac49113-c1bb-5b26-8af5-745de0febf46,8989e0bc-e443-55e5-9e3f-e2a8f32ee6d7,-15.49,USD,-15.49,,2026-02-23,65728c1d-c5db-50c9-baf0-84bb2cf68d11,confirmed,,manual,{},NETFLIX.COM,0.8,,2026-02-23T00:00:00
1a16a61c-81f4-5ab5-8b53-45274906ce66,fb1ad2c1-a5b0-5ae0-9d88-507024507a14,494fb35b-ea2e-5ea2-8e6a-da836c11e230,dac49113-c1bb-5b26-8af5-745de0febf46,158297b6-5a99-547c-9a9d-4e9a859d9dab,-9.23,USD,-9.23,,2026-02-23,de3f2bc4-947e-5d7b-a51e-d6da6178c1df,confirmed,,manual,{'recurring': True},STARBUCKS 3110 ,0.98,,2026-02-23T00:00:00
c65d6a1c-79c8-50ec-93f0-ec2b35cf7b96,532788bd-1641-5dc9-b246-c4397ed4af60,c7c53ab9-c6fe-5a0b-b3a8-36f12237d898,6a8ed953-2c24-5301-8d91-e6aa9dcfeadf,f573b94f-d6d1-51c3-a8dd-9f4c61a57329,-90.11,USD,-90.11,,2026-02-24,2d123316-c022-5b31-8284-b23e61b8e6d0,confirmed,,plaid,{},VERIZON WIRELESS 6249,0.78,,2026-02-24T00:00:00
740a519c-0f86-5db2-9087-d21a389481d2,532788bd-1641-5dc9-b246-c4397ed4af60,c7c53ab9-c6fe-5a0b-b3a8-36f12237d898,6a8ed953-2c24-5301-8d91-e6aa9dcfeadf,41d50eda-694c-5967-8780-12cd00399dab,-7.00,USD,-7.00,,2026-02-24,6beed52e-4ccd-593d-890d-ce94bd2b2745,confirmed,,plaid,{},DUNKIN',1.0,,2026-02-24T00:00:00
c5fc3c20-dc4f-5f31-ab2b-d8c9850f3faa,fb1ad2c1-a5b0-5ae0-9d88-507024507a14,de3e3182-4126-54b8-a5b3-1fbacfb03c9e,dac49113-c1bb-5b26-8af5-745de0febf46,d97309cb-eeb8-505a-9948-eec2d33394db,-241.24,USD,-241.24,,2026-02-24,ccb8e507-d6df-51d3-9c6b-2af43847184c,confirmed,,plaid,{},HOME DEPOT #6613 PAYMENT,0.76,,2026-02-24T00:00:00
c28698fe-5b17-5aaa-8ad1-6273ac411e52,532788bd-1641-5dc9-b246-c4397ed4af60,859c8fb0-d2a2-5d68-ad57-6ad36dcbffcc,6a8ed953-2c24-5301-8d91-e6aa9dcfeadf,a00cde6f-8b9f-5006-9541-fdeeb8008d4f,-103.94,USD,-103.94,,2026-02-25,d4c1f95d-47e8-52f6-8df9-eeb79b606fda,confirmed,,manual,{'recurring': True},Amazon.com 5681 PURCHASE,0.87,,2026-02-25T00:00:00
88da2972-5482-592a-8949-cdf4c1f692a1,fb1ad2c1-a5b0-5ae0-9d88-507024507a14,494fb35b-ea2e-5ea2-8e6a-da836c11e230,dac49113-c1bb-5b26-8af5-745de0febf46,d97309cb-eeb8-505a-9948-eec2d33394db,-177.30,USD,-177.30,,2026-02-25,ccb8e507-d6df-51d3-9c6b-2af43847184c,confirmed,,plaid,{},HOME DEPOT #4119 DEBIT,0.74,,2026-02-25T00:00:00
2d873d78-ab68-5d94-ad7e-16710e20e43b,fb1ad2c1-a5b0-5ae0-9d88-507024507a14,494fb35b-ea2e-5ea2-8e6a-da836c11e230,dac49113-c1bb-5b26-8af5-745de0febf46,808b3755-614e-5b7e-ba90-ef88c5558ae5,-24.80,USD,-24.80,,2026-02-25,51fda6e9-fdf8-5107-ac9c-83867d45beb7,confirmed,,manual,{},LYFT,0.83,,2026-02-25T00:00:00
cbfd3399-fcb3-53a4-9d92-abdf1f236922,532788bd-1641-5dc9-b246-c4397ed4af60,859c8fb0-d2a2-5d68-ad57-6ad36dcbffcc,6a8ed953-2c24-5301-8d91-e6aa9dcfeadf,4af9f4ae-4781-5cb6-8281-5c9f09d25ac0,-67.20,USD,-67.20,,2026-02-26,c163ef62-5201-5cb2-bf0d-781443a4e5aa,confirmed,,plaid,{},TARGET 6927 PURCHASE,0.87,,2026-02-26T00:00:00
a0c58b7d-8dd4-56a1-b086-b03d9cc16787,fb1ad2c1-a5b0-5ae0-9d88-507024507a14,de3e3182-4126-54b8-a5b3-1fbacfb03c9e,dac49113-c1bb-5b26-8af5-745de0febf46,41d50eda-694c-5967-8780-12cd00399dab,-7.01,USD,-7.01,,2026-02-26,fa112a1b-3269-5304-b7dc-1ef8de5dddc0,confirmed,,plaid,{},DUNKIN',0.84,,2026-02-26T00:00:00
e55ce085-f5c6-54e9-a700-a8008bcab0af,532788bd-1641-5dc9-b246-c4397ed4af60,859c8fb0-d2a2-5d68-ad57-6ad36dcbffcc,6a8ed953-2c24-5301-8d91-e6aa9dcfeadf,f573b94f-d6d1-51c3-a8dd-9f4c61a57329,-119.11,USD,-119.11,,2026-02-27,0c9330d7-1154-5540-9033-ff3ccdfd842d,confirmed,,manual,{},VERIZON WIRELESS 4665,0.97,,2026-02-27T00:00:00
84e0e0c2-261f-597c-a19e-37acf1dca4a2,fb1ad2c1-a5b0-5ae0-9d88-507024507a14,494fb35b-ea2e-5ea2-8e6a-da836c11e230,dac49113-c1bb-5b26-8af5-745de0febf46,f2a9ca2a-37af-503e-8036-0623ac1a9dbc,-15.61,USD,-15.61,,2026-02-27,c163ef62-5201-5cb2-bf0d-781443a4e5aa,confirmed,,manual,{'recurring': True},APPLE.COM/BILL,0.95,,2026-02-27T00:00:00
0cf8f337-856c-5352-83c2-803963636b58,532788bd-1641-5dc9-b246-c4397ed4af60,c7c53ab9-c6fe-5a0b-b3a8-36f12237d898,6a8ed953-2c24-5301-8d91-e6aa9dcfeadf,d97309cb-eeb8-505a-9948-eec2d33394db,-259.48,USD,-259.48,,2026-02-28,ccb8e507-d6df-51d3-9c6b-2af43847184c,confirmed,,plaid,{'recurring': True},HOME DEPOT #8424 ,0.98,,2026-02-28T00:00:00
64708d38-64f0-5687-8ff9-22a61bf65de2,fb1ad2c1-a5b0-5ae0-9d88-507024507a14,de3e3182-4126-54b8-a5b3-1fbacfb03c9e,dac49113-c1bb-5b26-8af5-745de0febf46,5813fb16-6db8-5fd5-9486-97b3414b3ad6,-47.01,USD,-47.01,,2026-02-28,83564403-ac9f-5db5-a4fb-344879db34db,confirmed,,manual,{},WHOLE FOODS 8253 PAYMENT,0.83,,2026-02-28T00:00:00
655b4450-d90e-5f75-84c6-361ed5ca35c9,fb1ad2c1-a5b0-5ae0-9d88-507024507a14,de3e3182-4126-54b8-a5b3-1fbacfb03c9e,dac49113-c1bb-5b26-8af5-745de0febf46,16a24acb-ea67-57eb-a942-246e8cd94297,-11.99,USD,-11.99,,2026-02-28,b2297a61-f8d6-53cc-b11d-49ea16c81db3,draft,,plaid,{},GOOGLE *YOUTUBE PREMIUM,0.77,,2026-02-28T00:00:00
150b7177-564c-5490-b9f9-572b3943a806,fb1ad2c1-a5b0-5ae0-9d88-507024507a14,de3e3182-4126-54b8-a5b3-1fbacfb03c9e,dac49113-c1bb-5b26-8af5-745de0febf46,68f0922a-39b9-507c-92a6-e2500de5f321,-84.71,USD,-84.71,,2026-02-28,83564403-ac9f-5db5-a4fb-344879db34db,confirmed,,plaid,{'recurring': True},COSTCO WHSE #8654,0.97,,2026-02-28T00:00:00
f5dc2b62-c888-5e39-a1b6-939ec742cbbf,532788bd-1641-5dc9-b246-c4397ed4af60,c7c53ab9-c6fe-5a0b-b3a8-36f12237d898,6a8ed953-2c24-5301-8d91-e6aa9dcfeadf,234091f8-66bb-5bb3-84d3-5acfb26b89bb,-14.09,USD,-14.09,,2026-03-01,f43ab923-88d2-5d30-b514-e67d3c90367a,confirmed,,manual,{},UBER *TRIP 9932,0.75,,2026-03-01T00:00:00
1ae8c22e-ce3c-5340-8228-552467a61b75,532788bd-1641-5dc9-b246-c4397ed4af60,859c8fb0-d2a2-5d68-ad57-6ad36dcbffcc,6a8ed953-2c24-5301-8d91-e6aa9dcfeadf,a00cde6f-8b9f-5006-9541-fdeeb8008d4f,-194.75,USD,-194.75,,2026-03-01,c41a2c56-8547-5a0c-aaec-8c24b93da49d,draft,,plaid,{},Amazon.com 5512 PAYMENT,0.9,,2026-03-01T00:00:00
0cb0a3ab-a712-54fa-ac09-5becc360e62f,fb1ad2c1-a5b0-5ae0-9d88-507024507a14,494fb35b-ea2e-5ea2-8e6a-da836c11e230,dac49113-c1bb-5b26-8af5-745de0febf46,4070c9b0-7b80-5ca4-9dcd-613c6df99208,-301.92,USD,-301.92,,2026-03-01,7dc4d185-914f-5736-9f4d-8756e08d9766,confirmed,,plaid,{},HILTON,0.96,,2026-03-01T00:00:00
89f996cb-5edf-54a9-ac62-92283724c544,fb1ad2c1-a5b0-5ae0-9d88-507024507a14,de3e3182-4126-54b8-a5b3-1fbacfb03c9e,dac49113-c1bb-5b26-8af5-745de0febf46,c9ef2dab-c18a-5c65-bdc7-b6b34f18356e,-14.14,USD,-14.14,,2026-03-01,78973b8a-ca75-5365-a413-1efb5fe538d0,confirmed,,manual,{},CVS PHARMACY #9947,0.91,,2026-03-01T00:00:00
a116f7ef-f162-581e-8c36-3c18fa0c1ac5,fb1ad2c1-a5b0-5ae0-9d88-507024507a14,494fb35b-ea2e-5ea2-8e6a-da836c11e230,dac49113-c1bb-5b26-8af5-745de0febf46,d97309cb-eeb8-505a-9948-eec2d33394db,-260.13,USD,-260.13,,2026-03-02,ccb8e507-d6df-51d3-9c6b-2af43847184c,confirmed,,manual,{},HOME DEPOT #1036 ,0.75,,2026-03-02T00:00:00
d1f02b6b-252e-553c-8950-c33580589818,fb1ad2c1-a5b0-5ae0-9d88-507024507a14,494fb35b-ea2e-5ea2-8e6a-da836c11e230,dac49113-c1bb-5b26-8af5-745de0febf46,f573b94f-d6d1-51c3-a8dd-9f4c61a57329,-128.81,USD,-128.81,,2026-03-02,06a5f4d3-67e1-5147-a99f-8e6859ddba5e,confirmed,,manual,{},VERIZON WIRELESS 7519,0.86,,2026-03-02T00:00:00
eb0d6cc1-79f0-585b-8394-8961f69d07d3,532788bd-1641-5dc9-b246-c4397ed4af60,c7c53ab9-c6fe-5a0b-b3a8-36f12237d898,6a8ed953-2c24-5301-8d91-e6aa9dcfeadf,8b093965-626b-562e-ba34-3a2ae16c7328,-31.19,USD,-31.19,,2026-03-04,875ccc19-66e7-5835-86a5-73be20384685,confirmed,,manual,{},PLANET FITNESS,0.79,,2026-03-04T00:00:00
7b1b8c3c-51f5-5415-852d-72303c291ab0,fb1ad2c1-a5b0-5ae0-9d88-507024507a14,de3e3182-4126-54b8-a5b3-1fbacfb03c9e,dac49113-c1bb-5b26-8af5-745de0febf46,234091f8-66bb-5bb3-84d3-5acfb26b89bb,-17.07,USD,-17.07,,2026-03-04,f43ab923-88d2-5d30-b514-e67d3c90367a,confirmed,,plaid,{},UBER *TRIP 1586,0.86,,2026-03-04T00:00:00
43a14768-e6cb-5cb8-9a41-e7bb01f683e6,532788bd-1641-5dc9-b246-c4397ed4af60,859c8fb0-d2a2-5d68-ad57-6ad36dcbffcc,6a8ed953-2c24-5301-8d91-e6aa9dcfeadf,1796e996-84d5-5ef5-a717-a953e2e49c08,-345.06,USD,-345.06,,2026-03-05,b7ec2236-fab9-5f74-9e59-c0476c5dccf2,confirmed,,manual,{},MARRIOTT,0.74,,2026-03-05T00:00:00
65169278-4cdd-589d-a113-2c38ae489cad,fb1ad2c1-a5b0-5ae0-9d88-507024507a14,494fb35b-ea2e-5ea2-8e6a-da836c11e230,dac49113-c1bb-5b26-8af5-745de0febf46,4af9f4ae-4781-5cb6-8281-5c9f09d25ac0,-45.21,USD,-45.21,,2026-03-05,d4c1f95d-47e8-52f6-8df9-eeb79b606fda,confirmed,,manual,{},TARGET 1625 PAYMENT,0.76,,2026-03-05T00:00:00
c936bccb-cd25-5fb2-93ef-e41e35e2f7d4,532788bd-1641-5dc9-b246-c4397ed4af60,c7c53ab9-c6fe-5a0b-b3a8-36f12237d898,6a8ed953-2c24-5301-8d91-e6aa9dcfeadf,b7475634-9a3f-5b47-9978-5578a1ceb107,-193.78,USD,-193.78,,2026-03-06,aee92619-ae79-565c-a988-70e59f94bc78,confirmed,,manual,{},MACY'S,0.87,,2026-03-06T00:00:00
c9d47c70-1c5c-5806-bcd3-49398c2d16bb,532788bd-1641-5dc9-b246-c4397ed4af60,859c8fb0-d2a2-5d68-ad57-6ad36dcbffcc,6a8ed953-2c24-5301-8d91-e6aa9dcfeadf,2d8b3f27-58fe-5583-8d7e-995c79ade98a,-48.50,USD,-48.50,,2026-03-06,83564403-ac9f-5db5-a4fb-344879db34db,confirmed,,plaid,{},KROGER #5819,0.92,,2026-03-06T00:00:00
eb1176cd-eef2-5deb-b41c-c6682534b399,532788bd-1641-5dc9-b246-c4397ed4af60,859c8fb0-d2a2-5d68-ad57-6ad36dcbffcc,6a8ed953-2c24-5301-8d91-e6aa9dcfeadf,8b093965-626b-562e-ba34-3a2ae16c7328,-27.48,USD,-27.48,,2026-03-06,8d5d7df5-91ea-5998-8eea-33179599a118,confirmed,,manual,{},PLANET FITNESS,0.9,,2026-03-06T00:00:00
7c3030a6-d935-57a4-af7e-aec2c35e4d1d,fb1ad2c1-a5b0-5ae0-9d88-507024507a14,de3e3182-4126-54b8-a5b3-1fbacfb03c9e,dac49113-c1bb-5b26-8af5-745de0febf46,f2a9ca2a-37af-503e-8036-0623ac1a9dbc,-6.15,USD,-6.15,,2026-03-06,c163ef62-5201-5cb2-bf0d-781443a4e5aa,confirmed,,plaid,{},APPLE.COM/BILL,0.88,,2026-03-06T00:00:00
455adaa6-46de-525d-929d-ef45b9eb2149,fb1ad2c1-a5b0-5ae0-9d88-507024507a14,de3e3182-4126-54b8-a5b3-1fbacfb03c9e,dac49113-c1bb-5b26-8af5-745de0febf46,bbc36a1d-bf0a-5d6c-ae4f-ff309f63cf39,-70.98,USD,-70.98,,2026-03-07,c163ef62-5201-5cb2-bf0d-781443a4e5aa,confirmed,,manual,{},BEST BUY,0.99,,2026-03-07T00:00:00
c9a978da-1b65-59af-8199-e8488180d54c,fb1ad2c1-a5b0-5ae0-9d88-507024507a14,de3e3182-4126-54b8-a5b3-1fbacfb03c9e,dac49113-c1bb-5b26-8af5-745de0febf46,d97309cb-eeb8-505a-9948-eec2d33394db,-235.31,USD,-235.31,,2026-03-07,ccb8e507-d6df-51d3-9c6b-2af43847184c,confirmed,,manual,{'recurring': True},HOME DEPOT #4673 DEBIT,0.97,,2026-03-07T00:00:00
e73fcc1d-8cfd-5ae2-b4f2-847551eda2f4,532788bd-1641-5dc9-b246-c4397ed4af60,c7c53ab9-c6fe-5a0b-b3a8-36f12237d898,6a8ed953-2c24-5301-8d91-e6aa9dcfeadf,d97309cb-eeb8-505a-9948-eec2d33394db,-180.86,USD,-180.86,,2026-03-08,ccb8e507-d6df-51d3-9c6b-2af43847184c,confirmed,,manual,{},HOME DEPOT #2409 PAYMENT,0.79,,2026-03-08T00:00:00
f8aaa351-a0e6-596e-8583-c15af2591b42,532788bd-1641-5dc9-b246-c4397ed4af60,859c8fb0-d2a2-5d68-ad57-6ad36dcbffcc,6a8ed953-2c24-5301-8d91-e6aa9dcfeadf,d97309cb-eeb8-505a-9948-eec2d33394db,-95.79,USD,-95.79,,2026-03-08,077786c2-88f8-517e-9a65-266b802523c4,confirmed,,manual,{},HOME DEPOT #6797 PURCHASE,0.86,,2026-03-08T00:00:00
748c091f-6f9f-54e9-9b5f-278d194b05a0,532788bd-1641-5dc9-b246-c4397ed4af60,859c8fb0-d2a2-5d68-ad57-6ad36dcbffcc,6a8ed953-2c24-5301-8d91-e6aa9dcfeadf,d97309cb-eeb8-505a-9948-eec2d33394db,-129.63,USD,-129.63,,2026-03-09,ccb8e507-d6df-51d3-9c6b-2af43847184c,confirmed,,manual,{'recurring': True},HOME DEPOT #8014 ,0.88,,2026-03-09T00:00:00
95bb670f-910c-5145-89df-cbb915909669,532788bd-1641-5dc9-b246-c4397ed4af60,859c8fb0-d2a2-5d68-ad57-6ad36dcbffcc,6a8ed953-2c24-5301-8d91-e6aa9dcfeadf,c905592e-a82b-5c8e-904a-d39c475430ef,-62.31,USD,-62.31,,2026-03-09,f43ab923-88d2-5d30-b514-e67d3c90367a,confirmed,,manual,{'recurring': True},SHELL OIL 6444 DEBIT,0.71,,2026-03-09T00:00:00
bae2ef2a-a984-5bfb-aee9-ad0c2a2e862a,fb1ad2c1-a5b0-5ae0-9d88-507024507a14,494fb35b-ea2e-5ea2-8e6a-da836c11e230,dac49113-c1bb-5b26-8af5-745de0febf46,f573b94f-d6d1-51c3-a8dd-9f4c61a57329,-73.52,USD,-73.52,,2026-03-09,0c9330d7-1154-5540-9033-ff3ccdfd842d,confirmed,,manual,{},VERIZON WIRELESS 6199,0.71,,2026-03-09T00:00:00
1e42b283-1760-5164-9ad3-1ea2ca57e9dd,fb1ad2c1-a5b0-5ae0-9d88-507024507a14,de3e3182-4126-54b8-a5b3-1fbacfb03c9e,dac49113-c1bb-5b26-8af5-745de0febf46,234091f8-66bb-5bb3-84d3-5acfb26b89bb,-17.09,USD,-17.09,,2026-03-09,f43ab923-88d2-5d30-b514-e67d3c90367a,confirmed,,plaid,{},UBER *TRIP 7321,0.97,,2026-03-09T00:00:00
d09855fe-cbd8-52f3-a90f-729cefe2384e,532788bd-1641-5dc9-b246-c4397ed4af60,c7c53ab9-c6fe-5a0b-b3a8-36f12237d898,6a8ed953-2c24-5301-8d91-e6aa9dcfeadf,d97309cb-eeb8-505a-9948-eec2d33394db,-276.98,USD,-276.98,,2026-03-10,077786c2-88f8-517e-9a65-266b802523c4,confirmed,,plaid,{},HOME DEPOT #2140 PURCHASE,0.94,,2026-03-10T00:00:00
fe064046-d9be-5aec-8189-f48dfa598faf,fb1ad2c1-a5b0-5ae0-9d88-507024507a14,de3e3182-4126-54b8-a5b3-1fbacfb03c9e,dac49113-c1bb-5b26-8af5-745de0febf46,d97309cb-eeb8-505a-9948-eec2d33394db,-73.13,USD,-73.13,,2026-03-10,ccb8e507-d6df-51d3-9c6b-2af43847184c,confirmed,,manual,{},HOME DEPOT #1396 PURCHASE,0.73,,2026-03-10T00:00:00
e3cc5802-1b62-517d-8d92-15060721872c,fb1ad2c1-a5b0-5ae0-9d88-507024507a14,de3e3182-4126-54b8-a5b3-1fbacfb03c9e,dac49113-c1bb-5b26-8af5-745de0febf46,4070c9b0-7b80-5ca4-9dcd-613c6df99208,-140.75,USD,-140.75,,2026-03-10,79c60cc2-48aa-5f74-8871-3cb616b26e25,confirmed,,plaid,{},HILTON,0.82,,2026-03-10T00:00:00
cba706b0-2600-5aec-8ab0-490ffc116a50,fb1ad2c1-a5b0-5ae0-9d88-507024507a14,de3e3182-4126-54b8-a5b3-1fbacfb03c9e,dac49113-c1bb-5b26-8af5-745de0febf46,41d50eda-694c-5967-8780-12cd00399dab,-4.23,USD,-4.23,,2026-03-10,fa112a1b-3269-5304-b7dc-1ef8de5dddc0,confirmed,,plaid,{'recurring': True},DUNKIN',0.9,,2026-03-10T00:00:00
f0cf41de-a038-538f-bda1-1ba86ba51c25,532788bd-1641-5dc9-b246-c4397ed4af60,c7c53ab9-c6fe-5a0b-b3a8-36f12237d898,6a8ed953-2c24-5301-8d91-e6aa9dcfeadf,c905592e-a82b-5c8e-904a-d39c475430ef,-41.42,USD,-41.42,,2026-03-11,d765f3b4-e63d-5ea7-8e05-58458f986634,confirmed,,manual,{},SHELL OIL 2651 ,0.77,,2026-03-11T00:00:00
d473f239-205e-5135-8384-8b524671997f,532788bd-1641-5dc9-b246-c4397ed4af60,859c8fb0-d2a2-5d68-ad57-6ad36dcbffcc,6a8ed953-2c24-5301-8d91-e6aa9dcfeadf,d97309cb-eeb8-505a-9948-eec2d33394db,-239.97,USD,-239.97,,2026-03-11,ccb8e507-d6df-51d3-9c6b-2af43847184c,confirmed,,manual,{},HOME DEPOT #6047 PAYMENT,0.84,,2026-03-11T00:00:00
7dea05b0-625d-5e83-8dcc-f718965f63ea,532788bd-1641-5dc9-b246-c4397ed4af60,c7c53ab9-c6fe-5a0b-b3a8-36f12237d898,6a8ed953-2c24-5301-8d91-e6aa9dcfeadf,d97309cb-eeb8-505a-9948-eec2d33394db,-283.44,USD,-283.44,,2026-03-11,ccb8e507-d6df-51d3-9c6b-2af43847184c,confirmed,,manual,{},HOME DEPOT #5159 ,0.83,,2026-03-11T00:00:00
14b7bd90-0d85-52cb-96d2-5b3fbc2aab31,fb1ad2c1-a5b0-5ae0-9d88-507024507a14,de3e3182-4126-54b8-a5b3-1fbacfb03c9e,dac49113-c1bb-5b26-8af5-745de0febf46,d97309cb-eeb8-505a-9948-eec2d33394db,-61.20,USD,-61.20,,2026-03-11,ccb8e507-d6df-51d3-9c6b-2af43847184c,confirmed,,plaid,{},HOME DEPOT #8676 ,0.97,,2026-03-11T00:00:00
1c0d2844-60c0-546b-99ae-4b27e35b5ca9,532788bd-1641-5dc9-b246-c4397ed4af60,c7c53ab9-c6fe-5a0b-b3a8-36f12237d898,6a8ed953-2c24-5301-8d91-e6aa9dcfeadf,68f0922a-39b9-507c-92a6-e2500de5f321,-202.11,USD,-202.11,,2026-03-12,83564403-ac9f-5db5-a4fb-344879db34db,confirmed,,manual,{},COSTCO WHSE #1662,0.82,,2026-03-12T00:00:00
8454d687-1bc5-5efe-a3f1-f6c721ac4b8d,532788bd-1641-5dc9-b246-c4397ed4af60,c7c53ab9-c6fe-5a0b-b3a8-36f12237d898,6a8ed953-2c24-5301-8d91-e6aa9dcfeadf,234091f8-66bb-5bb3-84d3-5acfb26b89bb,-14.73,USD,-14.73,,2026-03-13,51fda6e9-fdf8-5107-ac9c-83867d45beb7,confirmed,,plaid,{},UBER *TRIP 2886,0.73,,2026-03-13T00:00:00
14fce825-9b18-58a7-9057-7a94bf07bf3c,532788bd-1641-5dc9-b246-c4397ed4af60,859c8fb0-d2a2-5d68-ad57-6ad36dcbffcc,6a8ed953-2c24-5301-8d91-e6aa9dcfeadf,1796e996-84d5-5ef5-a717-a953e2e49c08,-266.64,USD,-266.64,,2026-03-13,7dc4d185-914f-5736-9f4d-8756e08d9766,confirmed,,manual,{},MARRIOTT,0.81,,2026-03-13T00:00:00
3a7c2dde-60a6-5f98-9164-a7e5e645d0ea,fb1ad2c1-a5b0-5ae0-9d88-507024507a14,de3e3182-4126-54b8-a5b3-1fbacfb03c9e,dac49113-c1bb-5b26-8af5-745de0febf46,f573b94f-d6d1-51c3-a8dd-9f4c61a57329,-111.99,USD,-111.99,,2026-03-13,0c9330d7-1154-5540-9033-ff3ccdfd842d,confirmed,,plaid,{},VERIZON WIRELESS 4243,0.8,,2026-03-13T00:00:00
b1c0e322-3b08-5483-bf0a-73e196be3242,fb1ad2c1-a5b0-5ae0-9d88-507024507a14,494fb35b-ea2e-5ea2-8e6a-da836c11e230,dac49113-c1bb-5b26-8af5-745de0febf46,bea56dd3-0d8f-5b9e-8688-1f2c3fcc2a11,-15.99,USD,-15.99,,2026-03-13,5638caff-364a-55b0-9433-607e4844f64b,confirmed,,manual,{},CHIPOTLE 5621 PURCHASE,0.87,,2026-03-13T00:00:00
ebad581d-e31c-578a-8e36-f512e575469e,532788bd-1641-5dc9-b246-c4397ed4af60,c7c53ab9-c6fe-5a0b-b3a8-36f12237d898,6a8ed953-2c24-5301-8d91-e6aa9dcfeadf,d97309cb-eeb8-505a-9948-eec2d33394db,-48.82,USD,-48.82,,2026-03-14,ccb8e507-d6df-51d3-9c6b-2af43847184c,confirmed,,manual,{},HOME DEPOT #7944 PAYMENT,0.93,,2026-03-14T00:00:00
cbac3eab-9bff-5ac4-92ad-9ef7604d6af4,532788bd-1641-5dc9-b246-c4397ed4af60,c7c53ab9-c6fe-5a0b-b3a8-36f12237d898,6a8ed953-2c24-5301-8d91-e6aa9dcfeadf,7d5663eb-5e52-5077-9815-788af0c1bfc3,-9.79,USD,-9.79,,2026-03-14,fa112a1b-3269-5304-b7dc-1ef8de5dddc0,confirmed,,manual,{},MCDONALD'S #1988,0.92,,2026-03-14T00:00:00
337dda96-ee3a-514a-a999-02278e9874e4,fb1ad2c1-a5b0-5ae0-9d88-507024507a14,de3e3182-4126-54b8-a5b3-1fbacfb03c9e,dac49113-c1bb-5b26-8af5-745de0febf46,d97309cb-eeb8-505a-9948-eec2d33394db,-287.63,USD,-287.63,,2026-03-14,ccb8e507-d6df-51d3-9c6b-2af43847184c,confirmed,,manual,{},HOME DEPOT #7933 PAYMENT,0.9,,2026-03-14T00:00:00
db1f5e4b-8fe2-5839-b397-3b8443124c70,fb1ad2c1-a5b0-5ae0-9d88-507024507a14,494fb35b-ea2e-5ea2-8e6a-da836c11e230,dac49113-c1bb-5b26-8af5-745de0febf46,7d5663eb-5e52-5077-9815-788af0c1bfc3,-7.51,USD,-7.51,,2026-03-14,fa112a1b-3269-5304-b7dc-1ef8de5dddc0,confirmed,,manual,{},MCDONALD'S #5114,0.72,,2026-03-14T00:00:00
7a3ed9df-5af4-526c-b851-9ad2bfe40448,fb1ad2c1-a5b0-5ae0-9d88-507024507a14,494fb35b-ea2e-5ea2-8e6a-da836c11e230,dac49113-c1bb-5b26-8af5-745de0febf46,c9ef2dab-c18a-5c65-bdc7-b6b34f18356e,-8.76,USD,-8.76,,2026-03-14,f4256214-1f20-597d-abac-553feefc5cd8,confirmed,,plaid,{},CVS PHARMACY #6615,0.82,,2026-03-14T00:00:00
62169d52-5b4a-5310-857b-98bdd1e769f0,532788bd-1641-5dc9-b246-c4397ed4af60,c7c53ab9-c6fe-5a0b-b3a8-36f12237d898,6a8ed953-2c24-5301-8d91-e6aa9dcfeadf,d97309cb-eeb8-505a-9948-eec2d33394db,-19.97,USD,-19.97,,2026-03-15,077786c2-88f8-517e-9a65-266b802523c4,confirmed,,manual,{},HOME DEPOT #6716 PAYMENT,0.85,,2026-03-15T00:00:00
2ab7bf00-55da-5088-b9f4-f5dc70fe1724,532788bd-1641-5dc9-b246-c4397ed4af60,c7c53ab9-c6fe-5a0b-b3a8-36f12237d898,6a8ed953-2c24-5301-8d91-e6aa9dcfeadf,b8eadc23-f654-5613-9f2a-cf111cf0ed88,-21.51,USD,-21.51,,2026-03-15,83564403-ac9f-5db5-a4fb-344879db34db,confirmed,,manual,{},TRADER JOE'S #2111,0.74,,2026-03-15T00:00:00
587a4720-4947-5dec-b405-7ed14c151204,fb1ad2c1-a5b0-5ae0-9d88-507024507a14,494fb35b-ea2e-5ea2-8e6a-da836c11e230,dac49113-c1bb-5b26-8af5-745de0febf46,bbc36a1d-bf0a-5d6c-ae4f-ff309f63cf39,-21.45,USD,-21.45,,2026-03-15,af424ab5-dcc2-5aa4-802d-53e8e99d4579,confirmed,,plaid,{},BEST BUY,0.88,,2026-03-15T00:00:00
e74523da-2f9e-5350-a30c-2cdcbdb1eb46,fb1ad2c1-a5b0-5ae0-9d88-507024507a14,494fb35b-ea2e-5ea2-8e6a-da836c11e230,dac49113-c1bb-5b26-8af5-745de0febf46,d97309cb-eeb8-505a-9948-eec2d33394db,-85.75,USD,-85.75,,2026-03-15,ccb8e507-d6df-51d3-9c6b-2af43847184c,confirmed,,manual,{},HOME DEPOT #8158 PURCHASE,0.97,,2026-03-15T00:00:00
705c238b-6630-50b6-a4e0-935997913af0,fb1ad2c1-a5b0-5ae0-9d88-507024507a14,de3e3182-4126-54b8-a5b3-1fbacfb03c9e,dac49113-c1bb-5b26-8af5-745de0febf46,d97309cb-eeb8-505a-9948-eec2d33394db,-62.07,USD,-62.07,,2026-03-15,077786c2-88f8-517e-9a65-266b802523c4,confirmed,,manual,{'recurring': True},HOME DEPOT #1431 PURCHASE,0.86,,2026-03-15T00:00:00
3e0aa875-c478-5f5e-92c6-03423dee37a0,532788bd-1641-5dc9-b246-c4397ed4af60,c7c53ab9-c6fe-5a0b-b3a8-36f12237d898,6a8ed953-2c24-5301-8d91-e6aa9dcfeadf,78bab17d-4ce4-5345-97e7-6969d2e7a5e9,-390.10,USD,-390.10,,2026-03-16,7dc4d185-914f-5736-9f4d-8756e08d9766,draft,,manual,{},DELTA AIR LINES 2834,0.86,,2026-03-16T00:00:00
d9be8432-b172-5706-ac7c-369c6937a7d3,532788bd-1641-5dc9-b246-c4397ed4af60,c7c53ab9-c6fe-5a0b-b3a8-36f12237d898,6a8ed953-2c24-5301-8d91-e6aa9dcfeadf,78bab17d-4ce4-5345-97e7-6969d2e7a5e9,-780.83,USD,-780.83,,2026-03-16,b7ec2236-fab9-5f74-9e59-c0476c5dccf2,confirmed,,manual,{},DELTA AIR LINES 5982,0.96,,2026-03-16T00:00:00
c7bf0ffe-1e7e-557f-a702-63cc15397e05,532788bd-1641-5dc9-b246-c4397ed4af60,c7c53ab9-c6fe-5a0b-b3a8-36f12237d898,6a8ed953-2c24-5301-8d91-e6aa9dcfeadf,1796e996-84d5-5ef5-a717-a953e2e49c08,-393.13,USD,-393.13,,2026-03-16,b7ec2236-fab9-5f74-9e59-c0476c5dccf2,confirmed,,plaid,{},MARRIOTT,0.71,,2026-03-16T00:00:00
3eafd692-55a1-52e0-950b-02d1ba0204c0,fb1ad2c1-a5b0-5ae0-9d88-507024507a14,de3e3182-4126-54b8-a5b3-1fbacfb03c9e,dac49113-c1bb-5b26-8af5-745de0febf46,4af9f4ae-4781-5cb6-8281-5c9f09d25ac0,-102.63,USD,-102.63,,2026-03-16,12915486-2f7b-557e-9d40-6d2f4442ed6d,confirmed,,manual,{'recurring': True},TARGET 5907 ,0.85,,2026-03-16T00:00:00
c3c93e40-4167-59b9-b603-60745a0ebcf7,fb1ad2c1-a5b0-5ae0-9d88-507024507a14,de3e3182-4126-54b8-a5b3-1fbacfb03c9e,dac49113-c1bb-5b26-8af5-745de0febf46,d97309cb-eeb8-505a-9948-eec2d33394db,-65.45,USD,-65.45,,2026-03-16,bdba84aa-8286-5caf-8252-985e2f2f3c1a,confirmed,,manual,{},HOME DEPOT #6460 ,0.96,,2026-03-16T00:00:00
0f43165a-4c2a-57b9-8917-50a96d0e0a60,532788bd-1641-5dc9-b246-c4397ed4af60,c7c53ab9-c6fe-5a0b-b3a8-36f12237d898,6a8ed953-2c24-5301-8d91-e6aa9dcfeadf,1796e996-84d5-5ef5-a717-a953e2e49c08,-358.77,USD,-358.77,,2026-03-17,b7ec2236-fab9-5f74-9e59-c0476c5dccf2,confirmed,,manual,{'recurring': True},MARRIOTT,0.83,,2026-03-17T00:00:00
68e17f81-0dca-5eb4-8fb1-cd339a61c8b1,fb1ad2c1-a5b0-5ae0-9d88-507024507a14,494fb35b-ea2e-5ea2-8e6a-da836c11e230,dac49113-c1bb-5b26-8af5-745de0febf46,bea56dd3-0d8f-5b9e-8688-1f2c3fcc2a11,-9.92,USD,-9.92,,2026-03-17,fa112a1b-3269-5304-b7dc-1ef8de5dddc0,confirmed,,manual,{},CHIPOTLE 6825 PURCHASE,0.86,,2026-03-17T00:00:00
9d1f642e-0810-54ea-a1e8-2355c26d0bbd,fb1ad2c1-a5b0-5ae0-9d88-507024507a14,494fb35b-ea2e-5ea2-8e6a-da836c11e230,dac49113-c1bb-5b26-8af5-745de0febf46,d97309cb-eeb8-505a-9948-eec2d33394db,-116.96,USD,-116.96,,2026-03-17,bdba84aa-8286-5caf-8252-985e2f2f3c1a,confirmed,,manual,{},HOME DEPOT #7674 DEBIT,0.97,,2026-03-17T00:00:00
d0ca7b90-eb6b-5931-a07a-f0a6ed9d366a,fb1ad2c1-a5b0-5ae0-9d88-507024507a14,494fb35b-ea2e-5ea2-8e6a-da836c11e230,dac49113-c1bb-5b26-8af5-745de0febf46,68f0922a-39b9-507c-92a6-e2500de5f321,-100.79,USD,-100.79,,2026-03-17,83564403-ac9f-5db5-a4fb-344879db34db,confirmed,,manual,{},COSTCO WHSE #6208,0.94,,2026-03-17T00:00:00
d1f76f77-f5b9-592d-a736-8debb0317d0e,532788bd-1641-5dc9-b246-c4397ed4af60,c7c53ab9-c6fe-5a0b-b3a8-36f12237d898,6a8ed953-2c24-5301-8d91-e6aa9dcfeadf,f573b94f-d6d1-51c3-a8dd-9f4c61a57329,-121.31,USD,-121.31,,2026-03-18,7c8fb462-7d13-54a2-8a1d-9974bce7d252,confirmed,,manual,{},VERIZON WIRELESS 2587,0.95,,2026-03-18T00:00:00
afc8438a-9327-524f-b235-7f970962974a,fb1ad2c1-a5b0-5ae0-9d88-507024507a14,de3e3182-4126-54b8-a5b3-1fbacfb03c9e,dac49113-c1bb-5b26-8af5-745de0febf46,d97309cb-eeb8-505a-9948-eec2d33394db,-284.95,USD,-284.95,,2026-03-18,ccb8e507-d6df-51d3-9c6b-2af43847184c,confirmed,,manual,{},HOME DEPOT #7485 ,0.91,,2026-03-18T00:00:00
ed5d1cd6-8fff-5ffb-be54-6581f85c5ebc,fb1ad2c1-a5b0-5ae0-9d88-507024507a14,494fb35b-ea2e-5ea2-8e6a-da836c11e230,dac49113-c1bb-5b26-8af5-745de0febf46,c905592e-a82b-5c8e-904a-d39c475430ef,-36.48,USD,-36.48,,2026-03-18,51fda6e9-fdf8-5107-ac9c-83867d45beb7,confirmed,,manual,{'recurring': True},SHELL OIL 3958 DEBIT,0.77,,2026-03-18T00:00:00
8b6ee4fd-e27f-5860-8f19-bc24702c13fc,532788bd-1641-5dc9-b246-c4397ed4af60,c7c53ab9-c6fe-5a0b-b3a8-36f12237d898,6a8ed953-2c24-5301-8d91-e6aa9dcfeadf,7d5663eb-5e52-5077-9815-788af0c1bfc3,-13.33,USD,-13.33,,2026-03-19,de3f2bc4-947e-5d7b-a51e-d6da6178c1df,confirmed,,plaid,{},MCDONALD'S #7901,0.87,,2026-03-19T00:00:00
e5ff129d-fc2e-5e91-a981-1e4bfc07e5a6,fb1ad2c1-a5b0-5ae0-9d88-507024507a14,de3e3182-4126-54b8-a5b3-1fbacfb03c9e,dac49113-c1bb-5b26-8af5-745de0febf46,d97309cb-eeb8-505a-9948-eec2d33394db,-104.70,USD,-104.70,,2026-03-19,077786c2-88f8-517e-9a65-266b802523c4,confirmed,,manual,{},HOME DEPOT #8259 PAYMENT,0.93,,2026-03-19T00:00:00
ed45948d-459a-58c3-baeb-3af054097e1f,532788bd-1641-5dc9-b246-c4397ed4af60,c7c53ab9-c6fe-5a0b-b3a8-36f12237d898,6a8ed953-2c24-5301-8d91-e6aa9dcfeadf,d553f2a4-b2c8-570b-8de4-81fa86437869,-11.28,USD,-11.28,,2026-03-20,83564403-ac9f-5db5-a4fb-344879db34db,confirmed,,manual,{},WAL-MART #4059,0.93,,2026-03-20T00:00:00
84ab2e8d-cbbb-5f9b-b78f-f06424b2ce0f,532788bd-1641-5dc9-b246-c4397ed4af60,859c8fb0-d2a2-5d68-ad57-6ad36dcbffcc,6a8ed953-2c24-5301-8d91-e6aa9dcfeadf,a00cde6f-8b9f-5006-9541-fdeeb8008d4f,-153.30,USD,-153.30,,2026-03-20,c163ef62-5201-5cb2-bf0d-781443a4e5aa,confirmed,,manual,{'recurring': True},AMZN MKTP US*8775,0.74,,2026-03-20T00:00:00
a59f5fd7-ba3f-572d-a4f8-6f58007f58c2,fb1ad2c1-a5b0-5ae0-9d88-507024507a14,de3e3182-4126-54b8-a5b3-1fbacfb03c9e,dac49113-c1bb-5b26-8af5-745de0febf46,78bab17d-4ce4-5345-97e7-6969d2e7a5e9,-755.14,USD,-755.14,,2026-03-20,b7ec2236-fab9-5f74-9e59-c0476c5dccf2,confirmed,,plaid,{},DELTA AIR LINES 3210,0.83,,2026-03-20T00:00:00
c8c5449f-8168-5da1-a0b6-696706596f91,fb1ad2c1-a5b0-5ae0-9d88-507024507a14,de3e3182-4126-54b8-a5b3-1fbacfb03c9e,dac49113-c1bb-5b26-8af5-745de0febf46,d97309cb-eeb8-505a-9948-eec2d33394db,-80.21,USD,-80.21,,2026-03-20,ccb8e507-d6df-51d3-9c6b-2af43847184c,confirmed,,manual,{'recurring': True},HOME DEPOT #4735 ,0.86,,2026-03-20T00:00:00
9f0c10e8-7a17-52b2-8d93-bfba20df0064,532788bd-1641-5dc9-b246-c4397ed4af60,c7c53ab9-c6fe-5a0b-b3a8-36f12237d898,6a8ed953-2c24-5301-8d91-e6aa9dcfeadf,d97309cb-eeb8-505a-9948-eec2d33394db,-200.88,USD,-200.88,,2026-03-21,ccb8e507-d6df-51d3-9c6b-2af43847184c,confirmed,,plaid,{},HOME DEPOT #4224 DEBIT,0.91,,2026-03-21T00:00:00
e8b67299-fa73-5fd2-bae7-ce43bdfdf391,fb1ad2c1-a5b0-5ae0-9d88-507024507a14,494fb35b-ea2e-5ea2-8e6a-da836c11e230,dac49113-c1bb-5b26-8af5-745de0febf46,c9ef2dab-c18a-5c65-bdc7-b6b34f18356e,-38.68,USD,-38.68,,2026-03-21,78973b8a-ca75-5365-a413-1efb5fe538d0,confirmed,,plaid,{},CVS PHARMACY #6389,0.86,,2026-03-21T00:00:00
b74ca726-b1e6-5d07-a7d4-c66da59ec249,fb1ad2c1-a5b0-5ae0-9d88-507024507a14,de3e3182-4126-54b8-a5b3-1fbacfb03c9e,dac49113-c1bb-5b26-8af5-745de0febf46,b7475634-9a3f-5b47-9978-5578a1ceb107,-214.99,USD,-214.99,,2026-03-21,aee92619-ae79-565c-a988-70e59f94bc78,confirmed,,manual,{},MACY'S,0.91,,2026-03-21T00:00:00
2a6b08d0-f575-5ede-9e08-bddc912aa3dc,532788bd-1641-5dc9-b246-c4397ed4af60,859c8fb0-d2a2-5d68-ad57-6ad36dcbffcc,6a8ed953-2c24-5301-8d91-e6aa9dcfeadf,b7475634-9a3f-5b47-9978-5578a1ceb107,-75.41,USD,-75.41,,2026-03-22,af424ab5-dcc2-5aa4-802d-53e8e99d4579,confirmed,,manual,{'recurring': True},MACY'S,0.92,,2026-03-22T00:00:00
408785e7-f556-51a1-a1b2-501e6903bac4,532788bd-1641-5dc9-b246-c4397ed4af60,859c8fb0-d2a2-5d68-ad57-6ad36dcbffcc,6a8ed953-2c24-5301-8d91-e6aa9dcfeadf,7d5663eb-5e52-5077-9815-788af0c1bfc3,-13.85,USD,-13.85,,2026-03-22,6beed52e-4ccd-593d-890d-ce94bd2b2745,confirmed,,plaid,{'recurring': True},MCDONALD'S #6152,0.73,,2026-03-22T00:00:00
14fd7237-ca22-5de6-8cc2-a2bdeee817d2,fb1ad2c1-a5b0-5ae0-9d88-507024507a14,494fb35b-ea2e-5ea2-8e6a-da836c11e230,dac49113-c1bb-5b26-8af5-745de0febf46,d97309cb-eeb8-505a-9948-eec2d33394db,-217.48,USD,-217.48,,2026-03-22,077786c2-88f8-517e-9a65-266b802523c4,confirmed,,plaid,{},HOME DEPOT #3165 PURCHASE,0.75,,2026-03-22T00:00:00
b282a1cf-6062-59f5-b867-72b86b96d711,fb1ad2c1-a5b0-5ae0-9d88-507024507a14,de3e3182-4126-54b8-a5b3-1fbacfb03c9e,dac49113-c1bb-5b26-8af5-745de0febf46,d97309cb-eeb8-505a-9948-eec2d33394db,-146.47,USD,-146.47,,2026-03-22,ccb8e507-d6df-51d3-9c6b-2af43847184c,confirmed,,manual,{},HOME DEPOT #1742 DEBIT,0.74,,2026-03-22T00:00:00
0ea06ed6-d6c6-5218-8f1e-31243e8fa5eb,532788bd-1641-5dc9-b246-c4397ed4af60,c7c53ab9-c6fe-5a0b-b3a8-36f12237d898,6a8ed953-2c24-5301-8d91-e6aa9dcfeadf,b8eadc23-f654-5613-9f2a-cf111cf0ed88,-71.31,USD,-71.31,,2026-03-23,83564403-ac9f-5db5-a4fb-344879db34db,confirmed,,manual,{},TRADER JOE'S #1571,0.93,,2026-03-23T00:00:00
7db5f932-304a-5e49-9052-c70205717ebf,532788bd-1641-5dc9-b246-c4397ed4af60,c7c53ab9-c6fe-5a0b-b3a8-36f12237d898,6a8ed953-2c24-5301-8d91-e6aa9dcfeadf,c9ef2dab-c18a-5c65-bdc7-b6b34f18356e,-38.34,USD,-38.34,,2026-03-23,78973b8a-ca75-5365-a413-1efb5fe538d0,confirmed,,manual,{},CVS PHARMACY #2221,0.99,,2026-03-23T00:00:00
bbbef17d-9697-5c4c-9949-e7a787866d19,532788bd-1641-5dc9-b246-c4397ed4af60,c7c53ab9-c6fe-5a0b-b3a8-36f12237d898,6a8ed953-2c24-5301-8d91-e6aa9dcfeadf,d97309cb-eeb8-505a-9948-eec2d33394db,-276.10,USD,-276.10,,2026-03-23,ccb8e507-d6df-51d3-9c6b-2af43847184c,draft,,manual,{'recurring': True},HOME DEPOT #2479 PURCHASE,0.86,,2026-03-23T00:00:00
b01ee0b0-47e7-54dd-8c08-3d910a0f6caf,fb1ad2c1-a5b0-5ae0-9d88-507024507a14,de3e3182-4126-54b8-a5b3-1fbacfb03c9e,dac49113-c1bb-5b26-8af5-745de0febf46,234091f8-66bb-5bb3-84d3-5acfb26b89bb,-23.12,USD,-23.12,,2026-03-23,d765f3b4-e63d-5ea7-8e05-58458f986634,confirmed,,manual,{},UBER *TRIP 6965,0.84,,2026-03-23T00:00:00
d2110d25-6636-57bb-aa24-ea7b6d731597,532788bd-1641-5dc9-b246-c4397ed4af60,c7c53ab9-c6fe-5a0b-b3a8-36f12237d898,6a8ed953-2c24-5301-8d91-e6aa9dcfeadf,d97309cb-eeb8-505a-9948-eec2d33394db,-266.14,USD,-266.14,,2026-03-24,ccb8e507-d6df-51d3-9c6b-2af43847184c,confirmed,,manual,{'recurring': True},HOME DEPOT #9552 PURCHASE,0.87,,2026-03-24T00:00:00
9e830d6c-fa2a-55e4-a53f-efc6187c4812,fb1ad2c1-a5b0-5ae0-9d88-507024507a14,494fb35b-ea2e-5ea2-8e6a-da836c11e230,dac49113-c1bb-5b26-8af5-745de0febf46,4070c9b0-7b80-5ca4-9dcd-613c6df99208,-137.12,USD,-137.12,,2026-03-24,79c60cc2-48aa-5f74-8871-3cb616b26e25,confirmed,,manual,{},HILTON,0.74,,2026-03-24T00:00:00
efd80e9e-d70e-547b-9c3c-e076fecf00f9,fb1ad2c1-a5b0-5ae0-9d88-507024507a14,494fb35b-ea2e-5ea2-8e6a-da836c11e230,dac49113-c1bb-5b26-8af5-745de0febf46,d97309cb-eeb8-505a-9948-eec2d33394db,-105.90,USD,-105.90,,2026-03-24,ccb8e507-d6df-51d3-9c6b-2af43847184c,confirmed,,manual,{},HOME DEPOT #3318 PURCHASE,0.7,,2026-03-24T00:00:00
50dfcba3-a13d-5602-920f-2d0e97ca36e9,fb1ad2c1-a5b0-5ae0-9d88-507024507a14,de3e3182-4126-54b8-a5b3-1fbacfb03c9e,dac49113-c1bb-5b26-8af5-745de0febf46,d97309cb-eeb8-505a-9948-eec2d33394db,-278.72,USD,-278.72,,2026-03-24,ccb8e507-d6df-51d3-9c6b-2af43847184c,confirmed,,plaid,{'recurring': True},HOME DEPOT #5507 DEBIT,0.78,,2026-03-24T00:00:00
665c6a01-7497-515f-8f63-4227e1905fe2,fb1ad2c1-a5b0-5ae0-9d88-507024507a14,494fb35b-ea2e-5ea2-8e6a-da836c11e230,dac49113-c1bb-5b26-8af5-745de0febf46,b7475634-9a3f-5b47-9978-5578a1ceb107,-21.16,USD,-21.16,,2026-03-25,aee92619-ae79-565c-a988-70e59f94bc78,confirmed,,plaid,{},MACY'S,0.78,,2026-03-25T00:00:00
0180abf7-d825-59bd-a12a-2facc09107a5,fb1ad2c1-a5b0-5ae0-9d88-507024507a14,de3e3182-4126-54b8-a5b3-1fbacfb03c9e,dac49113-c1bb-5b26-8af5-745de0febf46,d97309cb-eeb8-505a-9948-eec2d33394db,-188.97,USD,-188.97,,2026-03-26,ccb8e507-d6df-51d3-9c6b-2af43847184c,confirmed,,manual,{},HOME DEPOT #2411 PAYMENT,0.71,,2026-03-26T00:00:00
6716f446-9794-56a2-a9d7-ef1fa0cb0566,fb1ad2c1-a5b0-5ae0-9d88-507024507a14,494fb35b-ea2e-5ea2-8e6a-da836c11e230,dac49113-c1bb-5b26-8af5-745de0febf46,d97309cb-eeb8-505a-9948-eec2d33394db,-132.76,USD,-132.76,,2026-03-26,ccb8e507-d6df-51d3-9c6b-2af43847184c,confirmed,,manual,{'recurring': True},HOME DEPOT #6646 PURCHASE,0.93,,2026-03-26T00:00:00
0b5113a5-8828-5c21-8def-f139f186ec5c,532788bd-1641-5dc9-b246-c4397ed4af60,859c8fb0-d2a2-5d68-ad57-6ad36dcbffcc,6a8ed953-2c24-5301-8d91-e6aa9dcfeadf,d97309cb-eeb8-505a-9948-eec2d33394db,-78.21,USD,-78.21,,2026-03-27,ccb8e507-d6df-51d3-9c6b-2af43847184c,confirmed,,manual,{},HOME DEPOT #8672 PAYMENT,0.86,,2026-03-27T00:00:00
e34a5e43-96ef-532f-b33f-af68c77ef3bc,532788bd-1641-5dc9-b246-c4397ed4af60,c7c53ab9-c6fe-5a0b-b3a8-36f12237d898,6a8ed953-2c24-5301-8d91-e6aa9dcfeadf,bbc36a1d-bf0a-5d6c-ae4f-ff309f63cf39,-49.03,USD,-49.03,,2026-03-27,c41a2c56-8547-5a0c-aaec-8c24b93da49d,confirmed,,manual,{},BEST BUY,0.88,,2026-03-27T00:00:00
0a3300a6-4b9f-5ef3-ad30-e7495bb40911,fb1ad2c1-a5b0-5ae0-9d88-507024507a14,de3e3182-4126-54b8-a5b3-1fbacfb03c9e,dac49113-c1bb-5b26-8af5-745de0febf46,d97309cb-eeb8-505a-9948-eec2d33394db,-142.96,USD,-142.96,,2026-03-27,ccb8e507-d6df-51d3-9c6b-2af43847184c,draft,,plaid,{},HOME DEPOT #2311 PAYMENT,0.75,,2026-03-27T00:00:00
e95e0301-fb28-5248-932a-f3af1d5385f1,532788bd-1641-5dc9-b246-c4397ed4af60,859c8fb0-d2a2-5d68-ad57-6ad36dcbffcc,6a8ed953-2c24-5301-8d91-e6aa9dcfeadf,d97309cb-eeb8-505a-9948-eec2d33394db,-223.23,USD,-223.23,,2026-03-28,ccb8e507-d6df-51d3-9c6b-2af43847184c,draft,,manual,{},HOME DEPOT #2633 DEBIT,0.98,,2026-03-28T00:00:00
58e20151-e9b3-565e-a595-ccb2035a9a0f,fb1ad2c1-a5b0-5ae0-9d88-507024507a14,494fb35b-ea2e-5ea2-8e6a-da836c11e230,dac49113-c1bb-5b26-8af5-745de0febf46,2d8b3f27-58fe-5583-8d7e-995c79ade98a,-46.53,USD,-46.53,,2026-03-28,83564403-ac9f-5db5-a4fb-344879db34db,confirmed,,manual,{'recurring': True},KROGER #5391,0.9,,2026-03-28T00:00:00
c2bf8337-43ec-5b3a-a795-ba9d3bc4d699,532788bd-1641-5dc9-b246-c4397ed4af60,c7c53ab9-c6fe-5a0b-b3a8-36f12237d898,6a8ed953-2c24-5301-8d91-e6aa9dcfeadf,f2a9ca2a-37af-503e-8036-0623ac1a9dbc,-19.37,USD,-19.37,,2026-03-29,af424ab5-dcc2-5aa4-802d-53e8e99d4579,confirmed,,manual,{'recurring': True},APPLE.COM/BILL,0.85,,2026-03-29T00:00:00
1efa9a82-aab2-50bf-8a1a-488d3462f04f,532788bd-1641-5dc9-b246-c4397ed4af60,c7c53ab9-c6fe-5a0b-b3a8-36f12237d898,6a8ed953-2c24-5301-8d91-e6aa9dcfeadf,8b093965-626b-562e-ba34-3a2ae16c7328,-39.78,USD,-39.78,,2026-03-29,a519e456-2deb-59d8-a983-e0e4e0e88abb,confirmed,,manual,{},PLANET FITNESS,0.99,,2026-03-29T00:00:00
9e245cff-cb3b-52d1-8d76-7a84ecf927a8,fb1ad2c1-a5b0-5ae0-9d88-507024507a14,494fb35b-ea2e-5ea2-8e6a-da836c11e230,dac49113-c1bb-5b26-8af5-745de0febf46,d553f2a4-b2c8-570b-8de4-81fa86437869,-38.46,USD,-38.46,,2026-03-29,83564403-ac9f-5db5-a4fb-344879db34db,confirmed,,manual,{'recurring': True},WAL-MART #5545,0.83,,2026-03-29T00:00:00
32b19ebe-80de-55bf-b49d-d62ad90290d8,fb1ad2c1-a5b0-5ae0-9d88-507024507a14,de3e3182-4126-54b8-a5b3-1fbacfb03c9e,dac49113-c1bb-5b26-8af5-745de0febf46,d97309cb-eeb8-505a-9948-eec2d33394db,-31.91,USD,-31.91,,2026-03-29,ccb8e507-d6df-51d3-9c6b-2af43847184c,confirmed,,manual,{},HOME DEPOT #1314 ,0.82,,2026-03-29T00:00:00
d238295f-e5f0-5da4-bbb9-b28ad571cb10,532788bd-1641-5dc9-b246-c4397ed4af60,859c8fb0-d2a2-5d68-ad57-6ad36dcbffcc,6a8ed953-2c24-5301-8d91-e6aa9dcfeadf,7d5663eb-5e52-5077-9815-788af0c1bfc3,-8.34,USD,-8.34,,2026-03-30,de3f2bc4-947e-5d7b-a51e-d6da6178c1df,confirmed,,manual,{},MCDONALD'S #3632,1.0,,2026-03-30T00:00:00
2e5d95ad-df10-59b5-a72c-94e91e31837c,532788bd-1641-5dc9-b246-c4397ed4af60,859c8fb0-d2a2-5d68-ad57-6ad36dcbffcc,6a8ed953-2c24-5301-8d91-e6aa9dcfeadf,d97309cb-eeb8-505a-9948-eec2d33394db,-109.34,USD,-109.34,,2026-03-30,077786c2-88f8-517e-9a65-266b802523c4,confirmed,,manual,{'recurring': True},HOME DEPOT #1249 DEBIT,0.71,,2026-03-30T00:00:00
0c5790c7-a46c-5577-a6fd-0f485d229267,fb1ad2c1-a5b0-5ae0-9d88-507024507a14,494fb35b-ea2e-5ea2-8e6a-da836c11e230,dac49113-c1bb-5b26-8af5-745de0febf46,b8eadc23-f654-5613-9f2a-cf111cf0ed88,-18.02,USD,-18.02,,2026-03-30,83564403-ac9f-5db5-a4fb-344879db34db,confirmed,,plaid,{},TRADER JOE'S #3935,0.81,,2026-03-30T00:00:00
ceec8bbb-5551-5ee2-a380-cef43f13a04c,532788bd-1641-5dc9-b246-c4397ed4af60,859c8fb0-d2a2-5d68-ad57-6ad36dcbffcc,6a8ed953-2c24-5301-8d91-e6aa9dcfeadf,b7475634-9a3f-5b47-9978-5578a1ceb107,-228.59,USD,-228.59,,2026-03-31,d4c1f95d-47e8-52f6-8df9-eeb79b606fda,confirmed,,manual,{},MACY'S,0.83,,2026-03-31T00:00:00
83813109-61df-5f2a-aaf7-bf80f23a3d44,fb1ad2c1-a5b0-5ae0-9d88-507024507a14,de3e3182-4126-54b8-a5b3-1fbacfb03c9e,dac49113-c1bb-5b26-8af5-745de0febf46,2d8b3f27-58fe-5583-8d7e-995c79ade98a,-61.80,USD,-61.80,,2026-03-31,83564403-ac9f-5db5-a4fb-344879db34db,confirmed,,manual,{},KROGER #8707,0.86,,2026-03-31T00:00:00
0cc4f75a-707b-5fa1-8291-a1ca4db0dfe9,fb1ad2c1-a5b0-5ae0-9d88-507024507a14,494fb35b-ea2e-5ea2-8e6a-da836c11e230,dac49113-c1bb-5b26-8af5-745de0febf46,aed3c2eb-e1aa-5aab-aed0-039beaa9a52d,-9.99,USD,-9.99,,2026-03-31,ea950238-0d12-58ed-8e20-085ecb1a6754,confirmed,,manual,{},SPOTIFY USA,0.75,,2026-03-31T00:00:00
19e0b401-faf4-5636-850e-c58ae4d209c3,532788bd-1641-5dc9-b246-c4397ed4af60,859c8fb0-d2a2-5d68-ad57-6ad36dcbffcc,6a8ed953-2c24-5301-8d91-e6aa9dcfeadf,a00cde6f-8b9f-5006-9541-fdeeb8008d4f,-133.18,USD,-133.18,,2026-04-01,aee92619-ae79-565c-a988-70e59f94bc78,confirmed,,plaid,{},AMZN MKTP US*8811,0.88,,2026-04-01T00:00:00
1c3475e4-e7a2-5f3d-bc2d-c2791251c91a,532788bd-1641-5dc9-b246-c4397ed4af60,859c8fb0-d2a2-5d68-ad57-6ad36dcbffcc,6a8ed953-2c24-5301-8d91-e6aa9dcfeadf,aed3c2eb-e1aa-5aab-aed0-039beaa9a52d,-9.99,USD,-9.99,,2026-04-01,b2297a61-f8d6-53cc-b11d-49ea16c81db3,confirmed,,manual,{},SPOTIFY USA,0.89,,2026-04-01T00:00:00
4cb9c1be-b672-59b7-b3b0-c8f545055b14,fb1ad2c1-a5b0-5ae0-9d88-507024507a14,de3e3182-4126-54b8-a5b3-1fbacfb03c9e,dac49113-c1bb-5b26-8af5-745de0febf46,d97309cb-eeb8-505a-9948-eec2d33394db,-219.33,USD,-219.33,,2026-04-01,bdba84aa-8286-5caf-8252-985e2f2f3c1a,confirmed,,plaid,{},HOME DEPOT #3083 DEBIT,0.93,,2026-04-01T00:00:00
3ba3b224-67a5-56d8-9745-61cb9fbaa93c,fb1ad2c1-a5b0-5ae0-9d88-507024507a14,de3e3182-4126-54b8-a5b3-1fbacfb03c9e,dac49113-c1bb-5b26-8af5-745de0febf46,2d8b3f27-58fe-5583-8d7e-995c79ade98a,-34.62,USD,-34.62,,2026-04-01,83564403-ac9f-5db5-a4fb-344879db34db,confirmed,,manual,{},KROGER #8530,0.77,,2026-04-01T00:00:00
15e5057d-7618-5624-9465-e23cf925bbbe,532788bd-1641-5dc9-b246-c4397ed4af60,c7c53ab9-c6fe-5a0b-b3a8-36f12237d898,6a8ed953-2c24-5301-8d91-e6aa9dcfeadf,a00cde6f-8b9f-5006-9541-fdeeb8008d4f,-96.59,USD,-96.59,,2026-04-02,12915486-2f7b-557e-9d40-6d2f4442ed6d,confirmed,,manual,{},AMZN MKTP US*3607,0.95,,2026-04-02T00:00:00
9e4c3c4e-964a-56fe-9b94-0ae6590974ab,fb1ad2c1-a5b0-5ae0-9d88-507024507a14,494fb35b-ea2e-5ea2-8e6a-da836c11e230,dac49113-c1bb-5b26-8af5-745de0febf46,68f0922a-39b9-507c-92a6-e2500de5f321,-70.73,USD,-70.73,,2026-04-02,83564403-ac9f-5db5-a4fb-344879db34db,confirmed,,manual,{},COSTCO WHSE #2941,0.87,,2026-04-02T00:00:00
9d99606a-d66f-5438-8621-850dde86f01f,532788bd-1641-5dc9-b246-c4397ed4af60,859c8fb0-d2a2-5d68-ad57-6ad36dcbffcc,6a8ed953-2c24-5301-8d91-e6aa9dcfeadf,68f0922a-39b9-507c-92a6-e2500de5f321,-214.91,USD,-214.91,,2026-04-03,83564403-ac9f-5db5-a4fb-344879db34db,confirmed,,manual,{},COSTCO WHSE #7829,0.76,,2026-04-03T00:00:00
ae86de80-4eab-5477-ac71-f2545ea440f8,fb1ad2c1-a5b0-5ae0-9d88-507024507a14,de3e3182-4126-54b8-a5b3-1fbacfb03c9e,dac49113-c1bb-5b26-8af5-745de0febf46,8b093965-626b-562e-ba34-3a2ae16c7328,-18.18,USD,-18.18,,2026-04-03,8d5d7df5-91ea-5998-8eea-33179599a118,confirmed,,manual,{'recurring': True},PLANET FITNESS,0.87,,2026-04-03T00:00:00
28981800-832f-57e6-b575-382c7a795356,532788bd-1641-5dc9-b246-c4397ed4af60,c7c53ab9-c6fe-5a0b-b3a8-36f12237d898,6a8ed953-2c24-5301-8d91-e6aa9dcfeadf,a00cde6f-8b9f-5006-9541-fdeeb8008d4f,-109.09,USD,-109.09,,2026-04-04,aee92619-ae79-565c-a988-70e59f94bc78,confirmed,,manual,{'recurring': True},AMZN MKTP US*7677,0.91,,2026-04-04T00:00:00
73a6072c-eb8c-58e1-b49b-8bc7405455d8,532788bd-1641-5dc9-b246-c4397ed4af60,c7c53ab9-c6fe-5a0b-b3a8-36f12237d898,6a8ed953-2c24-5301-8d91-e6aa9dcfeadf,68f0922a-39b9-507c-92a6-e2500de5f321,-84.27,USD,-84.27,,2026-04-04,83564403-ac9f-5db5-a4fb-344879db34db,confirmed,,plaid,{'recurring': True},COSTCO WHSE #3195,0.9,,2026-04-04T00:00:00
64113764-8f17-5b50-b9e1-eca4ea48a85c,fb1ad2c1-a5b0-5ae0-9d88-507024507a14,de3e3182-4126-54b8-a5b3-1fbacfb03c9e,dac49113-c1bb-5b26-8af5-745de0febf46,5813fb16-6db8-5fd5-9486-97b3414b3ad6,-56.98,USD,-56.98,,2026-04-04,83564403-ac9f-5db5-a4fb-344879db34db,confirmed,,manual,{},WHOLE FOODS 5400 ,0.91,,2026-04-04T00:00:00
02bbd418-945a-5c76-afb4-bdb9cac3910f,fb1ad2c1-a5b0-5ae0-9d88-507024507a14,de3e3182-4126-54b8-a5b3-1fbacfb03c9e,dac49113-c1bb-5b26-8af5-745de0febf46,b7475634-9a3f-5b47-9978-5578a1ceb107,-237.81,USD,-237.81,,2026-04-04,12915486-2f7b-557e-9d40-6d2f4442ed6d,confirmed,,manual,{'recurring': True},MACY'S,0.78,,2026-04-04T00:00:00
3a3d9eab-eb4a-573c-9a48-c8c9510e8bba,532788bd-1641-5dc9-b246-c4397ed4af60,c7c53ab9-c6fe-5a0b-b3a8-36f12237d898,6a8ed953-2c24-5301-8d91-e6aa9dcfeadf,7d5663eb-5e52-5077-9815-788af0c1bfc3,-5.14,USD,-5.14,,2026-04-05,fa112a1b-3269-5304-b7dc-1ef8de5dddc0,confirmed,,manual,{},MCDONALD'S #4925,0.82,,2026-04-05T00:00:00
39fea4f7-7569-5389-9ffd-10013ecc2cd1,fb1ad2c1-a5b0-5ae0-9d88-507024507a14,494fb35b-ea2e-5ea2-8e6a-da836c11e230,dac49113-c1bb-5b26-8af5-745de0febf46,bbc36a1d-bf0a-5d6c-ae4f-ff309f63cf39,-300.09,USD,-300.09,,2026-04-05,c163ef62-5201-5cb2-bf0d-781443a4e5aa,confirmed,,manual,{},BEST BUY,0.8,,2026-04-05T00:00:00
913e1d52-2ef0-5ff7-8b28-7f92a478afed,fb1ad2c1-a5b0-5ae0-9d88-507024507a14,494fb35b-ea2e-5ea2-8e6a-da836c11e230,dac49113-c1bb-5b26-8af5-745de0febf46,4070c9b0-7b80-5ca4-9dcd-613c6df99208,-277.84,USD,-277.84,,2026-04-05,79c60cc2-48aa-5f74-8871-3cb616b26e25,confirmed,,manual,{'recurring': True},HILTON,0.74,,2026-04-05T00:00:00
d4b03933-ae23-5ea8-8e77-4b94fcbe4f2a,532788bd-1641-5dc9-b246-c4397ed4af60,c7c53ab9-c6fe-5a0b-b3a8-36f12237d898,6a8ed953-2c24-5301-8d91-e6aa9dcfeadf,d97309cb-eeb8-505a-9948-eec2d33394db,-247.46,USD,-247.46,,2026-04-06,ccb8e507-d6df-51d3-9c6b-2af43847184c,confirmed,,manual,{},HOME DEPOT #8093 ,0.85,,2026-04-06T00:00:00
4c58f59e-1ffd-56ba-8237-b53f5e183f48,fb1ad2c1-a5b0-5ae0-9d88-507024507a14,494fb35b-ea2e-5ea2-8e6a-da836c11e230,dac49113-c1bb-5b26-8af5-745de0febf46,c9ef2dab-c18a-5c65-bdc7-b6b34f18356e,-32.88,USD,-32.88,,2026-04-06,78973b8a-ca75-5365-a413-1efb5fe538d0,confirmed,,manual,{},CVS PHARMACY #8286,0.8,,2026-04-06T00:00:00
3d5bad4d-5226-53b9-9ae8-4d121b100568,532788bd-1641-5dc9-b246-c4397ed4af60,c7c53ab9-c6fe-5a0b-b3a8-36f12237d898,6a8ed953-2c24-5301-8d91-e6aa9dcfeadf,a00cde6f-8b9f-5006-9541-fdeeb8008d4f,-87.96,USD,-87.96,,2026-04-07,12915486-2f7b-557e-9d40-6d2f4442ed6d,confirmed,,manual,{},AMZN MKTP US*3022,0.75,,2026-04-07T00:00:00
be4cad0b-985e-520e-8bd4-6224e8c906f4,fb1ad2c1-a5b0-5ae0-9d88-507024507a14,de3e3182-4126-54b8-a5b3-1fbacfb03c9e,dac49113-c1bb-5b26-8af5-745de0febf46,2b4a9416-2f9a-5c84-8a99-089c2a8da440,-133.81,USD,-133.81,,2026-04-07,0c9330d7-1154-5540-9033-ff3ccdfd842d,confirmed,,plaid,{'recurring': True},COMCAST 7119,0.74,,2026-04-07T00:00:00
e982b0ab-2d1c-59d4-8251-14b5ce9cf1ec,532788bd-1641-5dc9-b246-c4397ed4af60,859c8fb0-d2a2-5d68-ad57-6ad36dcbffcc,6a8ed953-2c24-5301-8d91-e6aa9dcfeadf,bbc36a1d-bf0a-5d6c-ae4f-ff309f63cf39,-311.80,USD,-311.80,,2026-04-08,aee92619-ae79-565c-a988-70e59f94bc78,confirmed,,manual,{},BEST BUY,0.95,,2026-04-08T00:00:00
74f1c773-1e58-5cc3-9d0d-e7f436fb19e7,fb1ad2c1-a5b0-5ae0-9d88-507024507a14,494fb35b-ea2e-5ea2-8e6a-da836c11e230,dac49113-c1bb-5b26-8af5-745de0febf46,d97309cb-eeb8-505a-9948-eec2d33394db,-159.57,USD,-159.57,,2026-04-08,ccb8e507-d6df-51d3-9c6b-2af43847184c,confirmed,,manual,{},HOME DEPOT #7506 DEBIT,0.76,,2026-04-08T00:00:00
508c3602-ef52-5819-9ef9-8fa6c377aa76,532788bd-1641-5dc9-b246-c4397ed4af60,859c8fb0-d2a2-5d68-ad57-6ad36dcbffcc,6a8ed953-2c24-5301-8d91-e6aa9dcfeadf,8b093965-626b-562e-ba34-3a2ae16c7328,-10.45,USD,-10.45,,2026-04-09,a519e456-2deb-59d8-a983-e0e4e0e88abb,confirmed,,manual,{},PLANET FITNESS,0.99,,2026-04-09T00:00:00
df49cfd9-36bb-579c-8836-bc3060ed6936,532788bd-1641-5dc9-b246-c4397ed4af60,859c8fb0-d2a2-5d68-ad57-6ad36dcbffcc,6a8ed953-2c24-5301-8d91-e6aa9dcfeadf,bbc36a1d-bf0a-5d6c-ae4f-ff309f63cf39,-323.42,USD,-323.42,,2026-04-09,c163ef62-5201-5cb2-bf0d-781443a4e5aa,draft,,manual,{},BEST BUY,0.95,,2026-04-09T00:00:00
f2fbf76d-737b-5651-8dc9-8cfba2220ad1,532788bd-1641-5dc9-b246-c4397ed4af60,859c8fb0-d2a2-5d68-ad57-6ad36dcbffcc,6a8ed953-2c24-5301-8d91-e6aa9dcfeadf,2b4a9416-2f9a-5c84-8a99-089c2a8da440,-94.03,USD,-94.03,,2026-04-09,2d123316-c022-5b31-8284-b23e61b8e6d0,confirmed,,manual,{},COMCAST 3527,0.81,,2026-04-09T00:00:00
5e067d48-6e38-5d64-975b-ddd9eb2c806e,fb1ad2c1-a5b0-5ae0-9d88-507024507a14,de3e3182-4126-54b8-a5b3-1fbacfb03c9e,dac49113-c1bb-5b26-8af5-745de0febf46,d97309cb-eeb8-505a-9948-eec2d33394db,-84.04,USD,-84.04,,2026-04-09,ccb8e507-d6df-51d3-9c6b-2af43847184c,confirmed,,manual,{},HOME DEPOT #2092 DEBIT,0.94,,2026-04-09T00:00:00
a0fa6a49-48a7-5506-8551-69a93101479c,fb1ad2c1-a5b0-5ae0-9d88-507024507a14,de3e3182-4126-54b8-a5b3-1fbacfb03c9e,dac49113-c1bb-5b26-8af5-745de0febf46,16a24acb-ea67-57eb-a942-246e8cd94297,-11.99,USD,-11.99,,2026-04-09,b2297a61-f8d6-53cc-b11d-49ea16c81db3,confirmed,,manual,{},GOOGLE *YOUTUBE PREMIUM,0.82,,2026-04-09T00:00:00
e90a82cd-040c-5217-a8b8-86242a318726,532788bd-1641-5dc9-b246-c4397ed4af60,c7c53ab9-c6fe-5a0b-b3a8-36f12237d898,6a8ed953-2c24-5301-8d91-e6aa9dcfeadf,d97309cb-eeb8-505a-9948-eec2d33394db,-119.96,USD,-119.96,,2026-04-10,ccb8e507-d6df-51d3-9c6b-2af43847184c,confirmed,,manual,{},HOME DEPOT #2179 DEBIT,0.78,,2026-04-10T00:00:00
bef5621e-a7c5-5dd0-b075-00730f21f95b,fb1ad2c1-a5b0-5ae0-9d88-507024507a14,de3e3182-4126-54b8-a5b3-1fbacfb03c9e,dac49113-c1bb-5b26-8af5-745de0febf46,68f0922a-39b9-507c-92a6-e2500de5f321,-189.55,USD,-189.55,,2026-04-10,83564403-ac9f-5db5-a4fb-344879db34db,confirmed,,manual,{'recurring': True},COSTCO WHSE #6861,0.71,,2026-04-10T00:00:00
dd57d1a2-336f-5d98-b9fc-072dab63cade,532788bd-1641-5dc9-b246-c4397ed4af60,c7c53ab9-c6fe-5a0b-b3a8-36f12237d898,6a8ed953-2c24-5301-8d91-e6aa9dcfeadf,2b4a9416-2f9a-5c84-8a99-089c2a8da440,-105.45,USD,-105.45,,2026-04-11,bf16b8ec-849c-50c6-9240-c9ae62d9ba69,confirmed,,manual,{},COMCAST 2215,0.94,,2026-04-11T00:00:00
a065e6eb-5d97-57fa-b569-b5f4aace5d80,532788bd-1641-5dc9-b246-c4397ed4af60,c7c53ab9-c6fe-5a0b-b3a8-36f12237d898,6a8ed953-2c24-5301-8d91-e6aa9dcfeadf,158297b6-5a99-547c-9a9d-4e9a859d9dab,-8.52,USD,-8.52,,2026-04-11,fa112a1b-3269-5304-b7dc-1ef8de5dddc0,confirmed,,plaid,{'recurring': True},STARBUCKS 9924 ,0.91,,2026-04-11T00:00:00
934e95a2-55ab-5238-9d0d-dffa233161e9,fb1ad2c1-a5b0-5ae0-9d88-507024507a14,494fb35b-ea2e-5ea2-8e6a-da836c11e230,dac49113-c1bb-5b26-8af5-745de0febf46,d97309cb-eeb8-505a-9948-eec2d33394db,-108.71,USD,-108.71,,2026-04-11,ccb8e507-d6df-51d3-9c6b-2af43847184c,confirmed,,manual,{},HOME DEPOT #9396 PAYMENT,0.75,,2026-04-11T00:00:00
83f6532c-d144-541d-88eb-6e79955ff6c2,fb1ad2c1-a5b0-5ae0-9d88-507024507a14,de3e3182-4126-54b8-a5b3-1fbacfb03c9e,dac49113-c1bb-5b26-8af5-745de0febf46,d97309cb-eeb8-505a-9948-eec2d33394db,-92.60,USD,-92.60,,2026-04-11,ccb8e507-d6df-51d3-9c6b-2af43847184c,confirmed,,manual,{},HOME DEPOT #5654 ,0.83,,2026-04-11T00:00:00
c172c210-2eda-5705-b0ff-a3c724054901,fb1ad2c1-a5b0-5ae0-9d88-507024507a14,de3e3182-4126-54b8-a5b3-1fbacfb03c9e,dac49113-c1bb-5b26-8af5-745de0febf46,b8eadc23-f654-5613-9f2a-cf111cf0ed88,-47.27,USD,-47.27,,2026-04-11,83564403-ac9f-5db5-a4fb-344879db34db,confirmed,,manual,{},TRADER JOE'S #8375,0.76,,2026-04-11T00:00:00
9a4da279-2a51-5fa6-bbae-f54c1540e9f0,532788bd-1641-5dc9-b246-c4397ed4af60,c7c53ab9-c6fe-5a0b-b3a8-36f12237d898,6a8ed953-2c24-5301-8d91-e6aa9dcfeadf,d97309cb-eeb8-505a-9948-eec2d33394db,-214.22,USD,-214.22,,2026-04-12,ccb8e507-d6df-51d3-9c6b-2af43847184c,draft,,manual,{},HOME DEPOT #1616 ,0.99,,2026-04-12T00:00:00
04aa100b-c727-535d-b38d-3236da62c2dd,532788bd-1641-5dc9-b246-c4397ed4af60,859c8fb0-d2a2-5d68-ad57-6ad36dcbffcc,6a8ed953-2c24-5301-8d91-e6aa9dcfeadf,b8eadc23-f654-5613-9f2a-cf111cf0ed88,-61.74,USD,-61.74,,2026-04-12,83564403-ac9f-5db5-a4fb-344879db34db,confirmed,,plaid,{},TRADER JOE'S #6730,0.9,,2026-04-12T00:00:00
e075ce0e-3fd9-50f0-be56-2f00044cb7d4,fb1ad2c1-a5b0-5ae0-9d88-507024507a14,de3e3182-4126-54b8-a5b3-1fbacfb03c9e,dac49113-c1bb-5b26-8af5-745de0febf46,d97309cb-eeb8-505a-9948-eec2d33394db,-264.28,USD,-264.28,,2026-04-12,bdba84aa-8286-5caf-8252-985e2f2f3c1a,confirmed,,manual,{},HOME DEPOT #6036 PAYMENT,0.82,,2026-04-12T00:00:00
1319db95-20dc-502c-8b0f-310963f68757,532788bd-1641-5dc9-b246-c4397ed4af60,c7c53ab9-c6fe-5a0b-b3a8-36f12237d898,6a8ed953-2c24-5301-8d91-e6aa9dcfeadf,8b093965-626b-562e-ba34-3a2ae16c7328,-19.12,USD,-19.12,,2026-04-13,8d5d7df5-91ea-5998-8eea-33179599a118,confirmed,,plaid,{},PLANET FITNESS,0.71,,2026-04-13T00:00:00
2b94686d-f2ac-5cf2-a388-6f8cafb3ef36,532788bd-1641-5dc9-b246-c4397ed4af60,c7c53ab9-c6fe-5a0b-b3a8-36f12237d898,6a8ed953-2c24-5301-8d91-e6aa9dcfeadf,f573b94f-d6d1-51c3-a8dd-9f4c61a57329,-129.24,USD,-129.24,,2026-04-13,bf16b8ec-849c-50c6-9240-c9ae62d9ba69,confirmed,,manual,{'recurring': True},VERIZON WIRELESS 5082,0.93,,2026-04-13T00:00:00
b47cfd4a-16f6-5804-a926-1e3c97cea119,fb1ad2c1-a5b0-5ae0-9d88-507024507a14,de3e3182-4126-54b8-a5b3-1fbacfb03c9e,dac49113-c1bb-5b26-8af5-745de0febf46,f2a9ca2a-37af-503e-8036-0623ac1a9dbc,-10.47,USD,-10.47,,2026-04-13,961ca9c0-9d0b-50b0-8dad-f7ef999ec988,confirmed,,manual,{},APPLE.COM/BILL,0.84,,2026-04-13T00:00:00
d86f01bf-08f8-5238-8431-25e49c83b0fb,fb1ad2c1-a5b0-5ae0-9d88-507024507a14,de3e3182-4126-54b8-a5b3-1fbacfb03c9e,dac49113-c1bb-5b26-8af5-745de0febf46,d97309cb-eeb8-505a-9948-eec2d33394db,-101.00,USD,-101.00,,2026-04-13,ccb8e507-d6df-51d3-9c6b-2af43847184c,confirmed,,plaid,{},HOME DEPOT #7250 DEBIT,0.95,,2026-04-13T00:00:00
2ff4e6fc-21ea-558b-843a-5af4a7446537,532788bd-1641-5dc9-b246-c4397ed4af60,859c8fb0-d2a2-5d68-ad57-6ad36dcbffcc,6a8ed953-2c24-5301-8d91-e6aa9dcfeadf,1796e996-84d5-5ef5-a717-a953e2e49c08,-288.14,USD,-288.14,,2026-04-14,79c60cc2-48aa-5f74-8871-3cb616b26e25,confirmed,,manual,{},MARRIOTT,0.73,,2026-04-14T00:00:00
f047fb1b-51f1-504c-8091-206893d74fd3,532788bd-1641-5dc9-b246-c4397ed4af60,859c8fb0-d2a2-5d68-ad57-6ad36dcbffcc,6a8ed953-2c24-5301-8d91-e6aa9dcfeadf,68f0922a-39b9-507c-92a6-e2500de5f321,-110.09,USD,-110.09,,2026-04-14,83564403-ac9f-5db5-a4fb-344879db34db,confirmed,,plaid,{},COSTCO WHSE #7674,0.77,,2026-04-14T00:00:00
21891fd7-3efc-5ccc-ae72-ac37fc6fb702,fb1ad2c1-a5b0-5ae0-9d88-507024507a14,494fb35b-ea2e-5ea2-8e6a-da836c11e230,dac49113-c1bb-5b26-8af5-745de0febf46,c905592e-a82b-5c8e-904a-d39c475430ef,-44.41,USD,-44.41,,2026-04-14,51fda6e9-fdf8-5107-ac9c-83867d45beb7,confirmed,,manual,{},SHELL OIL 7249 DEBIT,0.99,,2026-04-14T00:00:00
53d2a5fb-21b1-57f0-9875-46f4b4fd7aef,532788bd-1641-5dc9-b246-c4397ed4af60,859c8fb0-d2a2-5d68-ad57-6ad36dcbffcc,6a8ed953-2c24-5301-8d91-e6aa9dcfeadf,4af9f4ae-4781-5cb6-8281-5c9f09d25ac0,-31.89,USD,-31.89,,2026-04-15,961ca9c0-9d0b-50b0-8dad-f7ef999ec988,confirmed,,plaid,{},TARGET 4830 DEBIT,0.87,,2026-04-15T00:00:00
0b9b0322-ad1e-5bd1-b447-c4dce4803986,fb1ad2c1-a5b0-5ae0-9d88-507024507a14,de3e3182-4126-54b8-a5b3-1fbacfb03c9e,dac49113-c1bb-5b26-8af5-745de0febf46,1796e996-84d5-5ef5-a717-a953e2e49c08,-185.50,USD,-185.50,,2026-04-15,79c60cc2-48aa-5f74-8871-3cb616b26e25,confirmed,,manual,{},MARRIOTT,0.92,,2026-04-15T00:00:00
f49095ad-6c0d-5b97-9611-a1a0b45af072,fb1ad2c1-a5b0-5ae0-9d88-507024507a14,de3e3182-4126-54b8-a5b3-1fbacfb03c9e,dac49113-c1bb-5b26-8af5-745de0febf46,d97309cb-eeb8-505a-9948-eec2d33394db,-274.42,USD,-274.42,,2026-04-15,ccb8e507-d6df-51d3-9c6b-2af43847184c,confirmed,,manual,{},HOME DEPOT #3795 PURCHASE,0.99,,2026-04-15T00:00:00
d91905c6-99ed-5bbb-bcb9-5a974347cc1d,532788bd-1641-5dc9-b246-c4397ed4af60,c7c53ab9-c6fe-5a0b-b3a8-36f12237d898,6a8ed953-2c24-5301-8d91-e6aa9dcfeadf,b7475634-9a3f-5b47-9978-5578a1ceb107,-171.93,USD,-171.93,,2026-04-16,bcbbc4c0-8642-5b1f-ad56-562045f80345,confirmed,,manual,{},MACY'S,0.91,,2026-04-16T00:00:00
0461ef3b-1525-5539-814c-fd00386db49b,532788bd-1641-5dc9-b246-c4397ed4af60,c7c53ab9-c6fe-5a0b-b3a8-36f12237d898,6a8ed953-2c24-5301-8d91-e6aa9dcfeadf,c9ef2dab-c18a-5c65-bdc7-b6b34f18356e,-18.48,USD,-18.48,,2026-04-16,f4256214-1f20-597d-abac-553feefc5cd8,confirmed,,manual,{},CVS PHARMACY #9308,0.76,,2026-04-16T00:00:00
6834762d-9b77-54f7-a79b-b19b0b6f47af,fb1ad2c1-a5b0-5ae0-9d88-507024507a14,de3e3182-4126-54b8-a5b3-1fbacfb03c9e,dac49113-c1bb-5b26-8af5-745de0febf46,d97309cb-eeb8-505a-9948-eec2d33394db,-48.98,USD,-48.98,,2026-04-16,ccb8e507-d6df-51d3-9c6b-2af43847184c,draft,,manual,{'recurring': True},HOME DEPOT #4861 PAYMENT,0.92,,2026-04-16T00:00:00
edb758fe-b79f-5c94-afc9-10288a37876a,fb1ad2c1-a5b0-5ae0-9d88-507024507a14,494fb35b-ea2e-5ea2-8e6a-da836c11e230,dac49113-c1bb-5b26-8af5-745de0febf46,2d8b3f27-58fe-5583-8d7e-995c79ade98a,-42.06,USD,-42.06,,2026-04-17,83564403-ac9f-5db5-a4fb-344879db34db,confirmed,,manual,{'recurring': True},KROGER #2671,0.92,,2026-04-17T00:00:00
9e7270fc-bda6-598a-bd4d-0e9a5d7883d8,fb1ad2c1-a5b0-5ae0-9d88-507024507a14,de3e3182-4126-54b8-a5b3-1fbacfb03c9e,dac49113-c1bb-5b26-8af5-745de0febf46,158297b6-5a99-547c-9a9d-4e9a859d9dab,-6.66,USD,-6.66,,2026-04-17,5638caff-364a-55b0-9433-607e4844f64b,confirmed,,plaid,{},STARBUCKS 1192 PAYMENT,0.81,,2026-04-17T00:00:00
14462067-ebc1-5a06-b784-abf021d79de2,fb1ad2c1-a5b0-5ae0-9d88-507024507a14,de3e3182-4126-54b8-a5b3-1fbacfb03c9e,dac49113-c1bb-5b26-8af5-745de0febf46,b7475634-9a3f-5b47-9978-5578a1ceb107,-63.58,USD,-63.58,,2026-04-17,d4c1f95d-47e8-52f6-8df9-eeb79b606fda,confirmed,,plaid,{},MACY'S,0.89,,2026-04-17T00:00:00
f3ca6d45-aa0a-5e13-afba-6b18a371db76,532788bd-1641-5dc9-b246-c4397ed4af60,c7c53ab9-c6fe-5a0b-b3a8-36f12237d898,6a8ed953-2c24-5301-8d91-e6aa9dcfeadf,d553f2a4-b2c8-570b-8de4-81fa86437869,-31.23,USD,-31.23,,2026-04-18,83564403-ac9f-5db5-a4fb-344879db34db,confirmed,,manual,{},WALMART 7590 PURCHASE,0.94,,2026-04-18T00:00:00
72cdcd61-3d8e-5f22-8158-2e024fba0621,fb1ad2c1-a5b0-5ae0-9d88-507024507a14,de3e3182-4126-54b8-a5b3-1fbacfb03c9e,dac49113-c1bb-5b26-8af5-745de0febf46,d97309cb-eeb8-505a-9948-eec2d33394db,-27.18,USD,-27.18,,2026-04-18,077786c2-88f8-517e-9a65-266b802523c4,confirmed,,manual,{},HOME DEPOT #6492 PAYMENT,0.87,,2026-04-18T00:00:00
1eaede58-97a8-5f08-abe9-bf136185029a,fb1ad2c1-a5b0-5ae0-9d88-507024507a14,494fb35b-ea2e-5ea2-8e6a-da836c11e230,dac49113-c1bb-5b26-8af5-745de0febf46,f573b94f-d6d1-51c3-a8dd-9f4c61a57329,-71.13,USD,-71.13,,2026-04-18,0c9330d7-1154-5540-9033-ff3ccdfd842d,confirmed,,manual,{},VERIZON WIRELESS 7096,0.86,,2026-04-18T00:00:00
fe071056-6eb1-596f-8ec4-77ebf58ae929,fb1ad2c1-a5b0-5ae0-9d88-507024507a14,494fb35b-ea2e-5ea2-8e6a-da836c11e230,dac49113-c1bb-5b26-8af5-745de0febf46,808b3755-614e-5b7e-ba90-ef88c5558ae5,-32.13,USD,-32.13,,2026-04-18,51fda6e9-fdf8-5107-ac9c-83867d45beb7,confirmed,,manual,{},LYFT,0.72,,2026-04-18T00:00:00
64f65a8c-b896-5ce4-927d-ce624fe74cd1,532788bd-1641-5dc9-b246-c4397ed4af60,c7c53ab9-c6fe-5a0b-b3a8-36f12237d898,6a8ed953-2c24-5301-8d91-e6aa9dcfeadf,c9ef2dab-c18a-5c65-bdc7-b6b34f18356e,-20.48,USD,-20.48,,2026-04-19,78973b8a-ca75-5365-a413-1efb5fe538d0,confirmed,,manual,{},CVS PHARMACY #6139,0.78,,2026-04-19T00:00:00
98e9bd1a-72c4-5788-843e-e6c7c5305031,532788bd-1641-5dc9-b246-c4397ed4af60,859c8fb0-d2a2-5d68-ad57-6ad36dcbffcc,6a8ed953-2c24-5301-8d91-e6aa9dcfeadf,aed3c2eb-e1aa-5aab-aed0-039beaa9a52d,-9.99,USD,-9.99,,2026-04-19,b2297a61-f8d6-53cc-b11d-49ea16c81db3,confirmed,,manual,{},SPOTIFY USA,0.91,,2026-04-19T00:00:00
5491a987-f3c0-55e3-9c99-c2328782cfb1,532788bd-1641-5dc9-b246-c4397ed4af60,859c8fb0-d2a2-5d68-ad57-6ad36dcbffcc,6a8ed953-2c24-5301-8d91-e6aa9dcfeadf,d97309cb-eeb8-505a-9948-eec2d33394db,-211.70,USD,-211.70,,2026-04-19,ccb8e507-d6df-51d3-9c6b-2af43847184c,confirmed,,manual,{},HOME DEPOT #3672 PAYMENT,0.85,,2026-04-19T00:00:00
6519e015-b986-5459-b4c6-5a24e66117a0,fb1ad2c1-a5b0-5ae0-9d88-507024507a14,494fb35b-ea2e-5ea2-8e6a-da836c11e230,dac49113-c1bb-5b26-8af5-745de0febf46,b7475634-9a3f-5b47-9978-5578a1ceb107,-235.34,USD,-235.34,,2026-04-19,d4c1f95d-47e8-52f6-8df9-eeb79b606fda,confirmed,,manual,{},MACY'S,0.73,,2026-04-19T00:00:00
9e3c39d6-d847-5cf1-a6d3-c0e241d67828,fb1ad2c1-a5b0-5ae0-9d88-507024507a14,494fb35b-ea2e-5ea2-8e6a-da836c11e230,dac49113-c1bb-5b26-8af5-745de0febf46,808b3755-614e-5b7e-ba90-ef88c5558ae5,-30.75,USD,-30.75,,2026-04-19,f43ab923-88d2-5d30-b514-e67d3c90367a,confirmed,,manual,{},LYFT,0.83,,2026-04-19T00:00:00
70b2e382-dda6-5ed8-af21-0ad48da75b58,fb1ad2c1-a5b0-5ae0-9d88-507024507a14,494fb35b-ea2e-5ea2-8e6a-da836c11e230,dac49113-c1bb-5b26-8af5-745de0febf46,78bab17d-4ce4-5345-97e7-6969d2e7a5e9,-698.49,USD,-698.49,,2026-04-19,7dc4d185-914f-5736-9f4d-8756e08d9766,confirmed,,manual,{'recurring': True},DELTA AIR LINES 4339,0.72,,2026-04-19T00:00:00
14cafbc2-fd16-5dbc-87eb-6e92877d5c3b,532788bd-1641-5dc9-b246-c4397ed4af60,859c8fb0-d2a2-5d68-ad57-6ad36dcbffcc,6a8ed953-2c24-5301-8d91-e6aa9dcfeadf,c9ef2dab-c18a-5c65-bdc7-b6b34f18356e,-20.92,USD,-20.92,,2026-04-20,71b656bc-548e-5020-b191-229e68650021,confirmed,,manual,{},CVS PHARMACY #5992,0.9,,2026-04-20T00:00:00
3f31f8df-eb10-58b6-854d-2c2f87c97491,fb1ad2c1-a5b0-5ae0-9d88-507024507a14,494fb35b-ea2e-5ea2-8e6a-da836c11e230,dac49113-c1bb-5b26-8af5-745de0febf46,f573b94f-d6d1-51c3-a8dd-9f4c61a57329,-87.71,USD,-87.71,,2026-04-20,0c9330d7-1154-5540-9033-ff3ccdfd842d,confirmed,,manual,{},VERIZON WIRELESS 2037,0.97,,2026-04-20T00:00:00
79761693-9998-5eeb-9898-ddd4e87836e9,fb1ad2c1-a5b0-5ae0-9d88-507024507a14,494fb35b-ea2e-5ea2-8e6a-da836c11e230,dac49113-c1bb-5b26-8af5-745de0febf46,d97309cb-eeb8-505a-9948-eec2d33394db,-250.27,USD,-250.27,,2026-04-20,077786c2-88f8-517e-9a65-266b802523c4,confirmed,,manual,{},HOME DEPOT #9818 DEBIT,0.72,,2026-04-20T00:00:00
1643e955-eb03-5795-9b94-32cf32ad746f,532788bd-1641-5dc9-b246-c4397ed4af60,c7c53ab9-c6fe-5a0b-b3a8-36f12237d898,6a8ed953-2c24-5301-8d91-e6aa9dcfeadf,808b3755-614e-5b7e-ba90-ef88c5558ae5,-20.10,USD,-20.10,,2026-04-21,f43ab923-88d2-5d30-b514-e67d3c90367a,confirmed,,plaid,{},LYFT,0.9,,2026-04-21T00:00:00
d6d3c15d-c88a-540a-bad0-5209448893d1,fb1ad2c1-a5b0-5ae0-9d88-507024507a14,de3e3182-4126-54b8-a5b3-1fbacfb03c9e,dac49113-c1bb-5b26-8af5-745de0febf46,d97309cb-eeb8-505a-9948-eec2d33394db,-141.84,USD,-141.84,,2026-04-21,ccb8e507-d6df-51d3-9c6b-2af43847184c,confirmed,,manual,{},HOME DEPOT #7750 ,0.83,,2026-04-21T00:00:00
048aaa55-56bf-50ba-afc8-3599469b3316,fb1ad2c1-a5b0-5ae0-9d88-507024507a14,de3e3182-4126-54b8-a5b3-1fbacfb03c9e,dac49113-c1bb-5b26-8af5-745de0febf46,b7475634-9a3f-5b47-9978-5578a1ceb107,-177.68,USD,-177.68,,2026-04-22,ba8264d5-be92-573d-bee0-fc77ba1eba53,confirmed,,plaid,{'recurring': True},MACY'S,0.94,,2026-04-22T00:00:00
3beb3f99-b15f-50d3-a46c-cfb96a4a6e1f,fb1ad2c1-a5b0-5ae0-9d88-507024507a14,494fb35b-ea2e-5ea2-8e6a-da836c11e230,dac49113-c1bb-5b26-8af5-745de0febf46,b8eadc23-f654-5613-9f2a-cf111cf0ed88,-62.65,USD,-62.65,,2026-04-23,83564403-ac9f-5db5-a4fb-344879db34db,confirmed,,manual,{},TRADER JOE'S #5799,0.88,,2026-04-23T00:00:00
326c854d-4f87-5ee9-9ee8-7489531aab81,532788bd-1641-5dc9-b246-c4397ed4af60,859c8fb0-d2a2-5d68-ad57-6ad36dcbffcc,6a8ed953-2c24-5301-8d91-e6aa9dcfeadf,d97309cb-eeb8-505a-9948-eec2d33394db,-61.75,USD,-61.75,,2026-04-24,bdba84aa-8286-5caf-8252-985e2f2f3c1a,confirmed,,manual,{},HOME DEPOT #1640 ,0.86,,2026-04-24T00:00:00
74a36c78-7373-555b-a06d-1f6114c44486,fb1ad2c1-a5b0-5ae0-9d88-507024507a14,494fb35b-ea2e-5ea2-8e6a-da836c11e230,dac49113-c1bb-5b26-8af5-745de0febf46,aed3c2eb-e1aa-5aab-aed0-039beaa9a52d,-9.99,USD,-9.99,,2026-04-24,b2297a61-f8d6-53cc-b11d-49ea16c81db3,confirmed,,manual,{},SPOTIFY USA,0.97,,2026-04-24T00:00:00
0c333368-f67c-5f35-9c05-21cbc986fdec,532788bd-1641-5dc9-b246-c4397ed4af60,c7c53ab9-c6fe-5a0b-b3a8-36f12237d898,6a8ed953-2c24-5301-8d91-e6aa9dcfeadf,2d8b3f27-58fe-5583-8d7e-995c79ade98a,-90.53,USD,-90.53,,2026-04-25,83564403-ac9f-5db5-a4fb-344879db34db,confirmed,,manual,{},KROGER #1283,0.93,,2026-04-25T00:00:00
2d7a2024-ebcb-5e7d-9187-ec0259ddd03b,fb1ad2c1-a5b0-5ae0-9d88-507024507a14,494fb35b-ea2e-5ea2-8e6a-da836c11e230,dac49113-c1bb-5b26-8af5-745de0febf46,d97309cb-eeb8-505a-9948-eec2d33394db,-52.49,USD,-52.49,,2026-04-25,ccb8e507-d6df-51d3-9c6b-2af43847184c,confirmed,,manual,{},HOME DEPOT #8929 PAYMENT,0.98,,2026-04-25T00:00:00
9071fffd-4181-59b1-ab1c-d06b4e106876,532788bd-1641-5dc9-b246-c4397ed4af60,c7c53ab9-c6fe-5a0b-b3a8-36f12237d898,6a8ed953-2c24-5301-8d91-e6aa9dcfeadf,aed3c2eb-e1aa-5aab-aed0-039beaa9a52d,-9.99,USD,-9.99,,2026-04-26,b2297a61-f8d6-53cc-b11d-49ea16c81db3,confirmed,,manual,{},SPOTIFY USA,0.76,,2026-04-26T00:00:00
b5ccc8b6-b674-5235-b01a-e972d60f2b0c,532788bd-1641-5dc9-b246-c4397ed4af60,859c8fb0-d2a2-5d68-ad57-6ad36dcbffcc,6a8ed953-2c24-5301-8d91-e6aa9dcfeadf,d97309cb-eeb8-505a-9948-eec2d33394db,-140.28,USD,-140.28,,2026-04-26,ccb8e507-d6df-51d3-9c6b-2af43847184c,confirmed,,manual,{},HOME DEPOT #9174 PAYMENT,0.79,,2026-04-26T00:00:00
af828b7c-5221-537c-b443-ece695db626d,fb1ad2c1-a5b0-5ae0-9d88-507024507a14,de3e3182-4126-54b8-a5b3-1fbacfb03c9e,dac49113-c1bb-5b26-8af5-745de0febf46,7d5663eb-5e52-5077-9815-788af0c1bfc3,-10.34,USD,-10.34,,2026-04-26,fa112a1b-3269-5304-b7dc-1ef8de5dddc0,draft,,manual,{},MCDONALD'S #9013,0.8,,2026-04-26T00:00:00
4a7f88e8-66dc-5d09-9df0-dc9fba282b23,fb1ad2c1-a5b0-5ae0-9d88-507024507a14,de3e3182-4126-54b8-a5b3-1fbacfb03c9e,dac49113-c1bb-5b26-8af5-745de0febf46,5813fb16-6db8-5fd5-9486-97b3414b3ad6,-91.24,USD,-91.24,,2026-04-26,83564403-ac9f-5db5-a4fb-344879db34db,confirmed,,manual,{},WHOLE FOODS 3801 PURCHASE,0.95,,2026-04-26T00:00:00
0187ebf6-315b-5512-8c08-5a4e903e6ec9,fb1ad2c1-a5b0-5ae0-9d88-507024507a14,de3e3182-4126-54b8-a5b3-1fbacfb03c9e,dac49113-c1bb-5b26-8af5-745de0febf46,41d50eda-694c-5967-8780-12cd00399dab,-4.61,USD,-4.61,,2026-04-26,fa112a1b-3269-5304-b7dc-1ef8de5dddc0,confirmed,,plaid,{},DUNKIN',0.96,,2026-04-26T00:00:00
e1568d8c-1f7c-5436-95a0-b55c37cac820,532788bd-1641-5dc9-b246-c4397ed4af60,c7c53ab9-c6fe-5a0b-b3a8-36f12237d898,6a8ed953-2c24-5301-8d91-e6aa9dcfeadf,d97309cb-eeb8-505a-9948-eec2d33394db,-71.84,USD,-71.84,,2026-04-27,ccb8e507-d6df-51d3-9c6b-2af43847184c,confirmed,,manual,{},HOME DEPOT #1600 PAYMENT,0.74,,2026-04-27T00:00:00
dd6e14db-5cb1-5397-b0b7-3fe0dfe22137,fb1ad2c1-a5b0-5ae0-9d88-507024507a14,494fb35b-ea2e-5ea2-8e6a-da836c11e230,dac49113-c1bb-5b26-8af5-745de0febf46,bbc36a1d-bf0a-5d6c-ae4f-ff309f63cf39,-52.79,USD,-52.79,,2026-04-27,aee92619-ae79-565c-a988-70e59f94bc78,confirmed,,plaid,{},BEST BUY,0.95,,2026-04-27T00:00:00
b391c55a-b8f5-5a45-acb9-65e09f3471be,fb1ad2c1-a5b0-5ae0-9d88-507024507a14,de3e3182-4126-54b8-a5b3-1fbacfb03c9e,dac49113-c1bb-5b26-8af5-745de0febf46,b8eadc23-f654-5613-9f2a-cf111cf0ed88,-27.22,USD,-27.22,,2026-04-27,83564403-ac9f-5db5-a4fb-344879db34db,confirmed,,manual,{},TRADER JOE'S #9135,0.98,,2026-04-27T00:00:00
4fa5d77f-a74f-5367-ac26-8151e2e6fce5,fb1ad2c1-a5b0-5ae0-9d88-507024507a14,de3e3182-4126-54b8-a5b3-1fbacfb03c9e,dac49113-c1bb-5b26-8af5-745de0febf46,78bab17d-4ce4-5345-97e7-6969d2e7a5e9,-286.44,USD,-286.44,,2026-04-27,7dc4d185-914f-5736-9f4d-8756e08d9766,confirmed,,manual,{},DELTA AIR LINES 5209,0.97,,2026-04-27T00:00:00
764203cd-152e-53a4-a360-16878ad467ca,532788bd-1641-5dc9-b246-c4397ed4af60,859c8fb0-d2a2-5d68-ad57-6ad36dcbffcc,6a8ed953-2c24-5301-8d91-e6aa9dcfeadf,d97309cb-eeb8-505a-9948-eec2d33394db,-151.71,USD,-151.71,,2026-04-28,ccb8e507-d6df-51d3-9c6b-2af43847184c,confirmed,,manual,{},HOME DEPOT #6576 PURCHASE,0.82,,2026-04-28T00:00:00
9424852b-eb30-5661-9d1b-4d67eeedb9f3,532788bd-1641-5dc9-b246-c4397ed4af60,c7c53ab9-c6fe-5a0b-b3a8-36f12237d898,6a8ed953-2c24-5301-8d91-e6aa9dcfeadf,16a24acb-ea67-57eb-a942-246e8cd94297,-11.99,USD,-11.99,,2026-04-28,8186f853-4ffe-5357-8ca5-adc11ba52b8a,confirmed,,manual,{'recurring': True},GOOGLE *YOUTUBE PREMIUM,0.72,,2026-04-28T00:00:00
d6b0be04-a4d2-5c8d-bed2-20c8b77eb848,fb1ad2c1-a5b0-5ae0-9d88-507024507a14,de3e3182-4126-54b8-a5b3-1fbacfb03c9e,dac49113-c1bb-5b26-8af5-745de0febf46,a00cde6f-8b9f-5006-9541-fdeeb8008d4f,-164.90,USD,-164.90,,2026-04-28,af424ab5-dcc2-5aa4-802d-53e8e99d4579,confirmed,,manual,{},AMZN MKTP US*8403,0.86,,2026-04-28T00:00:00
b22bd702-96d8-5dfc-9f69-b0041de9b52a,532788bd-1641-5dc9-b246-c4397ed4af60,c7c53ab9-c6fe-5a0b-b3a8-36f12237d898,6a8ed953-2c24-5301-8d91-e6aa9dcfeadf,78bab17d-4ce4-5345-97e7-6969d2e7a5e9,-490.00,USD,-490.00,,2026-04-29,b7ec2236-fab9-5f74-9e59-c0476c5dccf2,confirmed,,manual,{},DELTA AIR LINES 2359,0.85,,2026-04-29T00:00:00
bfb7b162-443d-52cf-8676-e78e1aa7d23f,532788bd-1641-5dc9-b246-c4397ed4af60,c7c53ab9-c6fe-5a0b-b3a8-36f12237d898,6a8ed953-2c24-5301-8d91-e6aa9dcfeadf,d97309cb-eeb8-505a-9948-eec2d33394db,-188.78,USD,-188.78,,2026-04-29,ccb8e507-d6df-51d3-9c6b-2af43847184c,confirmed,,manual,{},HOME DEPOT #5507 PAYMENT,0.89,,2026-04-29T00:00:00
533638cf-4504-5888-b74b-ac62787c71e8,fb1ad2c1-a5b0-5ae0-9d88-507024507a14,494fb35b-ea2e-5ea2-8e6a-da836c11e230,dac49113-c1bb-5b26-8af5-745de0febf46,f573b94f-d6d1-51c3-a8dd-9f4c61a57329,-93.94,USD,-93.94,,2026-04-29,0c9330d7-1154-5540-9033-ff3ccdfd842d,confirmed,,manual,{'recurring': True},VERIZON WIRELESS 6171,0.88,,2026-04-29T00:00:00
88e136de-40f7-5421-9fb0-db8e640e08ed,532788bd-1641-5dc9-b246-c4397ed4af60,859c8fb0-d2a2-5d68-ad57-6ad36dcbffcc,6a8ed953-2c24-5301-8d91-e6aa9dcfeadf,c905592e-a82b-5c8e-904a-d39c475430ef,-48.94,USD,-48.94,,2026-04-30,938be465-3e19-5055-b08e-939e392f553f,confirmed,,manual,{},SHELL OIL 4197 PURCHASE,0.74,,2026-04-30T00:00:00
6263460a-959c-5e1f-84c5-f6e2cc8049da,532788bd-1641-5dc9-b246-c4397ed4af60,c7c53ab9-c6fe-5a0b-b3a8-36f12237d898,6a8ed953-2c24-5301-8d91-e6aa9dcfeadf,d97309cb-eeb8-505a-9948-eec2d33394db,-258.06,USD,-258.06,,2026-04-30,ccb8e507-d6df-51d3-9c6b-2af43847184c,confirmed,,plaid,{},HOME DEPOT #3202 PAYMENT,0.71,,2026-04-30T00:00:00
8fec6465-3209-5a35-99c5-5b9d285c4a53,fb1ad2c1-a5b0-5ae0-9d88-507024507a14,494fb35b-ea2e-5ea2-8e6a-da836c11e230,dac49113-c1bb-5b26-8af5-745de0febf46,2d8b3f27-58fe-5583-8d7e-995c79ade98a,-20.13,USD,-20.13,,2026-04-30,83564403-ac9f-5db5-a4fb-344879db34db,draft,,manual,{},KROGER #9921,0.89,,2026-04-30T00:00:00
8f0871eb-76f1-5602-a3f0-ac80c64d13fa,fb1ad2c1-a5b0-5ae0-9d88-507024507a14,494fb35b-ea2e-5ea2-8e6a-da836c11e230,dac49113-c1bb-5b26-8af5-745de0febf46,2d8b3f27-58fe-5583-8d7e-995c79ade98a,-18.62,USD,-18.62,,2026-04-30,83564403-ac9f-5db5-a4fb-344879db34db,confirmed,,manual,{'recurring': True},KROGER #8725,0.86,,2026-04-30T00:00:00
ee17b988-d82c-5daa-b948-71903f612a02,fb1ad2c1-a5b0-5ae0-9d88-507024507a14,de3e3182-4126-54b8-a5b3-1fbacfb03c9e,dac49113-c1bb-5b26-8af5-745de0febf46,1796e996-84d5-5ef5-a717-a953e2e49c08,-160.71,USD,-160.71,,2026-04-30,b7ec2236-fab9-5f74-9e59-c0476c5dccf2,confirmed,,manual,{},MARRIOTT,0.99,,2026-04-30T00:00:00
1294e36b-d39c-5731-8a33-94ad6879a93c,532788bd-1641-5dc9-b246-c4397ed4af60,c7c53ab9-c6fe-5a0b-b3a8-36f12237d898,6a8ed953-2c24-5301-8d91-e6aa9dcfeadf,c905592e-a82b-5c8e-904a-d39c475430ef,-42.77,USD,-42.77,,2026-05-01,f43ab923-88d2-5d30-b514-e67d3c90367a,confirmed,,plaid,{'recurring': True},SHELL OIL 2901 PURCHASE,0.87,,2026-05-01T00:00:00
121a670f-576d-5191-a1a2-cb8b9dfb42e5,fb1ad2c1-a5b0-5ae0-9d88-507024507a14,494fb35b-ea2e-5ea2-8e6a-da836c11e230,dac49113-c1bb-5b26-8af5-745de0febf46,d97309cb-eeb8-505a-9948-eec2d33394db,-177.36,USD,-177.36,,2026-05-01,077786c2-88f8-517e-9a65-266b802523c4,confirmed,,manual,{},HOME DEPOT #9341 ,0.81,,2026-05-01T00:00:00
e722eeea-1e2e-57a2-8619-bb30acc9847c,fb1ad2c1-a5b0-5ae0-9d88-507024507a14,de3e3182-4126-54b8-a5b3-1fbacfb03c9e,dac49113-c1bb-5b26-8af5-745de0febf46,8b093965-626b-562e-ba34-3a2ae16c7328,-14.35,USD,-14.35,,2026-05-01,8d5d7df5-91ea-5998-8eea-33179599a118,confirmed,,plaid,{},PLANET FITNESS,0.99,,2026-05-01T00:00:00
0e5980b4-4c89-517e-815c-f44a0ed57133,532788bd-1641-5dc9-b246-c4397ed4af60,859c8fb0-d2a2-5d68-ad57-6ad36dcbffcc,6a8ed953-2c24-5301-8d91-e6aa9dcfeadf,8b093965-626b-562e-ba34-3a2ae16c7328,-16.50,USD,-16.50,,2026-05-02,875ccc19-66e7-5835-86a5-73be20384685,confirmed,,plaid,{},PLANET FITNESS,0.83,,2026-05-02T00:00:00
d6806f79-97c2-515e-9408-a91cc6798d78,532788bd-1641-5dc9-b246-c4397ed4af60,c7c53ab9-c6fe-5a0b-b3a8-36f12237d898,6a8ed953-2c24-5301-8d91-e6aa9dcfeadf,d97309cb-eeb8-505a-9948-eec2d33394db,-95.93,USD,-95.93,,2026-05-02,ccb8e507-d6df-51d3-9c6b-2af43847184c,confirmed,,manual,{},HOME DEPOT #1228 PAYMENT,0.89,,2026-05-02T00:00:00
92e51fc3-2150-5232-85a6-1c4b2c047c82,532788bd-1641-5dc9-b246-c4397ed4af60,c7c53ab9-c6fe-5a0b-b3a8-36f12237d898,6a8ed953-2c24-5301-8d91-e6aa9dcfeadf,f2a9ca2a-37af-503e-8036-0623ac1a9dbc,-4.88,USD,-4.88,,2026-05-02,ba8264d5-be92-573d-bee0-fc77ba1eba53,confirmed,,manual,{},APPLE.COM/BILL,0.85,,2026-05-02T00:00:00
aae23fb8-d96f-5f87-9152-ef9a4a06472c,fb1ad2c1-a5b0-5ae0-9d88-507024507a14,494fb35b-ea2e-5ea2-8e6a-da836c11e230,dac49113-c1bb-5b26-8af5-745de0febf46,d97309cb-eeb8-505a-9948-eec2d33394db,-254.45,USD,-254.45,,2026-05-02,ccb8e507-d6df-51d3-9c6b-2af43847184c,confirmed,,plaid,{},HOME DEPOT #8908 PAYMENT,0.78,,2026-05-02T00:00:00
4ba49b8e-1f7c-5ff0-92d3-94ff12c86953,fb1ad2c1-a5b0-5ae0-9d88-507024507a14,de3e3182-4126-54b8-a5b3-1fbacfb03c9e,dac49113-c1bb-5b26-8af5-745de0febf46,4af9f4ae-4781-5cb6-8281-5c9f09d25ac0,-91.88,USD,-91.88,,2026-05-02,af424ab5-dcc2-5aa4-802d-53e8e99d4579,confirmed,,manual,{'recurring': True},TARGET 4353 PURCHASE,0.95,,2026-05-02T00:00:00
4491e768-4fec-5a8a-a104-4ae6819ff82d,532788bd-1641-5dc9-b246-c4397ed4af60,859c8fb0-d2a2-5d68-ad57-6ad36dcbffcc,6a8ed953-2c24-5301-8d91-e6aa9dcfeadf,a00cde6f-8b9f-5006-9541-fdeeb8008d4f,-26.04,USD,-26.04,,2026-05-03,d4c1f95d-47e8-52f6-8df9-eeb79b606fda,confirmed,,manual,{},AMZN MKTP US*4152,0.81,,2026-05-03T00:00:00
7d457647-f39b-5a42-b833-42e3ed34473f,532788bd-1641-5dc9-b246-c4397ed4af60,c7c53ab9-c6fe-5a0b-b3a8-36f12237d898,6a8ed953-2c24-5301-8d91-e6aa9dcfeadf,d97309cb-eeb8-505a-9948-eec2d33394db,-126.41,USD,-126.41,,2026-05-03,ccb8e507-d6df-51d3-9c6b-2af43847184c,confirmed,,manual,{},HOME DEPOT #2148 PAYMENT,0.84,,2026-05-03T00:00:00
4758cae4-9e05-54d9-9eb3-4f72e747d765,532788bd-1641-5dc9-b246-c4397ed4af60,859c8fb0-d2a2-5d68-ad57-6ad36dcbffcc,6a8ed953-2c24-5301-8d91-e6aa9dcfeadf,d97309cb-eeb8-505a-9948-eec2d33394db,-287.26,USD,-287.26,,2026-05-03,ccb8e507-d6df-51d3-9c6b-2af43847184c,confirmed,,manual,{},HOME DEPOT #8559 PURCHASE,0.93,,2026-05-03T00:00:00
a7ce3686-25cf-54b5-8d38-dd6cb4e07d1b,fb1ad2c1-a5b0-5ae0-9d88-507024507a14,de3e3182-4126-54b8-a5b3-1fbacfb03c9e,dac49113-c1bb-5b26-8af5-745de0febf46,d97309cb-eeb8-505a-9948-eec2d33394db,-226.82,USD,-226.82,,2026-05-03,077786c2-88f8-517e-9a65-266b802523c4,confirmed,,manual,{},HOME DEPOT #7387 ,0.95,,2026-05-03T00:00:00
3178e231-f3bd-5bd7-a6c7-5ae15cb89e8c,fb1ad2c1-a5b0-5ae0-9d88-507024507a14,494fb35b-ea2e-5ea2-8e6a-da836c11e230,dac49113-c1bb-5b26-8af5-745de0febf46,8989e0bc-e443-55e5-9e3f-e2a8f32ee6d7,-15.49,USD,-15.49,,2026-05-03,ea950238-0d12-58ed-8e20-085ecb1a6754,confirmed,,manual,{},NETFLIX.COM,0.97,,2026-05-03T00:00:00
c13b6c54-3090-5ffe-9afd-96538acd40f6,fb1ad2c1-a5b0-5ae0-9d88-507024507a14,de3e3182-4126-54b8-a5b3-1fbacfb03c9e,dac49113-c1bb-5b26-8af5-745de0febf46,a00cde6f-8b9f-5006-9541-fdeeb8008d4f,-118.75,USD,-118.75,,2026-05-03,c163ef62-5201-5cb2-bf0d-781443a4e5aa,confirmed,,manual,{},Amazon.com 8773 PURCHASE,0.75,,2026-05-03T00:00:00
8d8baada-0837-5452-a51c-8e701d4a273c,532788bd-1641-5dc9-b246-c4397ed4af60,859c8fb0-d2a2-5d68-ad57-6ad36dcbffcc,6a8ed953-2c24-5301-8d91-e6aa9dcfeadf,d97309cb-eeb8-505a-9948-eec2d33394db,-220.26,USD,-220.26,,2026-05-04,ccb8e507-d6df-51d3-9c6b-2af43847184c,confirmed,,manual,{},HOME DEPOT #5429 PAYMENT,0.81,,2026-05-04T00:00:00
4c409db2-5774-50b6-8908-34c24170260d,532788bd-1641-5dc9-b246-c4397ed4af60,c7c53ab9-c6fe-5a0b-b3a8-36f12237d898,6a8ed953-2c24-5301-8d91-e6aa9dcfeadf,808b3755-614e-5b7e-ba90-ef88c5558ae5,-23.01,USD,-23.01,,2026-05-04,faa9d7bb-1220-5a93-8675-adf7fee33a10,confirmed,,manual,{'recurring': True},LYFT,0.97,,2026-05-04T00:00:00
fdcc9874-fdf5-532b-8a0a-61fd3d22b4b3,532788bd-1641-5dc9-b246-c4397ed4af60,859c8fb0-d2a2-5d68-ad57-6ad36dcbffcc,6a8ed953-2c24-5301-8d91-e6aa9dcfeadf,7d5663eb-5e52-5077-9815-788af0c1bfc3,-9.38,USD,-9.38,,2026-05-04,fa112a1b-3269-5304-b7dc-1ef8de5dddc0,confirmed,,plaid,{},MCDONALD'S #1532,0.79,,2026-05-04T00:00:00
5ae99051-da85-54a2-80e3-c27a889b506c,fb1ad2c1-a5b0-5ae0-9d88-507024507a14,494fb35b-ea2e-5ea2-8e6a-da836c11e230,dac49113-c1bb-5b26-8af5-745de0febf46,d97309cb-eeb8-505a-9948-eec2d33394db,-62.93,USD,-62.93,,2026-05-04,ccb8e507-d6df-51d3-9c6b-2af43847184c,confirmed,,manual,{'recurring': True},HOME DEPOT #9055 PURCHASE,0.7,,2026-05-04T00:00:00
f054437c-8918-5eb0-9535-c0507e91d35b,fb1ad2c1-a5b0-5ae0-9d88-507024507a14,494fb35b-ea2e-5ea2-8e6a-da836c11e230,dac49113-c1bb-5b26-8af5-745de0febf46,d97309cb-eeb8-505a-9948-eec2d33394db,-49.58,USD,-49.58,,2026-05-04,ccb8e507-d6df-51d3-9c6b-2af43847184c,confirmed,,manual,{},HOME DEPOT #1043 DEBIT,0.93,,2026-05-04T00:00:00
258d6e39-38cf-5859-b37f-10d7d6a57198,532788bd-1641-5dc9-b246-c4397ed4af60,c7c53ab9-c6fe-5a0b-b3a8-36f12237d898,6a8ed953-2c24-5301-8d91-e6aa9dcfeadf,16a24acb-ea67-57eb-a942-246e8cd94297,-11.99,USD,-11.99,,2026-05-05,65728c1d-c5db-50c9-baf0-84bb2cf68d11,confirmed,,manual,{},GOOGLE *YOUTUBE PREMIUM,1.0,,2026-05-05T00:00:00
544f2e73-84d4-5250-848d-64a9c2f62e53,532788bd-1641-5dc9-b246-c4397ed4af60,c7c53ab9-c6fe-5a0b-b3a8-36f12237d898,6a8ed953-2c24-5301-8d91-e6aa9dcfeadf,f2a9ca2a-37af-503e-8036-0623ac1a9dbc,-30.00,USD,-30.00,,2026-05-05,bcbbc4c0-8642-5b1f-ad56-562045f80345,confirmed,,manual,{'recurring': True},APPLE.COM/BILL,0.94,,2026-05-05T00:00:00
64ad1f29-b7af-5447-8e6b-cd8a6319bf79,fb1ad2c1-a5b0-5ae0-9d88-507024507a14,494fb35b-ea2e-5ea2-8e6a-da836c11e230,dac49113-c1bb-5b26-8af5-745de0febf46,d97309cb-eeb8-505a-9948-eec2d33394db,-221.06,USD,-221.06,,2026-05-05,ccb8e507-d6df-51d3-9c6b-2af43847184c,confirmed,,manual,{},HOME DEPOT #2351 DEBIT,0.9,,2026-05-05T00:00:00
fd6cb46e-4377-574a-a632-055e2a3c9c83,fb1ad2c1-a5b0-5ae0-9d88-507024507a14,494fb35b-ea2e-5ea2-8e6a-da836c11e230,dac49113-c1bb-5b26-8af5-745de0febf46,d97309cb-eeb8-505a-9948-eec2d33394db,-57.77,USD,-57.77,,2026-05-05,ccb8e507-d6df-51d3-9c6b-2af43847184c,confirmed,,plaid,{},HOME DEPOT #5256 DEBIT,0.77,,2026-05-05T00:00:00
25177d6b-8f63-5f88-8467-77942de1b43c,532788bd-1641-5dc9-b246-c4397ed4af60,859c8fb0-d2a2-5d68-ad57-6ad36dcbffcc,6a8ed953-2c24-5301-8d91-e6aa9dcfeadf,d97309cb-eeb8-505a-9948-eec2d33394db,-91.09,USD,-91.09,,2026-05-06,ccb8e507-d6df-51d3-9c6b-2af43847184c,confirmed,,plaid,{'recurring': True},HOME DEPOT #9832 DEBIT,0.9,,2026-05-06T00:00:00
4277cbbd-2c43-54bb-ba2f-2758a25f6f4c,532788bd-1641-5dc9-b246-c4397ed4af60,859c8fb0-d2a2-5d68-ad57-6ad36dcbffcc,6a8ed953-2c24-5301-8d91-e6aa9dcfeadf,d97309cb-eeb8-505a-9948-eec2d33394db,-297.86,USD,-297.86,,2026-05-06,ccb8e507-d6df-51d3-9c6b-2af43847184c,confirmed,,manual,{},HOME DEPOT #2756 DEBIT,0.94,,2026-05-06T00:00:00
5be219f1-f649-5948-a218-1dad9fdec794,532788bd-1641-5dc9-b246-c4397ed4af60,859c8fb0-d2a2-5d68-ad57-6ad36dcbffcc,6a8ed953-2c24-5301-8d91-e6aa9dcfeadf,d97309cb-eeb8-505a-9948-eec2d33394db,-47.61,USD,-47.61,,2026-05-06,ccb8e507-d6df-51d3-9c6b-2af43847184c,confirmed,,manual,{},HOME DEPOT #8612 PURCHASE,0.71,,2026-05-06T00:00:00
9158859b-b14a-5554-a01b-ee2b6490effd,532788bd-1641-5dc9-b246-c4397ed4af60,859c8fb0-d2a2-5d68-ad57-6ad36dcbffcc,6a8ed953-2c24-5301-8d91-e6aa9dcfeadf,d97309cb-eeb8-505a-9948-eec2d33394db,-134.40,USD,-134.40,,2026-05-07,ccb8e507-d6df-51d3-9c6b-2af43847184c,confirmed,,manual,{},HOME DEPOT #7272 DEBIT,0.7,,2026-05-07T00:00:00
67e6b14e-d130-5fda-a214-8479377694fc,fb1ad2c1-a5b0-5ae0-9d88-507024507a14,494fb35b-ea2e-5ea2-8e6a-da836c11e230,dac49113-c1bb-5b26-8af5-745de0febf46,d553f2a4-b2c8-570b-8de4-81fa86437869,-114.92,USD,-114.92,,2026-05-07,83564403-ac9f-5db5-a4fb-344879db34db,confirmed,,manual,{},WALMART 4002 ,0.95,,2026-05-07T00:00:00
8a76b776-0c6f-5b72-bf88-40d675e29813,fb1ad2c1-a5b0-5ae0-9d88-507024507a14,de3e3182-4126-54b8-a5b3-1fbacfb03c9e,dac49113-c1bb-5b26-8af5-745de0febf46,d97309cb-eeb8-505a-9948-eec2d33394db,-266.90,USD,-266.90,,2026-05-08,bdba84aa-8286-5caf-8252-985e2f2f3c1a,confirmed,,manual,{},HOME DEPOT #9366 PAYMENT,0.95,,2026-05-08T00:00:00
e79b6a76-1f92-5425-b1f9-b2db44540175,fb1ad2c1-a5b0-5ae0-9d88-507024507a14,494fb35b-ea2e-5ea2-8e6a-da836c11e230,dac49113-c1bb-5b26-8af5-745de0febf46,f573b94f-d6d1-51c3-a8dd-9f4c61a57329,-91.83,USD,-91.83,,2026-05-08,bf16b8ec-849c-50c6-9240-c9ae62d9ba69,draft,,plaid,{},VERIZON WIRELESS 9201,0.79,,2026-05-08T00:00:00
9901229d-a462-56b8-a013-ce221d437092,fb1ad2c1-a5b0-5ae0-9d88-507024507a14,494fb35b-ea2e-5ea2-8e6a-da836c11e230,dac49113-c1bb-5b26-8af5-745de0febf46,d97309cb-eeb8-505a-9948-eec2d33394db,-171.09,USD,-171.09,,2026-05-08,077786c2-88f8-517e-9a65-266b802523c4,confirmed,,manual,{'recurring': True},HOME DEPOT #2423 PAYMENT,0.88,,2026-05-08T00:00:00
b3ce8849-e646-5cad-b17f-d637b07d81dd,532788bd-1641-5dc9-b246-c4397ed4af60,859c8fb0-d2a2-5d68-ad57-6ad36dcbffcc,6a8ed953-2c24-5301-8d91-e6aa9dcfeadf,5813fb16-6db8-5fd5-9486-97b3414b3ad6,-100.10,USD,-100.10,,2026-05-09,83564403-ac9f-5db5-a4fb-344879db34db,confirmed,,manual,{},WHOLE FOODS 2656 ,0.84,,2026-05-09T00:00:00
bfabc72f-967a-5461-8649-3e19de133d33,532788bd-1641-5dc9-b246-c4397ed4af60,859c8fb0-d2a2-5d68-ad57-6ad36dcbffcc,6a8ed953-2c24-5301-8d91-e6aa9dcfeadf,8b093965-626b-562e-ba34-3a2ae16c7328,-15.82,USD,-15.82,,2026-05-09,875ccc19-66e7-5835-86a5-73be20384685,confirmed,,manual,{},PLANET FITNESS,0.92,,2026-05-09T00:00:00
fa500f3c-ae09-5f6a-922b-c22c589568f7,fb1ad2c1-a5b0-5ae0-9d88-507024507a14,494fb35b-ea2e-5ea2-8e6a-da836c11e230,dac49113-c1bb-5b26-8af5-745de0febf46,d97309cb-eeb8-505a-9948-eec2d33394db,-16.19,USD,-16.19,,2026-05-09,ccb8e507-d6df-51d3-9c6b-2af43847184c,confirmed,,manual,{},HOME DEPOT #3331 DEBIT,0.72,,2026-05-09T00:00:00
8190ac6a-2deb-5d60-8e1f-8568b21cbbb7,fb1ad2c1-a5b0-5ae0-9d88-507024507a14,de3e3182-4126-54b8-a5b3-1fbacfb03c9e,dac49113-c1bb-5b26-8af5-745de0febf46,78bab17d-4ce4-5345-97e7-6969d2e7a5e9,-306.46,USD,-306.46,,2026-05-09,b7ec2236-fab9-5f74-9e59-c0476c5dccf2,confirmed,,manual,{'recurring': True},DELTA AIR LINES 8645,0.93,,2026-05-09T00:00:00
be41caa4-c783-57ef-af84-3613425d304d,fb1ad2c1-a5b0-5ae0-9d88-507024507a14,494fb35b-ea2e-5ea2-8e6a-da836c11e230,dac49113-c1bb-5b26-8af5-745de0febf46,b7475634-9a3f-5b47-9978-5578a1ceb107,-177.26,USD,-177.26,,2026-05-09,c163ef62-5201-5cb2-bf0d-781443a4e5aa,confirmed,,manual,{'recurring': True},MACY'S,0.89,,2026-05-09T00:00:00
e4c78089-6cc8-5e5b-8c9a-a4ac7edc4944,532788bd-1641-5dc9-b246-c4397ed4af60,859c8fb0-d2a2-5d68-ad57-6ad36dcbffcc,6a8ed953-2c24-5301-8d91-e6aa9dcfeadf,d97309cb-eeb8-505a-9948-eec2d33394db,-111.24,USD,-111.24,,2026-05-10,ccb8e507-d6df-51d3-9c6b-2af43847184c,confirmed,,manual,{},HOME DEPOT #1370 ,0.7,,2026-05-10T00:00:00
470aaed5-3737-5c72-866b-c0ffd6459762,532788bd-1641-5dc9-b246-c4397ed4af60,c7c53ab9-c6fe-5a0b-b3a8-36f12237d898,6a8ed953-2c24-5301-8d91-e6aa9dcfeadf,234091f8-66bb-5bb3-84d3-5acfb26b89bb,-9.29,USD,-9.29,,2026-05-10,faa9d7bb-1220-5a93-8675-adf7fee33a10,confirmed,,manual,{},UBER *TRIP 1114,0.91,,2026-05-10T00:00:00
15ce3dee-a9f0-5e79-a670-affaf259c3bb,fb1ad2c1-a5b0-5ae0-9d88-507024507a14,de3e3182-4126-54b8-a5b3-1fbacfb03c9e,dac49113-c1bb-5b26-8af5-745de0febf46,c905592e-a82b-5c8e-904a-d39c475430ef,-42.71,USD,-42.71,,2026-05-10,f43ab923-88d2-5d30-b514-e67d3c90367a,confirmed,,plaid,{},SHELL OIL 3211 PURCHASE,0.95,,2026-05-10T00:00:00
ab06d33c-aeff-5f14-b772-5f7cfbac4c7e,fb1ad2c1-a5b0-5ae0-9d88-507024507a14,de3e3182-4126-54b8-a5b3-1fbacfb03c9e,dac49113-c1bb-5b26-8af5-745de0febf46,b8eadc23-f654-5613-9f2a-cf111cf0ed88,-16.30,USD,-16.30,,2026-05-10,83564403-ac9f-5db5-a4fb-344879db34db,confirmed,,manual,{},TRADER JOE'S #2086,0.95,,2026-05-10T00:00:00
a44413f6-d776-5a76-8fa5-81da8ee9f6f5,532788bd-1641-5dc9-b246-c4397ed4af60,c7c53ab9-c6fe-5a0b-b3a8-36f12237d898,6a8ed953-2c24-5301-8d91-e6aa9dcfeadf,d553f2a4-b2c8-570b-8de4-81fa86437869,-127.42,USD,-127.42,,2026-05-11,83564403-ac9f-5db5-a4fb-344879db34db,confirmed,,manual,{},WAL-MART #7363,0.81,,2026-05-11T00:00:00
98b5bd96-9751-506f-a197-053f4804b96c,532788bd-1641-5dc9-b246-c4397ed4af60,859c8fb0-d2a2-5d68-ad57-6ad36dcbffcc,6a8ed953-2c24-5301-8d91-e6aa9dcfeadf,f573b94f-d6d1-51c3-a8dd-9f4c61a57329,-83.33,USD,-83.33,,2026-05-11,2d123316-c022-5b31-8284-b23e61b8e6d0,confirmed,,manual,{},VERIZON WIRELESS 9817,0.79,,2026-05-11T00:00:00
df80299c-ae8b-5016-bebb-47949155fe74,532788bd-1641-5dc9-b246-c4397ed4af60,859c8fb0-d2a2-5d68-ad57-6ad36dcbffcc,6a8ed953-2c24-5301-8d91-e6aa9dcfeadf,d97309cb-eeb8-505a-9948-eec2d33394db,-28.35,USD,-28.35,,2026-05-12,ccb8e507-d6df-51d3-9c6b-2af43847184c,confirmed,,manual,{},HOME DEPOT #2167 ,0.91,,2026-05-12T00:00:00
b3c78f76-1da4-5c29-8320-bb88e92617f8,532788bd-1641-5dc9-b246-c4397ed4af60,c7c53ab9-c6fe-5a0b-b3a8-36f12237d898,6a8ed953-2c24-5301-8d91-e6aa9dcfeadf,68f0922a-39b9-507c-92a6-e2500de5f321,-92.39,USD,-92.39,,2026-05-12,83564403-ac9f-5db5-a4fb-344879db34db,confirmed,,manual,{},COSTCO WHSE #6076,0.74,,2026-05-12T00:00:00
0273504d-686d-5568-86bd-facb6714a19d,fb1ad2c1-a5b0-5ae0-9d88-507024507a14,de3e3182-4126-54b8-a5b3-1fbacfb03c9e,dac49113-c1bb-5b26-8af5-745de0febf46,16a24acb-ea67-57eb-a942-246e8cd94297,-11.99,USD,-11.99,,2026-05-12,b2297a61-f8d6-53cc-b11d-49ea16c81db3,confirmed,,plaid,{},GOOGLE *YOUTUBE PREMIUM,0.8,,2026-05-12T00:00:00
14569f9d-ddd4-5501-a701-8b807eebf29d,532788bd-1641-5dc9-b246-c4397ed4af60,c7c53ab9-c6fe-5a0b-b3a8-36f12237d898,6a8ed953-2c24-5301-8d91-e6aa9dcfeadf,78bab17d-4ce4-5345-97e7-6969d2e7a5e9,-237.09,USD,-237.09,,2026-05-13,79c60cc2-48aa-5f74-8871-3cb616b26e25,confirmed,,manual,{},DELTA AIR LINES 9301,0.96,,2026-05-13T00:00:00
c822ab3a-71c9-502c-b2f4-3953107dbe57,532788bd-1641-5dc9-b246-c4397ed4af60,859c8fb0-d2a2-5d68-ad57-6ad36dcbffcc,6a8ed953-2c24-5301-8d91-e6aa9dcfeadf,c9ef2dab-c18a-5c65-bdc7-b6b34f18356e,-30.70,USD,-30.70,,2026-05-13,71b656bc-548e-5020-b191-229e68650021,confirmed,,manual,{},CVS PHARMACY #5843,0.83,,2026-05-13T00:00:00
217e7f94-8c74-56e9-89cd-3b6ad8878bfe,fb1ad2c1-a5b0-5ae0-9d88-507024507a14,494fb35b-ea2e-5ea2-8e6a-da836c11e230,dac49113-c1bb-5b26-8af5-745de0febf46,4af9f4ae-4781-5cb6-8281-5c9f09d25ac0,-62.93,USD,-62.93,,2026-05-13,c163ef62-5201-5cb2-bf0d-781443a4e5aa,confirmed,,plaid,{},TARGET 2600 ,0.93,,2026-05-13T00:00:00
d58eadfb-0c71-5122-9ca8-108951d0cdb9,fb1ad2c1-a5b0-5ae0-9d88-507024507a14,494fb35b-ea2e-5ea2-8e6a-da836c11e230,dac49113-c1bb-5b26-8af5-745de0febf46,d97309cb-eeb8-505a-9948-eec2d33394db,-216.12,USD,-216.12,,2026-05-13,ccb8e507-d6df-51d3-9c6b-2af43847184c,confirmed,,manual,{},HOME DEPOT #1816 PURCHASE,0.93,,2026-05-13T00:00:00
1dffb47c-b752-531b-aff2-7be4cc0f1364,532788bd-1641-5dc9-b246-c4397ed4af60,c7c53ab9-c6fe-5a0b-b3a8-36f12237d898,6a8ed953-2c24-5301-8d91-e6aa9dcfeadf,8b093965-626b-562e-ba34-3a2ae16c7328,-23.33,USD,-23.33,,2026-05-14,875ccc19-66e7-5835-86a5-73be20384685,confirmed,,manual,{},PLANET FITNESS,0.74,,2026-05-14T00:00:00
d910fa28-f617-5b0a-b9ee-72cd7cbe654b,fb1ad2c1-a5b0-5ae0-9d88-507024507a14,de3e3182-4126-54b8-a5b3-1fbacfb03c9e,dac49113-c1bb-5b26-8af5-745de0febf46,4070c9b0-7b80-5ca4-9dcd-613c6df99208,-342.39,USD,-342.39,,2026-05-14,79c60cc2-48aa-5f74-8871-3cb616b26e25,confirmed,,plaid,{},HILTON,0.74,,2026-05-14T00:00:00
8d03af4e-10f0-5d87-a380-76fdfd125370,fb1ad2c1-a5b0-5ae0-9d88-507024507a14,494fb35b-ea2e-5ea2-8e6a-da836c11e230,dac49113-c1bb-5b26-8af5-745de0febf46,234091f8-66bb-5bb3-84d3-5acfb26b89bb,-21.01,USD,-21.01,,2026-05-14,faa9d7bb-1220-5a93-8675-adf7fee33a10,confirmed,,plaid,{},UBER *TRIP 9470,0.91,,2026-05-14T00:00:00
46b7c32c-7021-5875-a826-8e88df6254f9,532788bd-1641-5dc9-b246-c4397ed4af60,c7c53ab9-c6fe-5a0b-b3a8-36f12237d898,6a8ed953-2c24-5301-8d91-e6aa9dcfeadf,234091f8-66bb-5bb3-84d3-5acfb26b89bb,-23.18,USD,-23.18,,2026-05-15,51fda6e9-fdf8-5107-ac9c-83867d45beb7,confirmed,,manual,{},UBER *TRIP 6363,0.79,,2026-05-15T00:00:00
042243dc-a868-57e1-8d9d-a14391e60e82,532788bd-1641-5dc9-b246-c4397ed4af60,c7c53ab9-c6fe-5a0b-b3a8-36f12237d898,6a8ed953-2c24-5301-8d91-e6aa9dcfeadf,d553f2a4-b2c8-570b-8de4-81fa86437869,-113.14,USD,-113.14,,2026-05-15,83564403-ac9f-5db5-a4fb-344879db34db,confirmed,,manual,{'recurring': True},WALMART 6554 PAYMENT,0.88,,2026-05-15T00:00:00
62211663-a8ca-53f1-8db7-b2ef3e68268f,fb1ad2c1-a5b0-5ae0-9d88-507024507a14,de3e3182-4126-54b8-a5b3-1fbacfb03c9e,dac49113-c1bb-5b26-8af5-745de0febf46,d97309cb-eeb8-505a-9948-eec2d33394db,-74.87,USD,-74.87,,2026-05-15,077786c2-88f8-517e-9a65-266b802523c4,confirmed,,plaid,{},HOME DEPOT #8461 PURCHASE,0.89,,2026-05-15T00:00:00
cc9bb557-4b46-5813-8925-dff492919b4d,fb1ad2c1-a5b0-5ae0-9d88-507024507a14,de3e3182-4126-54b8-a5b3-1fbacfb03c9e,dac49113-c1bb-5b26-8af5-745de0febf46,d97309cb-eeb8-505a-9948-eec2d33394db,-59.92,USD,-59.92,,2026-05-15,ccb8e507-d6df-51d3-9c6b-2af43847184c,confirmed,,manual,{},HOME DEPOT #5734 PAYMENT,0.77,,2026-05-15T00:00:00
9f59822c-6d22-5631-a02c-cae203c57812,fb1ad2c1-a5b0-5ae0-9d88-507024507a14,de3e3182-4126-54b8-a5b3-1fbacfb03c9e,dac49113-c1bb-5b26-8af5-745de0febf46,d97309cb-eeb8-505a-9948-eec2d33394db,-67.55,USD,-67.55,,2026-05-16,bdba84aa-8286-5caf-8252-985e2f2f3c1a,confirmed,,manual,{'recurring': True},HOME DEPOT #9117 DEBIT,0.84,,2026-05-16T00:00:00
51dfaf35-9f12-5ab7-afb9-683bcad0ed67,fb1ad2c1-a5b0-5ae0-9d88-507024507a14,494fb35b-ea2e-5ea2-8e6a-da836c11e230,dac49113-c1bb-5b26-8af5-745de0febf46,78bab17d-4ce4-5345-97e7-6969d2e7a5e9,-410.04,USD,-410.04,,2026-05-16,7dc4d185-914f-5736-9f4d-8756e08d9766,confirmed,,manual,{},DELTA AIR LINES 1644,0.76,,2026-05-16T00:00:00
d7207e35-72d4-5461-8828-8bf079129805,532788bd-1641-5dc9-b246-c4397ed4af60,c7c53ab9-c6fe-5a0b-b3a8-36f12237d898,6a8ed953-2c24-5301-8d91-e6aa9dcfeadf,d97309cb-eeb8-505a-9948-eec2d33394db,-60.57,USD,-60.57,,2026-05-17,ccb8e507-d6df-51d3-9c6b-2af43847184c,confirmed,,manual,{},HOME DEPOT #8098 PURCHASE,0.99,,2026-05-17T00:00:00
7bd3af81-2f07-51e8-959f-09bceb40e405,532788bd-1641-5dc9-b246-c4397ed4af60,c7c53ab9-c6fe-5a0b-b3a8-36f12237d898,6a8ed953-2c24-5301-8d91-e6aa9dcfeadf,5813fb16-6db8-5fd5-9486-97b3414b3ad6,-85.22,USD,-85.22,,2026-05-17,83564403-ac9f-5db5-a4fb-344879db34db,confirmed,,manual,{},WHOLE FOODS 1974 PURCHASE,0.89,,2026-05-17T00:00:00
12b4fa96-851c-5aec-a37f-c9b942dfb1e4,fb1ad2c1-a5b0-5ae0-9d88-507024507a14,de3e3182-4126-54b8-a5b3-1fbacfb03c9e,dac49113-c1bb-5b26-8af5-745de0febf46,f573b94f-d6d1-51c3-a8dd-9f4c61a57329,-103.23,USD,-103.23,,2026-05-17,bf16b8ec-849c-50c6-9240-c9ae62d9ba69,confirmed,,manual,{},VERIZON WIRELESS 1383,0.7,,2026-05-17T00:00:00
15112de3-af8b-5f07-a6cc-a4f9574a36f9,fb1ad2c1-a5b0-5ae0-9d88-507024507a14,494fb35b-ea2e-5ea2-8e6a-da836c11e230,dac49113-c1bb-5b26-8af5-745de0febf46,8989e0bc-e443-55e5-9e3f-e2a8f32ee6d7,-15.49,USD,-15.49,,2026-05-17,ea950238-0d12-58ed-8e20-085ecb1a6754,confirmed,,plaid,{},NETFLIX.COM,0.75,,2026-05-17T00:00:00
5a80b971-40df-58ae-a5c9-73006dd8d16e,fb1ad2c1-a5b0-5ae0-9d88-507024507a14,de3e3182-4126-54b8-a5b3-1fbacfb03c9e,dac49113-c1bb-5b26-8af5-745de0febf46,8989e0bc-e443-55e5-9e3f-e2a8f32ee6d7,-15.49,USD,-15.49,,2026-05-17,ea950238-0d12-58ed-8e20-085ecb1a6754,confirmed,,manual,{},NETFLIX.COM,0.75,,2026-05-17T00:00:00
88475e83-4f50-5f54-ba78-7976a0e6c73b,fb1ad2c1-a5b0-5ae0-9d88-507024507a14,494fb35b-ea2e-5ea2-8e6a-da836c11e230,dac49113-c1bb-5b26-8af5-745de0febf46,d97309cb-eeb8-505a-9948-eec2d33394db,-84.73,USD,-84.73,,2026-05-17,ccb8e507-d6df-51d3-9c6b-2af43847184c,confirmed,,manual,{},HOME DEPOT #3522 PAYMENT,0.99,,2026-05-17T00:00:00
3fcfa6b7-b800-5ff8-9022-db94b62cc361,532788bd-1641-5dc9-b246-c4397ed4af60,859c8fb0-d2a2-5d68-ad57-6ad36dcbffcc,6a8ed953-2c24-5301-8d91-e6aa9dcfeadf,d97309cb-eeb8-505a-9948-eec2d33394db,-183.75,USD,-183.75,,2026-05-18,ccb8e507-d6df-51d3-9c6b-2af43847184c,confirmed,,plaid,{},HOME DEPOT #9804 DEBIT,0.95,,2026-05-18T00:00:00
d9288c05-a7f4-562c-938b-7b38e83a7f7f,532788bd-1641-5dc9-b246-c4397ed4af60,c7c53ab9-c6fe-5a0b-b3a8-36f12237d898,6a8ed953-2c24-5301-8d91-e6aa9dcfeadf,d97309cb-eeb8-505a-9948-eec2d33394db,-141.63,USD,-141.63,,2026-05-18,bdba84aa-8286-5caf-8252-985e2f2f3c1a,draft,,manual,{},HOME DEPOT #6129 PURCHASE,0.99,,2026-05-18T00:00:00
e772737b-0c5a-5b04-8ab5-47ec889be292,fb1ad2c1-a5b0-5ae0-9d88-507024507a14,de3e3182-4126-54b8-a5b3-1fbacfb03c9e,dac49113-c1bb-5b26-8af5-745de0febf46,bbc36a1d-bf0a-5d6c-ae4f-ff309f63cf39,-117.51,USD,-117.51,,2026-05-18,bcbbc4c0-8642-5b1f-ad56-562045f80345,confirmed,,manual,{},BEST BUY,0.75,,2026-05-18T00:00:00
ce4790bf-e6be-545f-ab29-40ed10cca685,fb1ad2c1-a5b0-5ae0-9d88-507024507a14,494fb35b-ea2e-5ea2-8e6a-da836c11e230,dac49113-c1bb-5b26-8af5-745de0febf46,d97309cb-eeb8-505a-9948-eec2d33394db,-142.84,USD,-142.84,,2026-05-19,ccb8e507-d6df-51d3-9c6b-2af43847184c,confirmed,,manual,{},HOME DEPOT #1073 PURCHASE,0.74,,2026-05-19T00:00:00
23da4dbc-b57d-502b-a742-ad78786a52ca,fb1ad2c1-a5b0-5ae0-9d88-507024507a14,494fb35b-ea2e-5ea2-8e6a-da836c11e230,dac49113-c1bb-5b26-8af5-745de0febf46,234091f8-66bb-5bb3-84d3-5acfb26b89bb,-29.32,USD,-29.32,,2026-05-19,f43ab923-88d2-5d30-b514-e67d3c90367a,confirmed,,manual,{},UBER *TRIP 8948,0.99,,2026-05-19T00:00:00
3c715d5d-d02a-5fc2-8ee0-eea0b6915b0a,532788bd-1641-5dc9-b246-c4397ed4af60,c7c53ab9-c6fe-5a0b-b3a8-36f12237d898,6a8ed953-2c24-5301-8d91-e6aa9dcfeadf,808b3755-614e-5b7e-ba90-ef88c5558ae5,-24.96,USD,-24.96,,2026-05-20,938be465-3e19-5055-b08e-939e392f553f,confirmed,,manual,{},LYFT,0.86,,2026-05-20T00:00:00
c7579138-fa6f-59fa-9ed8-1d04af89f9ed,532788bd-1641-5dc9-b246-c4397ed4af60,859c8fb0-d2a2-5d68-ad57-6ad36dcbffcc,6a8ed953-2c24-5301-8d91-e6aa9dcfeadf,f573b94f-d6d1-51c3-a8dd-9f4c61a57329,-127.51,USD,-127.51,,2026-05-20,2d123316-c022-5b31-8284-b23e61b8e6d0,confirmed,,manual,{},VERIZON WIRELESS 8045,0.84,,2026-05-20T00:00:00
16964ae1-12e7-5844-8c58-8a4de7fbcfb8,fb1ad2c1-a5b0-5ae0-9d88-507024507a14,494fb35b-ea2e-5ea2-8e6a-da836c11e230,dac49113-c1bb-5b26-8af5-745de0febf46,d97309cb-eeb8-505a-9948-eec2d33394db,-224.54,USD,-224.54,,2026-05-20,ccb8e507-d6df-51d3-9c6b-2af43847184c,confirmed,,manual,{},HOME DEPOT #6253 ,0.94,,2026-05-20T00:00:00
815c6888-5685-512a-bc8c-abc4fe500138,532788bd-1641-5dc9-b246-c4397ed4af60,c7c53ab9-c6fe-5a0b-b3a8-36f12237d898,6a8ed953-2c24-5301-8d91-e6aa9dcfeadf,d97309cb-eeb8-505a-9948-eec2d33394db,-68.78,USD,-68.78,,2026-05-21,ccb8e507-d6df-51d3-9c6b-2af43847184c,confirmed,,plaid,{},HOME DEPOT #1208 DEBIT,0.77,,2026-05-21T00:00:00
be2c9d3b-0fb2-5ebb-80e4-09547c9c3b47,fb1ad2c1-a5b0-5ae0-9d88-507024507a14,494fb35b-ea2e-5ea2-8e6a-da836c11e230,dac49113-c1bb-5b26-8af5-745de0febf46,d97309cb-eeb8-505a-9948-eec2d33394db,-70.35,USD,-70.35,,2026-05-21,ccb8e507-d6df-51d3-9c6b-2af43847184c,confirmed,,plaid,{},HOME DEPOT #5670 DEBIT,0.71,,2026-05-21T00:00:00
c5347da9-1a57-52bc-8fe8-5549f9e75386,532788bd-1641-5dc9-b246-c4397ed4af60,859c8fb0-d2a2-5d68-ad57-6ad36dcbffcc,6a8ed953-2c24-5301-8d91-e6aa9dcfeadf,d97309cb-eeb8-505a-9948-eec2d33394db,-41.69,USD,-41.69,,2026-05-22,ccb8e507-d6df-51d3-9c6b-2af43847184c,confirmed,,manual,{'recurring': True},HOME DEPOT #1094 DEBIT,0.74,,2026-05-22T00:00:00
669e525b-6743-572d-952a-b33b7ec40d2f,fb1ad2c1-a5b0-5ae0-9d88-507024507a14,de3e3182-4126-54b8-a5b3-1fbacfb03c9e,dac49113-c1bb-5b26-8af5-745de0febf46,d97309cb-eeb8-505a-9948-eec2d33394db,-17.94,USD,-17.94,,2026-05-22,077786c2-88f8-517e-9a65-266b802523c4,confirmed,,manual,{},HOME DEPOT #8586 PURCHASE,0.95,,2026-05-22T00:00:00
992c450f-025e-5a37-b111-3e025ac8123c,fb1ad2c1-a5b0-5ae0-9d88-507024507a14,494fb35b-ea2e-5ea2-8e6a-da836c11e230,dac49113-c1bb-5b26-8af5-745de0febf46,4af9f4ae-4781-5cb6-8281-5c9f09d25ac0,-96.52,USD,-96.52,,2026-05-22,d4c1f95d-47e8-52f6-8df9-eeb79b606fda,confirmed,,manual,{},TARGET 5243 PAYMENT,0.98,,2026-05-22T00:00:00
ddbdf73a-28b6-5204-8b6c-68ce6cbc97a8,fb1ad2c1-a5b0-5ae0-9d88-507024507a14,494fb35b-ea2e-5ea2-8e6a-da836c11e230,dac49113-c1bb-5b26-8af5-745de0febf46,d97309cb-eeb8-505a-9948-eec2d33394db,-275.89,USD,-275.89,,2026-05-22,077786c2-88f8-517e-9a65-266b802523c4,confirmed,,manual,{},HOME DEPOT #3927 ,0.84,,2026-05-22T00:00:00
cae4963b-1a2b-520e-a620-7048aa268e09,532788bd-1641-5dc9-b246-c4397ed4af60,859c8fb0-d2a2-5d68-ad57-6ad36dcbffcc,6a8ed953-2c24-5301-8d91-e6aa9dcfeadf,8b093965-626b-562e-ba34-3a2ae16c7328,-10.63,USD,-10.63,,2026-05-23,8d5d7df5-91ea-5998-8eea-33179599a118,confirmed,,plaid,{},PLANET FITNESS,0.91,,2026-05-23T00:00:00
aa9e472b-b3b4-5bf7-8f3a-6558037a6a8e,532788bd-1641-5dc9-b246-c4397ed4af60,859c8fb0-d2a2-5d68-ad57-6ad36dcbffcc,6a8ed953-2c24-5301-8d91-e6aa9dcfeadf,808b3755-614e-5b7e-ba90-ef88c5558ae5,-28.83,USD,-28.83,,2026-05-23,faa9d7bb-1220-5a93-8675-adf7fee33a10,confirmed,,manual,{},LYFT,0.93,,2026-05-23T00:00:00
5695f9de-bc7a-52d0-b8c6-1e94fa9608ec,fb1ad2c1-a5b0-5ae0-9d88-507024507a14,de3e3182-4126-54b8-a5b3-1fbacfb03c9e,dac49113-c1bb-5b26-8af5-745de0febf46,d97309cb-eeb8-505a-9948-eec2d33394db,-62.17,USD,-62.17,,2026-05-23,ccb8e507-d6df-51d3-9c6b-2af43847184c,confirmed,,plaid,{},HOME DEPOT #4692 ,0.87,,2026-05-23T00:00:00
bfa39653-104d-554a-8a42-e68d26181a78,532788bd-1641-5dc9-b246-c4397ed4af60,859c8fb0-d2a2-5d68-ad57-6ad36dcbffcc,6a8ed953-2c24-5301-8d91-e6aa9dcfeadf,d97309cb-eeb8-505a-9948-eec2d33394db,-206.51,USD,-206.51,,2026-05-24,ccb8e507-d6df-51d3-9c6b-2af43847184c,confirmed,,manual,{},HOME DEPOT #9007 ,0.85,,2026-05-24T00:00:00
64f06478-4286-5161-a280-62640825936e,532788bd-1641-5dc9-b246-c4397ed4af60,c7c53ab9-c6fe-5a0b-b3a8-36f12237d898,6a8ed953-2c24-5301-8d91-e6aa9dcfeadf,d97309cb-eeb8-505a-9948-eec2d33394db,-38.47,USD,-38.47,,2026-05-24,ccb8e507-d6df-51d3-9c6b-2af43847184c,confirmed,,manual,{},HOME DEPOT #7809 PAYMENT,0.96,,2026-05-24T00:00:00
4e64cc3a-62db-5f45-aa6c-727e1fdf4f44,532788bd-1641-5dc9-b246-c4397ed4af60,c7c53ab9-c6fe-5a0b-b3a8-36f12237d898,6a8ed953-2c24-5301-8d91-e6aa9dcfeadf,78bab17d-4ce4-5345-97e7-6969d2e7a5e9,-389.03,USD,-389.03,,2026-05-24,7dc4d185-914f-5736-9f4d-8756e08d9766,confirmed,,manual,{'recurring': True},DELTA AIR LINES 9510,0.74,,2026-05-24T00:00:00
c17be717-afc0-52c3-8612-8f4190febc31,fb1ad2c1-a5b0-5ae0-9d88-507024507a14,de3e3182-4126-54b8-a5b3-1fbacfb03c9e,dac49113-c1bb-5b26-8af5-745de0febf46,d97309cb-eeb8-505a-9948-eec2d33394db,-110.34,USD,-110.34,,2026-05-24,077786c2-88f8-517e-9a65-266b802523c4,draft,,manual,{},HOME DEPOT #1334 PAYMENT,0.96,,2026-05-24T00:00:00
4f881057-36cd-5429-b6f4-8a8f2f99000e,fb1ad2c1-a5b0-5ae0-9d88-507024507a14,494fb35b-ea2e-5ea2-8e6a-da836c11e230,dac49113-c1bb-5b26-8af5-745de0febf46,b8eadc23-f654-5613-9f2a-cf111cf0ed88,-58.28,USD,-58.28,,2026-05-24,83564403-ac9f-5db5-a4fb-344879db34db,confirmed,,plaid,{},TRADER JOE'S #8716,0.76,,2026-05-24T00:00:00
04d3cc71-8ad3-549f-b66c-35813ef0ce34,532788bd-1641-5dc9-b246-c4397ed4af60,859c8fb0-d2a2-5d68-ad57-6ad36dcbffcc,6a8ed953-2c24-5301-8d91-e6aa9dcfeadf,f2a9ca2a-37af-503e-8036-0623ac1a9dbc,-29.63,USD,-29.63,,2026-05-25,bcbbc4c0-8642-5b1f-ad56-562045f80345,confirmed,,manual,{'recurring': True},APPLE.COM/BILL,0.95,,2026-05-25T00:00:00
9442344c-6248-598b-aa8c-118f6e8e44d0,532788bd-1641-5dc9-b246-c4397ed4af60,c7c53ab9-c6fe-5a0b-b3a8-36f12237d898,6a8ed953-2c24-5301-8d91-e6aa9dcfeadf,d97309cb-eeb8-505a-9948-eec2d33394db,-31.72,USD,-31.72,,2026-05-25,ccb8e507-d6df-51d3-9c6b-2af43847184c,confirmed,,manual,{},HOME DEPOT #9930 ,0.82,,2026-05-25T00:00:00
59257803-9b51-5c2d-a80d-8e8cf39e36f6,532788bd-1641-5dc9-b246-c4397ed4af60,c7c53ab9-c6fe-5a0b-b3a8-36f12237d898,6a8ed953-2c24-5301-8d91-e6aa9dcfeadf,bbc36a1d-bf0a-5d6c-ae4f-ff309f63cf39,-466.63,USD,-466.63,,2026-05-26,af424ab5-dcc2-5aa4-802d-53e8e99d4579,confirmed,,manual,{},BEST BUY,0.99,,2026-05-26T00:00:00
5560bf8a-e5e7-5121-8a02-5eb2254b8fc1,fb1ad2c1-a5b0-5ae0-9d88-507024507a14,de3e3182-4126-54b8-a5b3-1fbacfb03c9e,dac49113-c1bb-5b26-8af5-745de0febf46,d97309cb-eeb8-505a-9948-eec2d33394db,-167.16,USD,-167.16,,2026-05-26,077786c2-88f8-517e-9a65-266b802523c4,confirmed,,plaid,{},HOME DEPOT #3811 ,0.92,,2026-05-26T00:00:00
1f9b9f49-acf6-5c50-b435-fc82281a475f,532788bd-1641-5dc9-b246-c4397ed4af60,859c8fb0-d2a2-5d68-ad57-6ad36dcbffcc,6a8ed953-2c24-5301-8d91-e6aa9dcfeadf,aed3c2eb-e1aa-5aab-aed0-039beaa9a52d,-9.99,USD,-9.99,,2026-05-27,ea950238-0d12-58ed-8e20-085ecb1a6754,confirmed,,manual,{},SPOTIFY USA,1.0,,2026-05-27T00:00:00
9c7223b9-80d6-519b-94ab-ba27194d878d,532788bd-1641-5dc9-b246-c4397ed4af60,c7c53ab9-c6fe-5a0b-b3a8-36f12237d898,6a8ed953-2c24-5301-8d91-e6aa9dcfeadf,bbc36a1d-bf0a-5d6c-ae4f-ff309f63cf39,-97.95,USD,-97.95,,2026-05-28,c163ef62-5201-5cb2-bf0d-781443a4e5aa,confirmed,,manual,{},BEST BUY,0.77,,2026-05-28T00:00:00
8c3e3021-11c8-5aae-b992-982665b0460a,fb1ad2c1-a5b0-5ae0-9d88-507024507a14,de3e3182-4126-54b8-a5b3-1fbacfb03c9e,dac49113-c1bb-5b26-8af5-745de0febf46,d97309cb-eeb8-505a-9948-eec2d33394db,-44.34,USD,-44.34,,2026-05-28,ccb8e507-d6df-51d3-9c6b-2af43847184c,confirmed,,plaid,{'recurring': True},HOME DEPOT #9372 DEBIT,0.93,,2026-05-28T00:00:00
3be6c512-4c19-586b-b14d-ad754edf9041,fb1ad2c1-a5b0-5ae0-9d88-507024507a14,494fb35b-ea2e-5ea2-8e6a-da836c11e230,dac49113-c1bb-5b26-8af5-745de0febf46,c905592e-a82b-5c8e-904a-d39c475430ef,-54.22,USD,-54.22,,2026-05-28,faa9d7bb-1220-5a93-8675-adf7fee33a10,confirmed,,plaid,{},SHELL OIL 3610 ,0.82,,2026-05-28T00:00:00
96605a86-6b2f-5cfb-8085-0dfcdf83fb0e,532788bd-1641-5dc9-b246-c4397ed4af60,c7c53ab9-c6fe-5a0b-b3a8-36f12237d898,6a8ed953-2c24-5301-8d91-e6aa9dcfeadf,4070c9b0-7b80-5ca4-9dcd-613c6df99208,-257.96,USD,-257.96,,2026-05-29,b7ec2236-fab9-5f74-9e59-c0476c5dccf2,confirmed,,manual,{},HILTON,0.74,,2026-05-29T00:00:00
31634e06-6806-5f4a-acb1-6c7dfd2de0ea,532788bd-1641-5dc9-b246-c4397ed4af60,859c8fb0-d2a2-5d68-ad57-6ad36dcbffcc,6a8ed953-2c24-5301-8d91-e6aa9dcfeadf,8b093965-626b-562e-ba34-3a2ae16c7328,-24.60,USD,-24.60,,2026-05-29,8d5d7df5-91ea-5998-8eea-33179599a118,confirmed,,manual,{},PLANET FITNESS,0.77,,2026-05-29T00:00:00
720b02ab-e2fa-57c4-b1d7-134f419e81c5,532788bd-1641-5dc9-b246-c4397ed4af60,c7c53ab9-c6fe-5a0b-b3a8-36f12237d898,6a8ed953-2c24-5301-8d91-e6aa9dcfeadf,2b4a9416-2f9a-5c84-8a99-089c2a8da440,-149.87,USD,-149.87,,2026-05-29,7c8fb462-7d13-54a2-8a1d-9974bce7d252,confirmed,,manual,{'recurring': True},COMCAST 2330,0.98,,2026-05-29T00:00:00
a55d29ec-709f-570f-bfd7-1ce6eed0c189,fb1ad2c1-a5b0-5ae0-9d88-507024507a14,494fb35b-ea2e-5ea2-8e6a-da836c11e230,dac49113-c1bb-5b26-8af5-745de0febf46,d97309cb-eeb8-505a-9948-eec2d33394db,-282.55,USD,-282.55,,2026-05-29,ccb8e507-d6df-51d3-9c6b-2af43847184c,confirmed,,plaid,{},HOME DEPOT #8512 PAYMENT,0.78,,2026-05-29T00:00:00
64061346-d883-5a47-9147-e5e4ed1df681,532788bd-1641-5dc9-b246-c4397ed4af60,c7c53ab9-c6fe-5a0b-b3a8-36f12237d898,6a8ed953-2c24-5301-8d91-e6aa9dcfeadf,b7475634-9a3f-5b47-9978-5578a1ceb107,-71.13,USD,-71.13,,2026-05-30,d4c1f95d-47e8-52f6-8df9-eeb79b606fda,confirmed,,manual,{},MACY'S,0.94,,2026-05-30T00:00:00
96d3521d-4870-5bf3-85bc-07fea0d492eb,fb1ad2c1-a5b0-5ae0-9d88-507024507a14,de3e3182-4126-54b8-a5b3-1fbacfb03c9e,dac49113-c1bb-5b26-8af5-745de0febf46,d97309cb-eeb8-505a-9948-eec2d33394db,-250.71,USD,-250.71,,2026-05-30,ccb8e507-d6df-51d3-9c6b-2af43847184c,confirmed,,manual,{'recurring': True},HOME DEPOT #2947 PAYMENT,0.77,,2026-05-30T00:00:00
3c218e2d-a0fe-52af-8f60-89ee6b01972f,fb1ad2c1-a5b0-5ae0-9d88-507024507a14,de3e3182-4126-54b8-a5b3-1fbacfb03c9e,dac49113-c1bb-5b26-8af5-745de0febf46,d97309cb-eeb8-505a-9948-eec2d33394db,-62.25,USD,-62.25,,2026-05-30,ccb8e507-d6df-51d3-9c6b-2af43847184c,confirmed,,manual,{'recurring': True},HOME DEPOT #1181 ,0.98,,2026-05-30T00:00:00
b045722c-9af2-5ad3-b069-50daecd1845e,fb1ad2c1-a5b0-5ae0-9d88-507024507a14,494fb35b-ea2e-5ea2-8e6a-da836c11e230,dac49113-c1bb-5b26-8af5-745de0febf46,d97309cb-eeb8-505a-9948-eec2d33394db,-182.58,USD,-182.58,,2026-05-30,ccb8e507-d6df-51d3-9c6b-2af43847184c,confirmed,,manual,{},HOME DEPOT #6252 ,0.84,,2026-05-30T00:00:00
c82837db-bad4-50b7-b263-60a1cba93d64,532788bd-1641-5dc9-b246-c4397ed4af60,859c8fb0-d2a2-5d68-ad57-6ad36dcbffcc,6a8ed953-2c24-5301-8d91-e6aa9dcfeadf,4af9f4ae-4781-5cb6-8281-5c9f09d25ac0,-102.41,USD,-102.41,,2026-05-31,12915486-2f7b-557e-9d40-6d2f4442ed6d,confirmed,,manual,{},TARGET 4716 DEBIT,0.74,,2026-05-31T00:00:00
d48d8d75-ac89-545c-8132-43931d70b5eb,fb1ad2c1-a5b0-5ae0-9d88-507024507a14,de3e3182-4126-54b8-a5b3-1fbacfb03c9e,dac49113-c1bb-5b26-8af5-745de0febf46,d97309cb-eeb8-505a-9948-eec2d33394db,-298.10,USD,-298.10,,2026-05-31,ccb8e507-d6df-51d3-9c6b-2af43847184c,confirmed,,manual,{},HOME DEPOT #5276 ,0.96,,2026-05-31T00:00:00
5f6c1da7-b5b6-5eaf-8623-3f97d156b4ee,fb1ad2c1-a5b0-5ae0-9d88-507024507a14,de3e3182-4126-54b8-a5b3-1fbacfb03c9e,dac49113-c1bb-5b26-8af5-745de0febf46,b8eadc23-f654-5613-9f2a-cf111cf0ed88,-24.94,USD,-24.94,,2026-05-31,83564403-ac9f-5db5-a4fb-344879db34db,confirmed,,manual,{},TRADER JOE'S #6072,0.74,,2026-05-31T00:00:00
cd6d0bb6-e9c2-5b72-b05e-4fe59f90ad77,532788bd-1641-5dc9-b246-c4397ed4af60,859c8fb0-d2a2-5d68-ad57-6ad36dcbffcc,6a8ed953-2c24-5301-8d91-e6aa9dcfeadf,d97309cb-eeb8-505a-9948-eec2d33394db,-290.31,USD,-290.31,,2026-06-01,ccb8e507-d6df-51d3-9c6b-2af43847184c,confirmed,,plaid,{},HOME DEPOT #2162 PURCHASE,0.71,,2026-06-01T00:00:00
f070bff9-3496-5375-80a2-efa7bcbcb241,532788bd-1641-5dc9-b246-c4397ed4af60,859c8fb0-d2a2-5d68-ad57-6ad36dcbffcc,6a8ed953-2c24-5301-8d91-e6aa9dcfeadf,b7475634-9a3f-5b47-9978-5578a1ceb107,-246.88,USD,-246.88,,2026-06-01,961ca9c0-9d0b-50b0-8dad-f7ef999ec988,confirmed,,manual,{},MACY'S,0.88,,2026-06-01T00:00:00
9a17b624-77eb-51ca-a45a-fc283d3cebbc,532788bd-1641-5dc9-b246-c4397ed4af60,c7c53ab9-c6fe-5a0b-b3a8-36f12237d898,6a8ed953-2c24-5301-8d91-e6aa9dcfeadf,bbc36a1d-bf0a-5d6c-ae4f-ff309f63cf39,-429.60,USD,-429.60,,2026-06-01,c163ef62-5201-5cb2-bf0d-781443a4e5aa,confirmed,,plaid,{'recurring': True},BEST BUY,0.75,,2026-06-01T00:00:00
c69a14c9-8176-5a50-aa82-09304df2be9c,532788bd-1641-5dc9-b246-c4397ed4af60,c7c53ab9-c6fe-5a0b-b3a8-36f12237d898,6a8ed953-2c24-5301-8d91-e6aa9dcfeadf,f2a9ca2a-37af-503e-8036-0623ac1a9dbc,-8.55,USD,-8.55,,2026-06-01,aee92619-ae79-565c-a988-70e59f94bc78,confirmed,,manual,{'recurring': True},APPLE.COM/BILL,0.71,,2026-06-01T00:00:00
66f4d69d-f979-5aa4-9bc5-fa96d30b3446,fb1ad2c1-a5b0-5ae0-9d88-507024507a14,de3e3182-4126-54b8-a5b3-1fbacfb03c9e,dac49113-c1bb-5b26-8af5-745de0febf46,d97309cb-eeb8-505a-9948-eec2d33394db,-219.29,USD,-219.29,,2026-06-01,ccb8e507-d6df-51d3-9c6b-2af43847184c,draft,,plaid,{},HOME DEPOT #2920 PAYMENT,0.94,,2026-06-01T00:00:00
3ff93ab2-820b-558c-9497-abcb0cf80a84,fb1ad2c1-a5b0-5ae0-9d88-507024507a14,494fb35b-ea2e-5ea2-8e6a-da836c11e230,dac49113-c1bb-5b26-8af5-745de0febf46,808b3755-614e-5b7e-ba90-ef88c5558ae5,-24.97,USD,-24.97,,2026-06-01,d765f3b4-e63d-5ea7-8e05-58458f986634,confirmed,,manual,{},LYFT,0.8,,2026-06-01T00:00:00
82bdc2a2-d511-5c5a-9245-3f4b2ae231ff,fb1ad2c1-a5b0-5ae0-9d88-507024507a14,de3e3182-4126-54b8-a5b3-1fbacfb03c9e,dac49113-c1bb-5b26-8af5-745de0febf46,f2a9ca2a-37af-503e-8036-0623ac1a9dbc,-9.18,USD,-9.18,,2026-06-01,c163ef62-5201-5cb2-bf0d-781443a4e5aa,confirmed,,plaid,{},APPLE.COM/BILL,0.83,,2026-06-01T00:00:00
1e8a8829-fe6e-5c61-b9a2-e297485a8d7a,fb1ad2c1-a5b0-5ae0-9d88-507024507a14,494fb35b-ea2e-5ea2-8e6a-da836c11e230,dac49113-c1bb-5b26-8af5-745de0febf46,2b4a9416-2f9a-5c84-8a99-089c2a8da440,-138.75,USD,-138.75,,2026-06-01,bf16b8ec-849c-50c6-9240-c9ae62d9ba69,confirmed,,manual,{'recurring': True},COMCAST 8985,0.71,,2026-06-01T00:00:00
806c50c1-8030-580d-903d-cc7094af2668,532788bd-1641-5dc9-b246-c4397ed4af60,c7c53ab9-c6fe-5a0b-b3a8-36f12237d898,6a8ed953-2c24-5301-8d91-e6aa9dcfeadf,c905592e-a82b-5c8e-904a-d39c475430ef,-53.88,USD,-53.88,,2026-06-02,938be465-3e19-5055-b08e-939e392f553f,confirmed,,plaid,{'recurring': True},SHELL OIL 2292 DEBIT,0.81,,2026-06-02T00:00:00
416f8dfe-2d64-584d-bb5a-629dec1d6f10,fb1ad2c1-a5b0-5ae0-9d88-507024507a14,494fb35b-ea2e-5ea2-8e6a-da836c11e230,dac49113-c1bb-5b26-8af5-745de0febf46,a00cde6f-8b9f-5006-9541-fdeeb8008d4f,-173.39,USD,-173.39,,2026-06-02,ba8264d5-be92-573d-bee0-fc77ba1eba53,confirmed,,manual,{},AMZN MKTP US*2309,0.72,,2026-06-02T00:00:00
fb093314-d25d-5fd6-8941-7b43e0b43e6d,532788bd-1641-5dc9-b246-c4397ed4af60,c7c53ab9-c6fe-5a0b-b3a8-36f12237d898,6a8ed953-2c24-5301-8d91-e6aa9dcfeadf,41d50eda-694c-5967-8780-12cd00399dab,-3.93,USD,-3.93,,2026-06-03,fa112a1b-3269-5304-b7dc-1ef8de5dddc0,confirmed,,manual,{'recurring': True},DUNKIN',0.81,,2026-06-03T00:00:00
3f528a9e-9257-53fb-8530-08f7f1e11d2c,fb1ad2c1-a5b0-5ae0-9d88-507024507a14,de3e3182-4126-54b8-a5b3-1fbacfb03c9e,dac49113-c1bb-5b26-8af5-745de0febf46,4af9f4ae-4781-5cb6-8281-5c9f09d25ac0,-51.14,USD,-51.14,,2026-06-03,ba8264d5-be92-573d-bee0-fc77ba1eba53,confirmed,,manual,{},TARGET 4540 ,0.94,,2026-06-03T00:00:00
6cb5e709-3f77-5a37-be0e-fa083a3b9a63,fb1ad2c1-a5b0-5ae0-9d88-507024507a14,494fb35b-ea2e-5ea2-8e6a-da836c11e230,dac49113-c1bb-5b26-8af5-745de0febf46,2b4a9416-2f9a-5c84-8a99-089c2a8da440,-94.95,USD,-94.95,,2026-06-03,7c8fb462-7d13-54a2-8a1d-9974bce7d252,confirmed,,manual,{'recurring': True},COMCAST 1179,0.72,,2026-06-03T00:00:00
ff994c13-0d57-5477-bbdc-b9f27f76e309,532788bd-1641-5dc9-b246-c4397ed4af60,c7c53ab9-c6fe-5a0b-b3a8-36f12237d898,6a8ed953-2c24-5301-8d91-e6aa9dcfeadf,68f0922a-39b9-507c-92a6-e2500de5f321,-237.20,USD,-237.20,,2026-06-04,83564403-ac9f-5db5-a4fb-344879db34db,confirmed,,manual,{},COSTCO WHSE #8659,0.95,,2026-06-04T00:00:00
1aeded23-0501-5c8e-b735-546801e941b7,fb1ad2c1-a5b0-5ae0-9d88-507024507a14,de3e3182-4126-54b8-a5b3-1fbacfb03c9e,dac49113-c1bb-5b26-8af5-745de0febf46,808b3755-614e-5b7e-ba90-ef88c5558ae5,-17.42,USD,-17.42,,2026-06-04,f43ab923-88d2-5d30-b514-e67d3c90367a,confirmed,,manual,{'recurring': True},LYFT,0.99,,2026-06-04T00:00:00
18fef699-1d35-5a5a-a39f-902d68e19634,fb1ad2c1-a5b0-5ae0-9d88-507024507a14,494fb35b-ea2e-5ea2-8e6a-da836c11e230,dac49113-c1bb-5b26-8af5-745de0febf46,d97309cb-eeb8-505a-9948-eec2d33394db,-50.44,USD,-50.44,,2026-06-05,ccb8e507-d6df-51d3-9c6b-2af43847184c,confirmed,,manual,{},HOME DEPOT #9978 ,0.79,,2026-06-05T00:00:00
bba93aaa-cded-5404-b4e1-8eb2d758204e,fb1ad2c1-a5b0-5ae0-9d88-507024507a14,494fb35b-ea2e-5ea2-8e6a-da836c11e230,dac49113-c1bb-5b26-8af5-745de0febf46,b8eadc23-f654-5613-9f2a-cf111cf0ed88,-25.20,USD,-25.20,,2026-06-05,83564403-ac9f-5db5-a4fb-344879db34db,confirmed,,manual,{},TRADER JOE'S #3447,0.91,,2026-06-05T00:00:00
49a8afd1-2318-5841-a0b3-1362bd314fa4,fb1ad2c1-a5b0-5ae0-9d88-507024507a14,494fb35b-ea2e-5ea2-8e6a-da836c11e230,dac49113-c1bb-5b26-8af5-745de0febf46,d97309cb-eeb8-505a-9948-eec2d33394db,-19.57,USD,-19.57,,2026-06-05,ccb8e507-d6df-51d3-9c6b-2af43847184c,confirmed,,manual,{},HOME DEPOT #2030 PAYMENT,0.99,,2026-06-05T00:00:00
3b62fed4-a58f-537a-81ab-3ba1ee13c268,532788bd-1641-5dc9-b246-c4397ed4af60,c7c53ab9-c6fe-5a0b-b3a8-36f12237d898,6a8ed953-2c24-5301-8d91-e6aa9dcfeadf,bea56dd3-0d8f-5b9e-8688-1f2c3fcc2a11,-12.81,USD,-12.81,,2026-06-06,de3f2bc4-947e-5d7b-a51e-d6da6178c1df,confirmed,,manual,{},CHIPOTLE 2013 PAYMENT,0.76,,2026-06-06T00:00:00
d3aa3871-ccb8-5e08-af39-26d0f41e9d2a,532788bd-1641-5dc9-b246-c4397ed4af60,c7c53ab9-c6fe-5a0b-b3a8-36f12237d898,6a8ed953-2c24-5301-8d91-e6aa9dcfeadf,808b3755-614e-5b7e-ba90-ef88c5558ae5,-34.15,USD,-34.15,,2026-06-06,f43ab923-88d2-5d30-b514-e67d3c90367a,confirmed,,manual,{},LYFT,1.0,,2026-06-06T00:00:00
e9563d02-3c30-5e90-b0b2-3b82e3ad7ac9,fb1ad2c1-a5b0-5ae0-9d88-507024507a14,de3e3182-4126-54b8-a5b3-1fbacfb03c9e,dac49113-c1bb-5b26-8af5-745de0febf46,d97309cb-eeb8-505a-9948-eec2d33394db,-231.16,USD,-231.16,,2026-06-06,bdba84aa-8286-5caf-8252-985e2f2f3c1a,confirmed,,manual,{},HOME DEPOT #5920 ,0.97,,2026-06-06T00:00:00
fa0abadb-4b14-53a6-9f41-5df6704463b9,fb1ad2c1-a5b0-5ae0-9d88-507024507a14,de3e3182-4126-54b8-a5b3-1fbacfb03c9e,dac49113-c1bb-5b26-8af5-745de0febf46,2d8b3f27-58fe-5583-8d7e-995c79ade98a,-57.07,USD,-57.07,,2026-06-06,83564403-ac9f-5db5-a4fb-344879db34db,confirmed,,manual,{},KROGER #9961,0.76,,2026-06-06T00:00:00
451d773e-206a-56d8-83cf-1278135f9c79,fb1ad2c1-a5b0-5ae0-9d88-507024507a14,494fb35b-ea2e-5ea2-8e6a-da836c11e230,dac49113-c1bb-5b26-8af5-745de0febf46,808b3755-614e-5b7e-ba90-ef88c5558ae5,-15.00,USD,-15.00,,2026-06-06,51fda6e9-fdf8-5107-ac9c-83867d45beb7,confirmed,,plaid,{'recurring': True},LYFT,0.98,,2026-06-06T00:00:00
981f96d3-6003-58a1-aafa-07a7824b9756,532788bd-1641-5dc9-b246-c4397ed4af60,859c8fb0-d2a2-5d68-ad57-6ad36dcbffcc,6a8ed953-2c24-5301-8d91-e6aa9dcfeadf,d97309cb-eeb8-505a-9948-eec2d33394db,-192.26,USD,-192.26,,2026-06-07,ccb8e507-d6df-51d3-9c6b-2af43847184c,confirmed,,manual,{},HOME DEPOT #9764 PAYMENT,0.91,,2026-06-07T00:00:00
e1f37c65-5563-5104-832d-53bf39ae7474,532788bd-1641-5dc9-b246-c4397ed4af60,859c8fb0-d2a2-5d68-ad57-6ad36dcbffcc,6a8ed953-2c24-5301-8d91-e6aa9dcfeadf,d97309cb-eeb8-505a-9948-eec2d33394db,-155.97,USD,-155.97,,2026-06-07,ccb8e507-d6df-51d3-9c6b-2af43847184c,confirmed,,manual,{'recurring': True},HOME DEPOT #1148 ,0.8,,2026-06-07T00:00:00
b7450dfe-77b0-5ebb-9ac7-ceecf1c3af23,fb1ad2c1-a5b0-5ae0-9d88-507024507a14,494fb35b-ea2e-5ea2-8e6a-da836c11e230,dac49113-c1bb-5b26-8af5-745de0febf46,4af9f4ae-4781-5cb6-8281-5c9f09d25ac0,-84.08,USD,-84.08,,2026-06-07,c163ef62-5201-5cb2-bf0d-781443a4e5aa,confirmed,,manual,{},TARGET 3466 PURCHASE,0.76,,2026-06-07T00:00:00
2d0fbb3c-51c6-5d72-9114-8730aa0a9cf6,fb1ad2c1-a5b0-5ae0-9d88-507024507a14,de3e3182-4126-54b8-a5b3-1fbacfb03c9e,dac49113-c1bb-5b26-8af5-745de0febf46,41d50eda-694c-5967-8780-12cd00399dab,-6.31,USD,-6.31,,2026-06-08,fa112a1b-3269-5304-b7dc-1ef8de5dddc0,confirmed,,manual,{},DUNKIN',0.87,,2026-06-08T00:00:00
baa4d54e-8550-5e3e-a2e7-3d5676064a45,fb1ad2c1-a5b0-5ae0-9d88-507024507a14,494fb35b-ea2e-5ea2-8e6a-da836c11e230,dac49113-c1bb-5b26-8af5-745de0febf46,b8eadc23-f654-5613-9f2a-cf111cf0ed88,-56.97,USD,-56.97,,2026-06-08,83564403-ac9f-5db5-a4fb-344879db34db,draft,,manual,{},TRADER JOE'S #9564,0.95,,2026-06-08T00:00:00
6c3e7cbe-3160-5a6f-b8f1-e6b27e26256e,fb1ad2c1-a5b0-5ae0-9d88-507024507a14,de3e3182-4126-54b8-a5b3-1fbacfb03c9e,dac49113-c1bb-5b26-8af5-745de0febf46,c905592e-a82b-5c8e-904a-d39c475430ef,-62.42,USD,-62.42,,2026-06-08,f43ab923-88d2-5d30-b514-e67d3c90367a,confirmed,,manual,{},SHELL OIL 6160 PAYMENT,0.94,,2026-06-08T00:00:00
251d923f-1374-519b-8d3f-3ffcb1cab68b,fb1ad2c1-a5b0-5ae0-9d88-507024507a14,494fb35b-ea2e-5ea2-8e6a-da836c11e230,dac49113-c1bb-5b26-8af5-745de0febf46,d97309cb-eeb8-505a-9948-eec2d33394db,-139.53,USD,-139.53,,2026-06-09,ccb8e507-d6df-51d3-9c6b-2af43847184c,confirmed,,manual,{},HOME DEPOT #4163 PAYMENT,0.97,,2026-06-09T00:00:00
0bc79008-057c-55ef-8603-c68f3b48b858,532788bd-1641-5dc9-b246-c4397ed4af60,859c8fb0-d2a2-5d68-ad57-6ad36dcbffcc,6a8ed953-2c24-5301-8d91-e6aa9dcfeadf,d97309cb-eeb8-505a-9948-eec2d33394db,-274.06,USD,-274.06,,2026-06-10,ccb8e507-d6df-51d3-9c6b-2af43847184c,confirmed,,manual,{},HOME DEPOT #8376 ,0.86,,2026-06-10T00:00:00
9fe93d53-0b16-5022-a7d5-d2a6222827b4,532788bd-1641-5dc9-b246-c4397ed4af60,c7c53ab9-c6fe-5a0b-b3a8-36f12237d898,6a8ed953-2c24-5301-8d91-e6aa9dcfeadf,d97309cb-eeb8-505a-9948-eec2d33394db,-210.71,USD,-210.71,,2026-06-11,ccb8e507-d6df-51d3-9c6b-2af43847184c,draft,,manual,{},HOME DEPOT #4158 PURCHASE,0.82,,2026-06-11T00:00:00
f5fd14f0-7652-565b-bc4c-978199e9d298,fb1ad2c1-a5b0-5ae0-9d88-507024507a14,de3e3182-4126-54b8-a5b3-1fbacfb03c9e,dac49113-c1bb-5b26-8af5-745de0febf46,158297b6-5a99-547c-9a9d-4e9a859d9dab,-3.63,USD,-3.63,,2026-06-11,fa112a1b-3269-5304-b7dc-1ef8de5dddc0,confirmed,,plaid,{},STARBUCKS 9536 ,0.72,,2026-06-11T00:00:00
11648f22-39b7-5fce-afcb-e0a67c766dec,fb1ad2c1-a5b0-5ae0-9d88-507024507a14,de3e3182-4126-54b8-a5b3-1fbacfb03c9e,dac49113-c1bb-5b26-8af5-745de0febf46,d97309cb-eeb8-505a-9948-eec2d33394db,-72.45,USD,-72.45,,2026-06-11,077786c2-88f8-517e-9a65-266b802523c4,confirmed,,manual,{'recurring': True},HOME DEPOT #1278 PURCHASE,0.92,,2026-06-11T00:00:00
514eca41-0d37-576a-b210-4d8af7a8ed91,532788bd-1641-5dc9-b246-c4397ed4af60,c7c53ab9-c6fe-5a0b-b3a8-36f12237d898,6a8ed953-2c24-5301-8d91-e6aa9dcfeadf,c905592e-a82b-5c8e-904a-d39c475430ef,-58.31,USD,-58.31,,2026-06-12,f43ab923-88d2-5d30-b514-e67d3c90367a,confirmed,,manual,{},SHELL OIL 4483 PAYMENT,0.83,,2026-06-12T00:00:00
c52ed62c-ebea-577a-b33a-844f2f6028c0,fb1ad2c1-a5b0-5ae0-9d88-507024507a14,494fb35b-ea2e-5ea2-8e6a-da836c11e230,dac49113-c1bb-5b26-8af5-745de0febf46,d97309cb-eeb8-505a-9948-eec2d33394db,-178.32,USD,-178.32,,2026-06-12,ccb8e507-d6df-51d3-9c6b-2af43847184c,confirmed,,manual,{},HOME DEPOT #9986 DEBIT,0.92,,2026-06-12T00:00:00
294f5484-180f-58bf-9450-42ffaadb6532,532788bd-1641-5dc9-b246-c4397ed4af60,c7c53ab9-c6fe-5a0b-b3a8-36f12237d898,6a8ed953-2c24-5301-8d91-e6aa9dcfeadf,bbc36a1d-bf0a-5d6c-ae4f-ff309f63cf39,-229.66,USD,-229.66,,2026-06-13,ba8264d5-be92-573d-bee0-fc77ba1eba53,draft,,manual,{},BEST BUY,0.72,,2026-06-13T00:00:00
d1aa6963-8220-5fe6-ba46-28389a6ea8fb,532788bd-1641-5dc9-b246-c4397ed4af60,859c8fb0-d2a2-5d68-ad57-6ad36dcbffcc,6a8ed953-2c24-5301-8d91-e6aa9dcfeadf,bbc36a1d-bf0a-5d6c-ae4f-ff309f63cf39,-366.38,USD,-366.38,,2026-06-13,c163ef62-5201-5cb2-bf0d-781443a4e5aa,confirmed,,plaid,{'recurring': True},BEST BUY,0.8,,2026-06-13T00:00:00
3fd0d867-0922-5c22-9579-457825ec4cce,fb1ad2c1-a5b0-5ae0-9d88-507024507a14,494fb35b-ea2e-5ea2-8e6a-da836c11e230,dac49113-c1bb-5b26-8af5-745de0febf46,c9ef2dab-c18a-5c65-bdc7-b6b34f18356e,-10.57,USD,-10.57,,2026-06-13,78973b8a-ca75-5365-a413-1efb5fe538d0,confirmed,,manual,{},CVS PHARMACY #8034,0.81,,2026-06-13T00:00:00
92384e53-e8a9-55e2-912c-93b37f162eb8,fb1ad2c1-a5b0-5ae0-9d88-507024507a14,494fb35b-ea2e-5ea2-8e6a-da836c11e230,dac49113-c1bb-5b26-8af5-745de0febf46,bea56dd3-0d8f-5b9e-8688-1f2c3fcc2a11,-17.35,USD,-17.35,,2026-06-13,de3f2bc4-947e-5d7b-a51e-d6da6178c1df,confirmed,,manual,{},CHIPOTLE 8265 PURCHASE,0.95,,2026-06-13T00:00:00
7081c569-9321-5715-92db-ea2f57c7fa35,532788bd-1641-5dc9-b246-c4397ed4af60,859c8fb0-d2a2-5d68-ad57-6ad36dcbffcc,6a8ed953-2c24-5301-8d91-e6aa9dcfeadf,2d8b3f27-58fe-5583-8d7e-995c79ade98a,-61.64,USD,-61.64,,2026-06-14,83564403-ac9f-5db5-a4fb-344879db34db,confirmed,,plaid,{},KROGER #3502,0.84,,2026-06-14T00:00:00
f55a2a40-0eff-5f04-8955-eda514765d98,fb1ad2c1-a5b0-5ae0-9d88-507024507a14,494fb35b-ea2e-5ea2-8e6a-da836c11e230,dac49113-c1bb-5b26-8af5-745de0febf46,bea56dd3-0d8f-5b9e-8688-1f2c3fcc2a11,-10.82,USD,-10.82,,2026-06-14,6beed52e-4ccd-593d-890d-ce94bd2b2745,confirmed,,manual,{},CHIPOTLE 8412 PURCHASE,0.72,,2026-06-14T00:00:00
e1b907d6-3361-57ce-9647-91fa7e323d89,fb1ad2c1-a5b0-5ae0-9d88-507024507a14,de3e3182-4126-54b8-a5b3-1fbacfb03c9e,dac49113-c1bb-5b26-8af5-745de0febf46,c9ef2dab-c18a-5c65-bdc7-b6b34f18356e,-24.27,USD,-24.27,,2026-06-14,78973b8a-ca75-5365-a413-1efb5fe538d0,confirmed,,manual,{},CVS PHARMACY #4364,0.82,,2026-06-14T00:00:00
c203e408-1c0f-520f-b737-996b246702c1,532788bd-1641-5dc9-b246-c4397ed4af60,859c8fb0-d2a2-5d68-ad57-6ad36dcbffcc,6a8ed953-2c24-5301-8d91-e6aa9dcfeadf,d97309cb-eeb8-505a-9948-eec2d33394db,-77.54,USD,-77.54,,2026-06-15,ccb8e507-d6df-51d3-9c6b-2af43847184c,confirmed,,manual,{},HOME DEPOT #7350 PURCHASE,0.88,,2026-06-15T00:00:00
7d2ff850-e470-5c8c-8d9a-66821dd40a0f,532788bd-1641-5dc9-b246-c4397ed4af60,859c8fb0-d2a2-5d68-ad57-6ad36dcbffcc,6a8ed953-2c24-5301-8d91-e6aa9dcfeadf,234091f8-66bb-5bb3-84d3-5acfb26b89bb,-39.89,USD,-39.89,,2026-06-15,938be465-3e19-5055-b08e-939e392f553f,confirmed,,manual,{},UBER *TRIP 6805,0.92,,2026-06-15T00:00:00
eaaf2240-8aa9-5830-b6a9-fb20a40084d5,532788bd-1641-5dc9-b246-c4397ed4af60,c7c53ab9-c6fe-5a0b-b3a8-36f12237d898,6a8ed953-2c24-5301-8d91-e6aa9dcfeadf,f573b94f-d6d1-51c3-a8dd-9f4c61a57329,-85.99,USD,-85.99,,2026-06-15,06a5f4d3-67e1-5147-a99f-8e6859ddba5e,confirmed,,manual,{},VERIZON WIRELESS 6214,0.89,,2026-06-15T00:00:00
dcbd10ff-89ad-5abe-a519-e79ba12008ab,532788bd-1641-5dc9-b246-c4397ed4af60,859c8fb0-d2a2-5d68-ad57-6ad36dcbffcc,6a8ed953-2c24-5301-8d91-e6aa9dcfeadf,d97309cb-eeb8-505a-9948-eec2d33394db,-294.83,USD,-294.83,,2026-06-16,ccb8e507-d6df-51d3-9c6b-2af43847184c,confirmed,,manual,{'recurring': True},HOME DEPOT #2250 PAYMENT,0.9,,2026-06-16T00:00:00
aabed026-2d77-5c64-99b9-284818f3a903,532788bd-1641-5dc9-b246-c4397ed4af60,c7c53ab9-c6fe-5a0b-b3a8-36f12237d898,6a8ed953-2c24-5301-8d91-e6aa9dcfeadf,d97309cb-eeb8-505a-9948-eec2d33394db,-47.44,USD,-47.44,,2026-06-17,ccb8e507-d6df-51d3-9c6b-2af43847184c,confirmed,,manual,{},HOME DEPOT #1613 ,0.86,,2026-06-17T00:00:00
a4c7b4e3-cd26-5860-87f3-70f458253690,532788bd-1641-5dc9-b246-c4397ed4af60,c7c53ab9-c6fe-5a0b-b3a8-36f12237d898,6a8ed953-2c24-5301-8d91-e6aa9dcfeadf,2b4a9416-2f9a-5c84-8a99-089c2a8da440,-101.79,USD,-101.79,,2026-06-17,0c9330d7-1154-5540-9033-ff3ccdfd842d,confirmed,,manual,{},COMCAST 7750,0.93,,2026-06-17T00:00:00
62684b13-d97e-50ea-bf6c-0483d496daf3,fb1ad2c1-a5b0-5ae0-9d88-507024507a14,494fb35b-ea2e-5ea2-8e6a-da836c11e230,dac49113-c1bb-5b26-8af5-745de0febf46,158297b6-5a99-547c-9a9d-4e9a859d9dab,-3.80,USD,-3.80,,2026-06-17,fa112a1b-3269-5304-b7dc-1ef8de5dddc0,confirmed,,manual,{},STARBUCKS 6231 ,0.76,,2026-06-17T00:00:00
5492fd7e-7542-57a8-b12c-76d661078589,532788bd-1641-5dc9-b246-c4397ed4af60,859c8fb0-d2a2-5d68-ad57-6ad36dcbffcc,6a8ed953-2c24-5301-8d91-e6aa9dcfeadf,4af9f4ae-4781-5cb6-8281-5c9f09d25ac0,-88.17,USD,-88.17,,2026-06-18,c163ef62-5201-5cb2-bf0d-781443a4e5aa,confirmed,,manual,{},TARGET 6430 PAYMENT,1.0,,2026-06-18T00:00:00
3a7a99ef-7a99-512d-9613-4d6017c5c902,fb1ad2c1-a5b0-5ae0-9d88-507024507a14,de3e3182-4126-54b8-a5b3-1fbacfb03c9e,dac49113-c1bb-5b26-8af5-745de0febf46,1796e996-84d5-5ef5-a717-a953e2e49c08,-361.64,USD,-361.64,,2026-06-18,79c60cc2-48aa-5f74-8871-3cb616b26e25,confirmed,,manual,{},MARRIOTT,0.89,,2026-06-18T00:00:00
992e77f1-00cb-5bba-8928-f7c43e7b59f6,532788bd-1641-5dc9-b246-c4397ed4af60,c7c53ab9-c6fe-5a0b-b3a8-36f12237d898,6a8ed953-2c24-5301-8d91-e6aa9dcfeadf,78bab17d-4ce4-5345-97e7-6969d2e7a5e9,-426.05,USD,-426.05,,2026-06-19,7dc4d185-914f-5736-9f4d-8756e08d9766,confirmed,,plaid,{},DELTA AIR LINES 6516,0.9,,2026-06-19T00:00:00
a12fea95-3a61-5787-8b73-bed53a68963c,532788bd-1641-5dc9-b246-c4397ed4af60,c7c53ab9-c6fe-5a0b-b3a8-36f12237d898,6a8ed953-2c24-5301-8d91-e6aa9dcfeadf,f573b94f-d6d1-51c3-a8dd-9f4c61a57329,-79.82,USD,-79.82,,2026-06-19,06a5f4d3-67e1-5147-a99f-8e6859ddba5e,confirmed,,manual,{},VERIZON WIRELESS 8856,0.78,,2026-06-19T00:00:00
2198c308-4f15-5d94-bbcf-483d89692b0a,532788bd-1641-5dc9-b246-c4397ed4af60,859c8fb0-d2a2-5d68-ad57-6ad36dcbffcc,6a8ed953-2c24-5301-8d91-e6aa9dcfeadf,c9ef2dab-c18a-5c65-bdc7-b6b34f18356e,-25.70,USD,-25.70,,2026-06-19,78973b8a-ca75-5365-a413-1efb5fe538d0,draft,,manual,{'recurring': True},CVS PHARMACY #5728,0.83,,2026-06-19T00:00:00
3b6c0d73-bf8b-5a40-b638-5dcc91bd9c29,fb1ad2c1-a5b0-5ae0-9d88-507024507a14,494fb35b-ea2e-5ea2-8e6a-da836c11e230,dac49113-c1bb-5b26-8af5-745de0febf46,d97309cb-eeb8-505a-9948-eec2d33394db,-216.52,USD,-216.52,,2026-06-19,077786c2-88f8-517e-9a65-266b802523c4,confirmed,,manual,{},HOME DEPOT #4090 ,0.92,,2026-06-19T00:00:00
286612ba-d631-5266-8d66-947de5577af7,fb1ad2c1-a5b0-5ae0-9d88-507024507a14,de3e3182-4126-54b8-a5b3-1fbacfb03c9e,dac49113-c1bb-5b26-8af5-745de0febf46,a00cde6f-8b9f-5006-9541-fdeeb8008d4f,-32.21,USD,-32.21,,2026-06-19,c163ef62-5201-5cb2-bf0d-781443a4e5aa,confirmed,,manual,{},Amazon.com 4940 PAYMENT,0.95,,2026-06-19T00:00:00
40fbb30a-4c26-50d6-b4d9-95cd667ae108,532788bd-1641-5dc9-b246-c4397ed4af60,c7c53ab9-c6fe-5a0b-b3a8-36f12237d898,6a8ed953-2c24-5301-8d91-e6aa9dcfeadf,b7475634-9a3f-5b47-9978-5578a1ceb107,-54.44,USD,-54.44,,2026-06-20,bcbbc4c0-8642-5b1f-ad56-562045f80345,confirmed,,manual,{},MACY'S,0.71,,2026-06-20T00:00:00
7bd9ccc9-cb95-5f0a-9e2a-86b1dac15ec9,532788bd-1641-5dc9-b246-c4397ed4af60,c7c53ab9-c6fe-5a0b-b3a8-36f12237d898,6a8ed953-2c24-5301-8d91-e6aa9dcfeadf,b8eadc23-f654-5613-9f2a-cf111cf0ed88,-63.85,USD,-63.85,,2026-06-20,83564403-ac9f-5db5-a4fb-344879db34db,confirmed,,manual,{'recurring': True},TRADER JOE'S #2089,0.89,,2026-06-20T00:00:00
ff3661e0-86a8-5e3a-8d66-c1052070b369,fb1ad2c1-a5b0-5ae0-9d88-507024507a14,de3e3182-4126-54b8-a5b3-1fbacfb03c9e,dac49113-c1bb-5b26-8af5-745de0febf46,c9ef2dab-c18a-5c65-bdc7-b6b34f18356e,-31.00,USD,-31.00,,2026-06-20,71b656bc-548e-5020-b191-229e68650021,confirmed,,manual,{},CVS PHARMACY #2041,0.98,,2026-06-20T00:00:00
4f75e0cc-1379-5424-8679-404f5fe83cd3,fb1ad2c1-a5b0-5ae0-9d88-507024507a14,de3e3182-4126-54b8-a5b3-1fbacfb03c9e,dac49113-c1bb-5b26-8af5-745de0febf46,bbc36a1d-bf0a-5d6c-ae4f-ff309f63cf39,-268.19,USD,-268.19,,2026-06-20,af424ab5-dcc2-5aa4-802d-53e8e99d4579,confirmed,,manual,{},BEST BUY,0.87,,2026-06-20T00:00:00
46085634-8121-52a4-ba2c-5121ae8d0114,532788bd-1641-5dc9-b246-c4397ed4af60,859c8fb0-d2a2-5d68-ad57-6ad36dcbffcc,6a8ed953-2c24-5301-8d91-e6aa9dcfeadf,d97309cb-eeb8-505a-9948-eec2d33394db,-171.41,USD,-171.41,,2026-06-21,077786c2-88f8-517e-9a65-266b802523c4,confirmed,,plaid,{},HOME DEPOT #7641 PAYMENT,0.84,,2026-06-21T00:00:00
d0f26823-b040-5489-b3aa-23c45cbbd895,fb1ad2c1-a5b0-5ae0-9d88-507024507a14,494fb35b-ea2e-5ea2-8e6a-da836c11e230,dac49113-c1bb-5b26-8af5-745de0febf46,4af9f4ae-4781-5cb6-8281-5c9f09d25ac0,-28.50,USD,-28.50,,2026-06-21,af424ab5-dcc2-5aa4-802d-53e8e99d4579,confirmed,,manual,{},TARGET 5739 PURCHASE,0.73,,2026-06-21T00:00:00
4d93b6de-e06a-5eb1-88a2-5c4157386b2e,fb1ad2c1-a5b0-5ae0-9d88-507024507a14,494fb35b-ea2e-5ea2-8e6a-da836c11e230,dac49113-c1bb-5b26-8af5-745de0febf46,2d8b3f27-58fe-5583-8d7e-995c79ade98a,-26.09,USD,-26.09,,2026-06-21,83564403-ac9f-5db5-a4fb-344879db34db,confirmed,,manual,{},KROGER #7102,0.9,,2026-06-21T00:00:00
0c76d102-c0b8-5290-887b-44946c25f6f3,532788bd-1641-5dc9-b246-c4397ed4af60,859c8fb0-d2a2-5d68-ad57-6ad36dcbffcc,6a8ed953-2c24-5301-8d91-e6aa9dcfeadf,68f0922a-39b9-507c-92a6-e2500de5f321,-185.49,USD,-185.49,,2026-06-22,83564403-ac9f-5db5-a4fb-344879db34db,confirmed,,manual,{'recurring': True},COSTCO WHSE #3855,0.74,,2026-06-22T00:00:00
cb8186f3-3728-5e24-9766-8f6b12559c40,532788bd-1641-5dc9-b246-c4397ed4af60,859c8fb0-d2a2-5d68-ad57-6ad36dcbffcc,6a8ed953-2c24-5301-8d91-e6aa9dcfeadf,c9ef2dab-c18a-5c65-bdc7-b6b34f18356e,-32.76,USD,-32.76,,2026-06-22,f4256214-1f20-597d-abac-553feefc5cd8,confirmed,,manual,{},CVS PHARMACY #9388,0.72,,2026-06-22T00:00:00
79cc9aa8-b063-5958-be75-6108b250bfdf,532788bd-1641-5dc9-b246-c4397ed4af60,859c8fb0-d2a2-5d68-ad57-6ad36dcbffcc,6a8ed953-2c24-5301-8d91-e6aa9dcfeadf,d97309cb-eeb8-505a-9948-eec2d33394db,-193.15,USD,-193.15,,2026-06-22,077786c2-88f8-517e-9a65-266b802523c4,confirmed,,plaid,{},HOME DEPOT #6906 PURCHASE,0.95,,2026-06-22T00:00:00
24e05046-469c-54f7-9e8c-8a42048cb965,532788bd-1641-5dc9-b246-c4397ed4af60,859c8fb0-d2a2-5d68-ad57-6ad36dcbffcc,6a8ed953-2c24-5301-8d91-e6aa9dcfeadf,2b4a9416-2f9a-5c84-8a99-089c2a8da440,-106.24,USD,-106.24,,2026-06-22,0c9330d7-1154-5540-9033-ff3ccdfd842d,confirmed,,manual,{'recurring': True},COMCAST 8745,0.91,,2026-06-22T00:00:00
f35103bc-daae-56d8-9de6-5ad1814d5f9b,fb1ad2c1-a5b0-5ae0-9d88-507024507a14,de3e3182-4126-54b8-a5b3-1fbacfb03c9e,dac49113-c1bb-5b26-8af5-745de0febf46,1796e996-84d5-5ef5-a717-a953e2e49c08,-258.58,USD,-258.58,,2026-06-22,7dc4d185-914f-5736-9f4d-8756e08d9766,confirmed,,manual,{},MARRIOTT,0.89,,2026-06-22T00:00:00
0d8e3e03-c399-59f7-a89f-14b1e34bf999,fb1ad2c1-a5b0-5ae0-9d88-507024507a14,494fb35b-ea2e-5ea2-8e6a-da836c11e230,dac49113-c1bb-5b26-8af5-745de0febf46,68f0922a-39b9-507c-92a6-e2500de5f321,-71.61,USD,-71.61,,2026-06-22,83564403-ac9f-5db5-a4fb-344879db34db,confirmed,,manual,{},COSTCO WHSE #9091,0.75,,2026-06-22T00:00:00
09bda18a-6d75-56fa-9c3d-e445fd936b35,532788bd-1641-5dc9-b246-c4397ed4af60,c7c53ab9-c6fe-5a0b-b3a8-36f12237d898,6a8ed953-2c24-5301-8d91-e6aa9dcfeadf,f573b94f-d6d1-51c3-a8dd-9f4c61a57329,-91.99,USD,-91.99,,2026-06-23,06a5f4d3-67e1-5147-a99f-8e6859ddba5e,confirmed,,plaid,{},VERIZON WIRELESS 9193,0.73,,2026-06-23T00:00:00
3dba77cd-506a-594d-83c3-e4542f72e80c,fb1ad2c1-a5b0-5ae0-9d88-507024507a14,494fb35b-ea2e-5ea2-8e6a-da836c11e230,dac49113-c1bb-5b26-8af5-745de0febf46,d97309cb-eeb8-505a-9948-eec2d33394db,-235.88,USD,-235.88,,2026-06-23,ccb8e507-d6df-51d3-9c6b-2af43847184c,confirmed,,manual,{},HOME DEPOT #5487 ,0.74,,2026-06-23T00:00:00
41b3b198-4bcb-5cfd-acdc-4942d4da6d54,fb1ad2c1-a5b0-5ae0-9d88-507024507a14,494fb35b-ea2e-5ea2-8e6a-da836c11e230,dac49113-c1bb-5b26-8af5-745de0febf46,d97309cb-eeb8-505a-9948-eec2d33394db,-128.50,USD,-128.50,,2026-06-23,bdba84aa-8286-5caf-8252-985e2f2f3c1a,confirmed,,manual,{'recurring': True},HOME DEPOT #8242 ,0.92,,2026-06-23T00:00:00
a146ce0c-fd93-5af8-86bb-1ca9c73851cc,fb1ad2c1-a5b0-5ae0-9d88-507024507a14,de3e3182-4126-54b8-a5b3-1fbacfb03c9e,dac49113-c1bb-5b26-8af5-745de0febf46,78bab17d-4ce4-5345-97e7-6969d2e7a5e9,-449.01,USD,-449.01,,2026-06-24,79c60cc2-48aa-5f74-8871-3cb616b26e25,confirmed,,manual,{},DELTA AIR LINES 4526,0.9,,2026-06-24T00:00:00
22d132e0-602c-5821-9f68-84fe6620b829,fb1ad2c1-a5b0-5ae0-9d88-507024507a14,de3e3182-4126-54b8-a5b3-1fbacfb03c9e,dac49113-c1bb-5b26-8af5-745de0febf46,2b4a9416-2f9a-5c84-8a99-089c2a8da440,-128.90,USD,-128.90,,2026-06-24,2d123316-c022-5b31-8284-b23e61b8e6d0,draft,,manual,{},COMCAST 7717,0.97,,2026-06-24T00:00:00
2ed54a3c-59dc-5eed-a428-b9f27fc16915,532788bd-1641-5dc9-b246-c4397ed4af60,859c8fb0-d2a2-5d68-ad57-6ad36dcbffcc,6a8ed953-2c24-5301-8d91-e6aa9dcfeadf,d97309cb-eeb8-505a-9948-eec2d33394db,-47.37,USD,-47.37,,2026-06-25,ccb8e507-d6df-51d3-9c6b-2af43847184c,confirmed,,plaid,{},HOME DEPOT #1555 DEBIT,0.78,,2026-06-25T00:00:00
5c9bf3b2-7513-559e-91b6-4a6a881264df,fb1ad2c1-a5b0-5ae0-9d88-507024507a14,494fb35b-ea2e-5ea2-8e6a-da836c11e230,dac49113-c1bb-5b26-8af5-745de0febf46,5813fb16-6db8-5fd5-9486-97b3414b3ad6,-77.83,USD,-77.83,,2026-06-25,83564403-ac9f-5db5-a4fb-344879db34db,confirmed,,plaid,{'recurring': True},WHOLE FOODS 1779 PAYMENT,0.71,,2026-06-25T00:00:00
072cf640-2df9-5d0c-835d-c71557e53cbe,fb1ad2c1-a5b0-5ae0-9d88-507024507a14,494fb35b-ea2e-5ea2-8e6a-da836c11e230,dac49113-c1bb-5b26-8af5-745de0febf46,4af9f4ae-4781-5cb6-8281-5c9f09d25ac0,-45.12,USD,-45.12,,2026-06-25,c163ef62-5201-5cb2-bf0d-781443a4e5aa,confirmed,,manual,{},TARGET 2005 ,0.98,,2026-06-25T00:00:00
5f995336-963f-57f9-81da-e1b497693e08,532788bd-1641-5dc9-b246-c4397ed4af60,859c8fb0-d2a2-5d68-ad57-6ad36dcbffcc,6a8ed953-2c24-5301-8d91-e6aa9dcfeadf,158297b6-5a99-547c-9a9d-4e9a859d9dab,-12.49,USD,-12.49,,2026-06-26,5638caff-364a-55b0-9433-607e4844f64b,confirmed,,manual,{'recurring': True},STARBUCKS 3215 DEBIT,0.95,,2026-06-26T00:00:00
5a1244c4-8b21-5aa1-b2a8-4ff228b46588,fb1ad2c1-a5b0-5ae0-9d88-507024507a14,494fb35b-ea2e-5ea2-8e6a-da836c11e230,dac49113-c1bb-5b26-8af5-745de0febf46,bbc36a1d-bf0a-5d6c-ae4f-ff309f63cf39,-286.71,USD,-286.71,,2026-06-26,c41a2c56-8547-5a0c-aaec-8c24b93da49d,confirmed,,plaid,{'recurring': True},BEST BUY,0.84,,2026-06-26T00:00:00
e2b135be-1205-5589-b0f6-47f135bf92aa,532788bd-1641-5dc9-b246-c4397ed4af60,c7c53ab9-c6fe-5a0b-b3a8-36f12237d898,6a8ed953-2c24-5301-8d91-e6aa9dcfeadf,1796e996-84d5-5ef5-a717-a953e2e49c08,-269.11,USD,-269.11,,2026-06-27,79c60cc2-48aa-5f74-8871-3cb616b26e25,confirmed,,manual,{},MARRIOTT,0.72,,2026-06-27T00:00:00
0d9bac82-35cb-5b6f-8f61-27f2f6cb5f83,532788bd-1641-5dc9-b246-c4397ed4af60,859c8fb0-d2a2-5d68-ad57-6ad36dcbffcc,6a8ed953-2c24-5301-8d91-e6aa9dcfeadf,d97309cb-eeb8-505a-9948-eec2d33394db,-190.18,USD,-190.18,,2026-06-27,ccb8e507-d6df-51d3-9c6b-2af43847184c,confirmed,,plaid,{},HOME DEPOT #3000 PAYMENT,0.79,,2026-06-27T00:00:00
13150fa6-cd33-5600-bc81-eb183173f629,532788bd-1641-5dc9-b246-c4397ed4af60,c7c53ab9-c6fe-5a0b-b3a8-36f12237d898,6a8ed953-2c24-5301-8d91-e6aa9dcfeadf,5813fb16-6db8-5fd5-9486-97b3414b3ad6,-37.55,USD,-37.55,,2026-06-27,83564403-ac9f-5db5-a4fb-344879db34db,confirmed,,manual,{},WHOLE FOODS 2229 DEBIT,0.92,,2026-06-27T00:00:00
c5a22368-42a2-5294-9251-8254830fbf33,532788bd-1641-5dc9-b246-c4397ed4af60,c7c53ab9-c6fe-5a0b-b3a8-36f12237d898,6a8ed953-2c24-5301-8d91-e6aa9dcfeadf,1796e996-84d5-5ef5-a717-a953e2e49c08,-344.57,USD,-344.57,,2026-06-27,79c60cc2-48aa-5f74-8871-3cb616b26e25,confirmed,,plaid,{},MARRIOTT,0.92,,2026-06-27T00:00:00
e214cd7e-ded9-5326-b625-2da015efb371,fb1ad2c1-a5b0-5ae0-9d88-507024507a14,494fb35b-ea2e-5ea2-8e6a-da836c11e230,dac49113-c1bb-5b26-8af5-745de0febf46,f573b94f-d6d1-51c3-a8dd-9f4c61a57329,-81.83,USD,-81.83,,2026-06-27,bf16b8ec-849c-50c6-9240-c9ae62d9ba69,confirmed,,manual,{},VERIZON WIRELESS 1369,0.77,,2026-06-27T00:00:00
17176e02-7836-538f-9b6c-34c85c24f602,fb1ad2c1-a5b0-5ae0-9d88-507024507a14,de3e3182-4126-54b8-a5b3-1fbacfb03c9e,dac49113-c1bb-5b26-8af5-745de0febf46,f573b94f-d6d1-51c3-a8dd-9f4c61a57329,-81.94,USD,-81.94,,2026-06-27,06a5f4d3-67e1-5147-a99f-8e6859ddba5e,draft,,manual,{},VERIZON WIRELESS 1084,0.88,,2026-06-27T00:00:00
8c911fc8-ab4c-513e-8856-6ef448a57b9a,532788bd-1641-5dc9-b246-c4397ed4af60,859c8fb0-d2a2-5d68-ad57-6ad36dcbffcc,6a8ed953-2c24-5301-8d91-e6aa9dcfeadf,d97309cb-eeb8-505a-9948-eec2d33394db,-69.77,USD,-69.77,,2026-06-28,ccb8e507-d6df-51d3-9c6b-2af43847184c,confirmed,,plaid,{},HOME DEPOT #6753 PURCHASE,0.75,,2026-06-28T00:00:00
f89e2b26-5abd-5f01-9d3a-cd68e5c3a1db,532788bd-1641-5dc9-b246-c4397ed4af60,c7c53ab9-c6fe-5a0b-b3a8-36f12237d898,6a8ed953-2c24-5301-8d91-e6aa9dcfeadf,234091f8-66bb-5bb3-84d3-5acfb26b89bb,-24.83,USD,-24.83,,2026-06-28,faa9d7bb-1220-5a93-8675-adf7fee33a10,confirmed,,manual,{},UBER *TRIP 1523,0.87,,2026-06-28T00:00:00
9bcd810f-a9ee-516d-9649-f0b2fed8cd1b,532788bd-1641-5dc9-b246-c4397ed4af60,859c8fb0-d2a2-5d68-ad57-6ad36dcbffcc,6a8ed953-2c24-5301-8d91-e6aa9dcfeadf,d97309cb-eeb8-505a-9948-eec2d33394db,-215.79,USD,-215.79,,2026-06-28,bdba84aa-8286-5caf-8252-985e2f2f3c1a,confirmed,,manual,{'recurring': True},HOME DEPOT #1486 PAYMENT,0.75,,2026-06-28T00:00:00
57fd4002-13a2-5c4e-a1db-5ce42d6ed841,fb1ad2c1-a5b0-5ae0-9d88-507024507a14,de3e3182-4126-54b8-a5b3-1fbacfb03c9e,dac49113-c1bb-5b26-8af5-745de0febf46,d97309cb-eeb8-505a-9948-eec2d33394db,-48.53,USD,-48.53,,2026-06-28,bdba84aa-8286-5caf-8252-985e2f2f3c1a,confirmed,,manual,{},HOME DEPOT #1670 ,0.86,,2026-06-28T00:00:00
03018656-b54d-5c14-88f1-b54079400883,532788bd-1641-5dc9-b246-c4397ed4af60,c7c53ab9-c6fe-5a0b-b3a8-36f12237d898,6a8ed953-2c24-5301-8d91-e6aa9dcfeadf,b7475634-9a3f-5b47-9978-5578a1ceb107,-37.76,USD,-37.76,,2026-06-29,ba8264d5-be92-573d-bee0-fc77ba1eba53,confirmed,,manual,{'recurring': True},MACY'S,0.78,,2026-06-29T00:00:00
a9d7c03f-64f7-5a01-bda7-a76fd9f95a26,fb1ad2c1-a5b0-5ae0-9d88-507024507a14,de3e3182-4126-54b8-a5b3-1fbacfb03c9e,dac49113-c1bb-5b26-8af5-745de0febf46,d97309cb-eeb8-505a-9948-eec2d33394db,-249.81,USD,-249.81,,2026-06-29,ccb8e507-d6df-51d3-9c6b-2af43847184c,confirmed,,manual,{},HOME DEPOT #4924 ,0.8,,2026-06-29T00:00:00
d7e79cfd-604f-5430-b210-5fe991cc616c,fb1ad2c1-a5b0-5ae0-9d88-507024507a14,de3e3182-4126-54b8-a5b3-1fbacfb03c9e,dac49113-c1bb-5b26-8af5-745de0febf46,68f0922a-39b9-507c-92a6-e2500de5f321,-170.35,USD,-170.35,,2026-06-29,83564403-ac9f-5db5-a4fb-344879db34db,confirmed,,manual,{},COSTCO WHSE #7181,0.84,,2026-06-29T00:00:00
9c88dc49-20b1-52a5-b46c-c72b080c6819,532788bd-1641-5dc9-b246-c4397ed4af60,c7c53ab9-c6fe-5a0b-b3a8-36f12237d898,6a8ed953-2c24-5301-8d91-e6aa9dcfeadf,2d8b3f27-58fe-5583-8d7e-995c79ade98a,-28.66,USD,-28.66,,2026-06-30,83564403-ac9f-5db5-a4fb-344879db34db,confirmed,,manual,{'recurring': True},KROGER #5413,0.75,,2026-06-30T00:00:00
1560e2f8-e62e-5907-ad13-e70ad42790c4,532788bd-1641-5dc9-b246-c4397ed4af60,c7c53ab9-c6fe-5a0b-b3a8-36f12237d898,6a8ed953-2c24-5301-8d91-e6aa9dcfeadf,234091f8-66bb-5bb3-84d3-5acfb26b89bb,-31.81,USD,-31.81,,2026-06-30,d765f3b4-e63d-5ea7-8e05-58458f986634,confirmed,,manual,{},UBER *TRIP 4483,0.84,,2026-06-30T00:00:00
81544292-f21e-5d8c-ad13-445b75bd80ad,fb1ad2c1-a5b0-5ae0-9d88-507024507a14,de3e3182-4126-54b8-a5b3-1fbacfb03c9e,dac49113-c1bb-5b26-8af5-745de0febf46,d97309cb-eeb8-505a-9948-eec2d33394db,-108.37,USD,-108.37,,2026-06-30,bdba84aa-8286-5caf-8252-985e2f2f3c1a,confirmed,,manual,{},HOME DEPOT #8512 PAYMENT,0.95,,2026-06-30T00:00:00
6af82025-1d7b-51be-b2ab-665e484d84a4,532788bd-1641-5dc9-b246-c4397ed4af60,859c8fb0-d2a2-5d68-ad57-6ad36dcbffcc,6a8ed953-2c24-5301-8d91-e6aa9dcfeadf,,2959.46,USD,2959.46,,2025-07-01,6c0c2abf-7cfa-5a47-8849-03157cb7d806,confirmed,,manual,{},Paycheck - Acme Corp,1.0,,2025-07-01T00:00:00
b3719141-a7fd-506a-ac8f-aa8fdd783a56,532788bd-1641-5dc9-b246-c4397ed4af60,859c8fb0-d2a2-5d68-ad57-6ad36dcbffcc,6a8ed953-2c24-5301-8d91-e6aa9dcfeadf,,2959.75,USD,2959.75,,2025-07-15,6c0c2abf-7cfa-5a47-8849-03157cb7d806,confirmed,,manual,{},Paycheck - Acme Corp,1.0,,2025-07-15T00:00:00
f5517074-1dae-5bab-87cc-d18fd73f9c2a,532788bd-1641-5dc9-b246-c4397ed4af60,859c8fb0-d2a2-5d68-ad57-6ad36dcbffcc,6a8ed953-2c24-5301-8d91-e6aa9dcfeadf,,2994.26,USD,2994.26,,2025-08-01,6c0c2abf-7cfa-5a47-8849-03157cb7d806,confirmed,,manual,{},Paycheck - Acme Corp,1.0,,2025-08-01T00:00:00
1ca273d3-9e79-576c-8754-732369d1f173,532788bd-1641-5dc9-b246-c4397ed4af60,859c8fb0-d2a2-5d68-ad57-6ad36dcbffcc,6a8ed953-2c24-5301-8d91-e6aa9dcfeadf,,2968.70,USD,2968.70,,2025-08-15,6c0c2abf-7cfa-5a47-8849-03157cb7d806,confirmed,,manual,{},Paycheck - Acme Corp,1.0,,2025-08-15T00:00:00
983ebb8d-0470-5ab4-a5f2-94d138c536e3,532788bd-1641-5dc9-b246-c4397ed4af60,859c8fb0-d2a2-5d68-ad57-6ad36dcbffcc,6a8ed953-2c24-5301-8d91-e6aa9dcfeadf,,3031.55,USD,3031.55,,2025-09-01,6c0c2abf-7cfa-5a47-8849-03157cb7d806,confirmed,,manual,{},Paycheck - Acme Corp,1.0,,2025-09-01T00:00:00
bfbdaa1b-f6fa-5f28-98e3-417d713014e3,532788bd-1641-5dc9-b246-c4397ed4af60,859c8fb0-d2a2-5d68-ad57-6ad36dcbffcc,6a8ed953-2c24-5301-8d91-e6aa9dcfeadf,,2966.59,USD,2966.59,,2025-09-15,6c0c2abf-7cfa-5a47-8849-03157cb7d806,confirmed,,manual,{},Paycheck - Acme Corp,1.0,,2025-09-15T00:00:00
366f7f45-2aac-511a-b7c0-70b49f5cce76,532788bd-1641-5dc9-b246-c4397ed4af60,859c8fb0-d2a2-5d68-ad57-6ad36dcbffcc,6a8ed953-2c24-5301-8d91-e6aa9dcfeadf,,2957.33,USD,2957.33,,2025-10-01,6c0c2abf-7cfa-5a47-8849-03157cb7d806,confirmed,,manual,{},Paycheck - Acme Corp,1.0,,2025-10-01T00:00:00
a740b7ff-6be0-5e3f-9ec1-54c0835f2e1f,532788bd-1641-5dc9-b246-c4397ed4af60,859c8fb0-d2a2-5d68-ad57-6ad36dcbffcc,6a8ed953-2c24-5301-8d91-e6aa9dcfeadf,,3035.38,USD,3035.38,,2025-10-15,6c0c2abf-7cfa-5a47-8849-03157cb7d806,confirmed,,manual,{},Paycheck - Acme Corp,1.0,,2025-10-15T00:00:00
f6328a23-37d0-5a7a-9fad-d9cb1851d3a6,532788bd-1641-5dc9-b246-c4397ed4af60,859c8fb0-d2a2-5d68-ad57-6ad36dcbffcc,6a8ed953-2c24-5301-8d91-e6aa9dcfeadf,,3021.08,USD,3021.08,,2025-11-01,6c0c2abf-7cfa-5a47-8849-03157cb7d806,confirmed,,manual,{},Paycheck - Acme Corp,1.0,,2025-11-01T00:00:00
f10398d9-c902-5e55-8dbc-1c48d287fa2c,532788bd-1641-5dc9-b246-c4397ed4af60,859c8fb0-d2a2-5d68-ad57-6ad36dcbffcc,6a8ed953-2c24-5301-8d91-e6aa9dcfeadf,,2974.93,USD,2974.93,,2025-11-15,6c0c2abf-7cfa-5a47-8849-03157cb7d806,confirmed,,manual,{},Paycheck - Acme Corp,1.0,,2025-11-15T00:00:00
2493d4fc-376a-5f01-add3-0e9611b82301,532788bd-1641-5dc9-b246-c4397ed4af60,859c8fb0-d2a2-5d68-ad57-6ad36dcbffcc,6a8ed953-2c24-5301-8d91-e6aa9dcfeadf,,2961.75,USD,2961.75,,2025-12-01,6c0c2abf-7cfa-5a47-8849-03157cb7d806,confirmed,,manual,{},Paycheck - Acme Corp,1.0,,2025-12-01T00:00:00
ef5e027e-c8de-556b-915d-cab599655e98,532788bd-1641-5dc9-b246-c4397ed4af60,859c8fb0-d2a2-5d68-ad57-6ad36dcbffcc,6a8ed953-2c24-5301-8d91-e6aa9dcfeadf,,2966.67,USD,2966.67,,2025-12-15,6c0c2abf-7cfa-5a47-8849-03157cb7d806,confirmed,,manual,{},Paycheck - Acme Corp,1.0,,2025-12-15T00:00:00
cb50c943-0ec7-5673-a507-63b637727d0d,532788bd-1641-5dc9-b246-c4397ed4af60,859c8fb0-d2a2-5d68-ad57-6ad36dcbffcc,6a8ed953-2c24-5301-8d91-e6aa9dcfeadf,,2949.91,USD,2949.91,,2026-01-01,6c0c2abf-7cfa-5a47-8849-03157cb7d806,confirmed,,manual,{},Paycheck - Acme Corp,1.0,,2026-01-01T00:00:00
9e2845bd-58fc-5be6-85ed-56b5eed78bba,532788bd-1641-5dc9-b246-c4397ed4af60,859c8fb0-d2a2-5d68-ad57-6ad36dcbffcc,6a8ed953-2c24-5301-8d91-e6aa9dcfeadf,,3016.80,USD,3016.80,,2026-01-15,6c0c2abf-7cfa-5a47-8849-03157cb7d806,confirmed,,manual,{},Paycheck - Acme Corp,1.0,,2026-01-15T00:00:00
3caf9a25-349a-5056-ae35-652f1a5827eb,532788bd-1641-5dc9-b246-c4397ed4af60,859c8fb0-d2a2-5d68-ad57-6ad36dcbffcc,6a8ed953-2c24-5301-8d91-e6aa9dcfeadf,,3050.59,USD,3050.59,,2026-02-01,6c0c2abf-7cfa-5a47-8849-03157cb7d806,confirmed,,manual,{},Paycheck - Acme Corp,1.0,,2026-02-01T00:00:00
dc6d0942-2988-5224-bfb4-cc919c67dc6a,532788bd-1641-5dc9-b246-c4397ed4af60,859c8fb0-d2a2-5d68-ad57-6ad36dcbffcc,6a8ed953-2c24-5301-8d91-e6aa9dcfeadf,,2956.72,USD,2956.72,,2026-02-15,6c0c2abf-7cfa-5a47-8849-03157cb7d806,confirmed,,manual,{},Paycheck - Acme Corp,1.0,,2026-02-15T00:00:00
27e5f114-5821-5b55-a1c5-0e9383761f3b,532788bd-1641-5dc9-b246-c4397ed4af60,859c8fb0-d2a2-5d68-ad57-6ad36dcbffcc,6a8ed953-2c24-5301-8d91-e6aa9dcfeadf,,2986.42,USD,2986.42,,2026-03-01,6c0c2abf-7cfa-5a47-8849-03157cb7d806,confirmed,,manual,{},Paycheck - Acme Corp,1.0,,2026-03-01T00:00:00
021af807-8a78-5de0-86b7-5b64bba18d84,532788bd-1641-5dc9-b246-c4397ed4af60,859c8fb0-d2a2-5d68-ad57-6ad36dcbffcc,6a8ed953-2c24-5301-8d91-e6aa9dcfeadf,,2945.53,USD,2945.53,,2026-03-15,6c0c2abf-7cfa-5a47-8849-03157cb7d806,confirmed,,manual,{},Paycheck - Acme Corp,1.0,,2026-03-15T00:00:00
568e6275-9224-5785-8995-ea571187b74e,532788bd-1641-5dc9-b246-c4397ed4af60,859c8fb0-d2a2-5d68-ad57-6ad36dcbffcc,6a8ed953-2c24-5301-8d91-e6aa9dcfeadf,,2942.43,USD,2942.43,,2026-04-01,6c0c2abf-7cfa-5a47-8849-03157cb7d806,confirmed,,manual,{},Paycheck - Acme Corp,1.0,,2026-04-01T00:00:00
9cdd8108-97d1-582b-954e-3dfdeea8820d,532788bd-1641-5dc9-b246-c4397ed4af60,859c8fb0-d2a2-5d68-ad57-6ad36dcbffcc,6a8ed953-2c24-5301-8d91-e6aa9dcfeadf,,3039.38,USD,3039.38,,2026-04-15,6c0c2abf-7cfa-5a47-8849-03157cb7d806,confirmed,,manual,{},Paycheck - Acme Corp,1.0,,2026-04-15T00:00:00
37da236f-b5b2-55eb-84fd-6809c11c4a67,532788bd-1641-5dc9-b246-c4397ed4af60,859c8fb0-d2a2-5d68-ad57-6ad36dcbffcc,6a8ed953-2c24-5301-8d91-e6aa9dcfeadf,,3012.61,USD,3012.61,,2026-05-01,6c0c2abf-7cfa-5a47-8849-03157cb7d806,confirmed,,manual,{},Paycheck - Acme Corp,1.0,,2026-05-01T00:00:00
b92a706c-7443-58af-9a69-92e86cfffa1e,532788bd-1641-5dc9-b246-c4397ed4af60,859c8fb0-d2a2-5d68-ad57-6ad36dcbffcc,6a8ed953-2c24-5301-8d91-e6aa9dcfeadf,,2987.08,USD,2987.08,,2026-05-15,6c0c2abf-7cfa-5a47-8849-03157cb7d806,confirmed,,manual,{},Paycheck - Acme Corp,1.0,,2026-05-15T00:00:00
3ca9e885-2767-5d78-95fe-8e388b27d7b0,532788bd-1641-5dc9-b246-c4397ed4af60,859c8fb0-d2a2-5d68-ad57-6ad36dcbffcc,6a8ed953-2c24-5301-8d91-e6aa9dcfeadf,,3048.58,USD,3048.58,,2026-06-01,6c0c2abf-7cfa-5a47-8849-03157cb7d806,confirmed,,manual,{},Paycheck - Acme Corp,1.0,,2026-06-01T00:00:00
6cd75ddb-60ff-5d0c-a3de-ccebc68d73f4,532788bd-1641-5dc9-b246-c4397ed4af60,859c8fb0-d2a2-5d68-ad57-6ad36dcbffcc,6a8ed953-2c24-5301-8d91-e6aa9dcfeadf,,3022.82,USD,3022.82,,2026-06-15,6c0c2abf-7cfa-5a47-8849-03157cb7d806,confirmed,,manual,{},Paycheck - Acme Corp,1.0,,2026-06-15T00:00:00
878371fe-deeb-5bac-a0ad-c06c757ff161,fb1ad2c1-a5b0-5ae0-9d88-507024507a14,494fb35b-ea2e-5ea2-8e6a-da836c11e230,dac49113-c1bb-5b26-8af5-745de0febf46,,3012.01,USD,3012.01,,2025-07-28,6c0c2abf-7cfa-5a47-8849-03157cb7d806,confirmed,,manual,{},Paycheck - Freelance Client,1.0,,2025-07-28T00:00:00
b2e46bc8-aacf-5042-9a1f-69dcbb27609a,fb1ad2c1-a5b0-5ae0-9d88-507024507a14,494fb35b-ea2e-5ea2-8e6a-da836c11e230,dac49113-c1bb-5b26-8af5-745de0febf46,,2993.11,USD,2993.11,,2025-08-28,6c0c2abf-7cfa-5a47-8849-03157cb7d806,confirmed,,manual,{},Paycheck - Freelance Client,1.0,,2025-08-28T00:00:00
c633478b-2e56-544e-b209-1565aa24092d,fb1ad2c1-a5b0-5ae0-9d88-507024507a14,494fb35b-ea2e-5ea2-8e6a-da836c11e230,dac49113-c1bb-5b26-8af5-745de0febf46,,2951.91,USD,2951.91,,2025-09-28,6c0c2abf-7cfa-5a47-8849-03157cb7d806,confirmed,,manual,{},Paycheck - Freelance Client,1.0,,2025-09-28T00:00:00
fe03c49a-db5b-5700-88ec-9e268c8bcfeb,fb1ad2c1-a5b0-5ae0-9d88-507024507a14,494fb35b-ea2e-5ea2-8e6a-da836c11e230,dac49113-c1bb-5b26-8af5-745de0febf46,,2975.46,USD,2975.46,,2025-10-28,6c0c2abf-7cfa-5a47-8849-03157cb7d806,confirmed,,manual,{},Paycheck - Freelance Client,1.0,,2025-10-28T00:00:00
25c5d60c-0b2e-554e-8467-fd8376fda4f5,fb1ad2c1-a5b0-5ae0-9d88-507024507a14,494fb35b-ea2e-5ea2-8e6a-da836c11e230,dac49113-c1bb-5b26-8af5-745de0febf46,,2958.84,USD,2958.84,,2025-11-28,6c0c2abf-7cfa-5a47-8849-03157cb7d806,confirmed,,manual,{},Paycheck - Freelance Client,1.0,,2025-11-28T00:00:00
81f0e001-4dd1-5169-93da-ed37a298dea3,fb1ad2c1-a5b0-5ae0-9d88-507024507a14,494fb35b-ea2e-5ea2-8e6a-da836c11e230,dac49113-c1bb-5b26-8af5-745de0febf46,,2956.66,USD,2956.66,,2025-12-28,6c0c2abf-7cfa-5a47-8849-03157cb7d806,confirmed,,manual,{},Paycheck - Freelance Client,1.0,,2025-12-28T00:00:00
4e2fedd3-19a6-58e3-a9df-91db35158f5c,fb1ad2c1-a5b0-5ae0-9d88-507024507a14,494fb35b-ea2e-5ea2-8e6a-da836c11e230,dac49113-c1bb-5b26-8af5-745de0febf46,,2955.72,USD,2955.72,,2026-01-28,6c0c2abf-7cfa-5a47-8849-03157cb7d806,confirmed,,manual,{},Paycheck - Freelance Client,1.0,,2026-01-28T00:00:00
700b6c0f-3735-55da-9d9b-858a994da335,fb1ad2c1-a5b0-5ae0-9d88-507024507a14,494fb35b-ea2e-5ea2-8e6a-da836c11e230,dac49113-c1bb-5b26-8af5-745de0febf46,,2976.24,USD,2976.24,,2026-02-28,6c0c2abf-7cfa-5a47-8849-03157cb7d806,confirmed,,manual,{},Paycheck - Freelance Client,1.0,,2026-02-28T00:00:00
d37e1b67-622a-570e-bb1d-24d953bd08ab,fb1ad2c1-a5b0-5ae0-9d88-507024507a14,494fb35b-ea2e-5ea2-8e6a-da836c11e230,dac49113-c1bb-5b26-8af5-745de0febf46,,2988.87,USD,2988.87,,2026-03-28,6c0c2abf-7cfa-5a47-8849-03157cb7d806,confirmed,,manual,{},Paycheck - Freelance Client,1.0,,2026-03-28T00:00:00
e3e6db48-af5b-5c00-b2a8-053a9e0077fd,fb1ad2c1-a5b0-5ae0-9d88-507024507a14,494fb35b-ea2e-5ea2-8e6a-da836c11e230,dac49113-c1bb-5b26-8af5-745de0febf46,,3004.99,USD,3004.99,,2026-04-28,6c0c2abf-7cfa-5a47-8849-03157cb7d806,confirmed,,manual,{},Paycheck - Freelance Client,1.0,,2026-04-28T00:00:00
6a91b238-6b66-5d3d-a2cc-184638d3837a,fb1ad2c1-a5b0-5ae0-9d88-507024507a14,494fb35b-ea2e-5ea2-8e6a-da836c11e230,dac49113-c1bb-5b26-8af5-745de0febf46,,3032.29,USD,3032.29,,2026-05-28,6c0c2abf-7cfa-5a47-8849-03157cb7d806,confirmed,,manual,{},Paycheck - Freelance Client,1.0,,2026-05-28T00:00:00
7d011872-5482-5904-a85d-bf9a41dcbc18,fb1ad2c1-a5b0-5ae0-9d88-507024507a14,494fb35b-ea2e-5ea2-8e6a-da836c11e230,dac49113-c1bb-5b26-8af5-745de0febf46,,3048.62,USD,3048.62,,2026-06-28,6c0c2abf-7cfa-5a47-8849-03157cb7d806,confirmed,,manual,{},Paycheck - Freelance Client,1.0,,2026-06-28T00:00:00
